tree
version=v4
num_class=1
num_tree_per_iteration=1
label_index=0
max_feature_idx=8
objective=binary sigmoid:1
feature_names=Elevation_m Slope_deg NDVI Rainfall_mm Dist_River_m topographic_wet_index elevation_to_river LC_codes PS_codes
feature_infos=[-1.2200865290987353:4.9796328604002511] [-0.72447067264093146:6.760100979610959] [-6.0427825737509853:1.9882312578225951] [-2.0144142309675761:3.0304649207240431] [-0.90268585120760458:6.6063817452031497] [-1.1007807992526373:6.254594503174018] [-0.1934072636204219:19.747949705557652] [-3.3096800758384219:3.196214181937918] [-1.4422119937586304:0.70145570959854098]
tree_sizes=3397 3399 3388 3394 3404 3401 3407 3421 3402 3404 3425 3408 3423 3435 3415 3436 3421 3414 3416 3431 3427 3428 3425 3433 3421 3436 3445 3438 3437 3441 3428 3443 3444 3435 3437 3445 3447 3437 3438 3462 3440 3443 3433 3432 3444 3450 3444 3440 3452 3461 3465 3420 3439 3463 3442 3439 3455 3433 3445 3429 3435 3442 3439 3434 3426 3446 3414 3445 3462 3421 3429 3428 3420 3447 3408 3422 3449 3451 3429 3438 3426 3417 3432 3445 3391 3437 3441 3422 3422 3392 3420 3418 3445 3445 3418 3429 3420 3434 3419 3446

Tree=0
num_leaves=31
num_cat=0
split_feature=2 1 6 8 8 4 2 7 7 2 0 4 0 6 3 2 3 4 3 3 7 7 6 3 2 0 1 4 1 2
split_gain=3168.27 2972.53 1344.39 957.576 763.909 460.146 435.965 420.847 414.932 369.414 299.933 280.591 279.367 239.893 169.013 169.007 144.693 122.474 121.025 91.5854 192.685 110.754 90.3381 88.9912 87.7117 81.7581 105.84 75.3349 93.0775 75.0441
threshold=-1.5313107929697851 2.9995721923299277 -0.14027687583084023 -1.4379675927874975 0.70096686624254934 0.105373618843861 0.58506821362589456 1.3364688167677514 0.40841740954183336 -1.2379334179491499 -1.0287102571191395 -0.8384523842426721 -0.37132240190955007 -0.12153458447338859 1.2817273420406872 0.6223107118133776 -0.62889060910749695 -0.30319222816661012 1.2745228895294078 0.66151323493740233 -0.52978138065229585 -1.439528444765199 -0.029621139367033738 0.84421440435286144 0.67108171330716482 -1.1722584671325122 -0.50225133925713228 -0.39065388537473045 0.85320991562364579 0.86817270414792469
decision_type=2 2 2 2 2 2 2 2 2 2 2 2 2 2 2 2 2 2 2 2 2 2 2 2 2 2 2 2 2 2
left_child=5 2 9 27 -5 12 -3 8 11 10 -2 -6 16 15 29 -9 17 25 -8 -11 21 24 -18 -17 -21 -1 -27 -4 -29 -13
right_child=1 6 3 4 7 -7 18 13 -10 19 -12 14 -14 -15 -16 23 22 -19 -20 20 -22 -23 -24 -25 -26 26 -28 28 -30 -31
leaf_value=0.19108995765331047 0.13333854606304735 -0.16286154577894732 -0.19999996290441122 0.18479727016153166 -0.19697167384069172 -0.19999996290441122 0.18134762067289634 -0.19999996290441122 0.20000003709558881 -0.19262404308766906 -0.18281260882765885 -0.04374109218905161 -0.19999996290441122 -0.19999996290441122 0.1315091675097107 0.13721427082473367 0.17895192975054502 -0.19999996290441122 -0.19999996290441122 -0.15511546521790284 -0.16892071092961072 0.20000003709558881 -0.19999996290441122 -0.19999996290441122 0.10270959935822585 0.10492875812279749 -0.098359506124539212 -0.19999996290441122 0.058832076901877875 0.092366170591885857
leaf_weight=87.539425373077393 74.104160308837891 40.841142058372498 251.21960008144379 230.87406194210052 71.552679121494293 39.161658227443695 550.58706712722778 29.086874783039093 111.59133076667786 910.68615609407425 50.428284585475922 235.73684549331665 22.587014496326447 163.79647922515869 98.697165608406067 55.903188943862915 855.40294426679611 13.324713587760924 8.4498183727264387 38.620406925678253 341.62429636716843 21.126514077186584 6.3373637795448294 9.0998044013977033 20.042648911476135 180.49227213859558 29.845898330211639 27.94939923286438 27.626071572303772 48.914779365062714
leaf_count=170 190 235 1546 464 438 241 1127 179 206 5532 301 1054 139 1008 255 141 1773 82 52 219 1988 39 39 56 58 518 151 172 93 147
internal_value=4.08051e-08 -0.0495895 -0.0926075 -0.0211878 0.0240224 0.137302 0.152541 -0.021004 0.0272037 -0.15939 0.005316 -0.0151848 0.14835 -0.126901 0.018746 0.000354777 0.155058 0.0966129 0.175584 -0.174787 -0.136242 0.00367534 0.176165 0.0900075 -0.0670277 0.109881 0.0760832 -0.176693 -0.0713369 -0.0203523
internal_weight=4653.25 3418.56 2818.68 1362.05 1055.25 1234.69 599.878 824.379 566.493 1456.63 124.532 454.901 1195.53 257.886 383.349 94.0899 1172.94 311.202 559.037 1332.1 421.414 79.7896 861.74 65.003 58.6631 297.878 210.338 306.795 55.5755 284.652
internal_count=18613 15500 14086 5759 3948 3113 1414 3484 2100 8327 491 1894 2872 1384 1456 376 2733 921 1179 7836 2304 316 1812 197 277 839 669 1811 265 1201
is_linear=0
shrinkage=1


Tree=1
num_leaves=31
num_cat=0
split_feature=2 1 6 8 8 4 7 4 2 2 0 0 7 7 6 2 3 3 3 4 6 3 7 7 2 3 1 1 1 0
split_gain=2586.97 2433.84 1054.69 769.809 561.107 375.853 327.078 337.869 304.392 297.372 249.713 228.158 215.636 207.152 188.985 142.424 135.269 133.202 119.736 84.3609 79.8635 77.9579 168.741 80.64 74.3112 72.59 70.7045 70.8408 99.9591 146.332
threshold=-1.5313107929697851 2.3215106481594692 -0.14153335492181982 -1.4379675927874975 0.70096686624254934 0.105373618843861 1.3364688167677514 -0.8384523842426721 -1.2379334179491499 0.58506821362589456 -1.0287102571191395 -0.37132240190955007 0.40841740954183336 -0.52978138065229585 -0.12153458447338859 0.6223107118133776 1.2745228895294078 1.2817273420406872 -0.694009446846935 -0.30319222816661012 -0.029621139367033738 0.71599132976808433 -0.52978138065229585 -1.439528444765199 0.67108171330716482 0.84421440435286144 -0.65630011758114581 0.54726518288879611 0.19765773527544822 -0.097786126376738239
decision_type=2 2 2 2 2 2 2 2 2 2 2 2 2 2 2 2 2 2 2 2 2 2 2 2 2 2 2 2 2 2
left_child=5 2 8 -4 -5 11 7 -6 10 13 -2 18 17 -3 15 -8 -11 26 19 -1 -20 -10 23 24 -23 -17 -9 28 29 -28
right_child=1 9 3 4 6 -7 14 12 21 16 -12 -13 -14 -15 -16 25 -18 -19 20 -21 -22 22 -24 -25 -26 -27 27 -29 -30 -31
leaf_value=0.095481221113332293 0.12055864507320174 0.18031538777560274 -0.16127737928369479 0.16715928347584119 -0.17906362911621693 -0.18187308279278655 -0.18192026263176919 -0.17886407287766407 -0.17620031038132383 0.15835393134084041 -0.17010981516520018 -0.18187308279278655 0.18187307464779234 -0.18491036731797666 -0.18187308279278655 0.12409658743316598 -0.18215320163214968 0.11977821787605727 0.16154897898867493 -0.18187308279278655 -0.18348246424050665 -0.13677652920529931 -0.15534974997685988 0.18187307464779234 0.10821083717347064 -0.18187308279278655 0.037877456558219058 -0.15180117861154194 0.13713810302961668 -0.16596006562124857
leaf_weight=274.67271313071251 73.775757968425751 23.048996537923813 304.58972927927971 206.41015765070915 70.863119781017303 38.772636488080025 30.086609736084938 24.143232822418213 918.0834818482399 573.26472076773643 49.31093555688858 22.362640962004662 104.58324283361435 47.604276791214943 153.15995824337006 55.640881061553955 11.908974915742872 98.646185606718063 871.71713563799858 11.422643944621084 6.7606142759323111 35.481613263487816 305.20887903869152 20.380324244499207 19.017470240592957 9.0094093084335309 127.84392261505127 27.437808603048325 54.065362185239792 48.609396994113922
leaf_count=788 190 45 1817 420 438 241 187 144 5639 1228 299 139 195 295 952 141 74 255 1832 71 42 201 1796 38 52 56 463 155 137 283
internal_value=-3.24861e-06 -0.0449945 -0.0864628 -0.0219218 0.0200834 0.124511 -0.017671 0.0249081 -0.146183 0.128026 0.00411118 0.13452 0.0546901 -0.0657639 -0.113203 -0.00218594 0.151424 0.0197555 0.140595 0.0844076 0.158894 -0.160433 -0.122347 0.0121726 -0.0512881 0.0814579 -0.015221 9.50293e-05 0.0181747 -0.0182757
internal_weight=4617.88 3392.17 2736.35 1315.09 1010.5 1225.71 804.089 556.192 1421.26 655.827 123.087 1186.94 485.329 70.6533 247.897 94.7369 585.174 380.746 1164.57 286.095 878.478 1298.17 380.088 74.8794 54.4991 64.6503 282.1 257.956 230.519 176.453
internal_count=18613 15500 13858 5643 3826 3113 3406 2070 8215 1642 489 2872 1632 340 1336 384 1302 1437 2733 859 1874 7726 2087 291 253 197 1182 1038 883 746
is_linear=0
shrinkage=0.1


Tree=2
num_leaves=31
num_cat=0
split_feature=2 1 6 8 8 4 7 7 2 2 0 0 4 6 2 3 3 4 3 1 1 1 0 1 2 3 6 1 1 1
split_gain=2139 2025.84 922.547 667.83 590.599 311.08 297.833 303.018 295.819 242.328 205.256 188.757 179.714 136.663 128.025 121.974 104.064 96.7313 82.3147 74.1558 69.9287 96.3268 67.6872 91.568 63.2921 62.3581 60.4279 60.3147 64.0472 82.1797
threshold=-1.5313107929697851 2.9995721923299277 -0.14759781513430106 -1.4379675927874975 0.70096686624254934 0.105373618843861 1.3364688167677514 0.40841740954183336 0.58506821362589456 -1.2379334179491499 -1.0287102571191395 -0.37132240190955007 -0.8384523842426721 -0.12153458447338859 0.6223107118133776 1.2817273420406872 -0.57966399335487384 -0.30319222816661012 1.2745228895294078 0.099312125686082012 1.5591296134441566 1.6358297957401342 -1.1722584671325122 -0.4681897502375551 0.015222741852564801 0.45643225627780665 -0.18876065957940871 -0.65630011758114581 0.54726518288879611 0.19765773527544822
decision_type=2 2 2 2 2 2 2 2 2 2 2 2 2 2 2 2 2 2 2 2 2 2 2 2 2 2 2 2 2 2
left_child=5 2 9 20 -5 11 7 12 -3 10 26 16 -6 14 -8 27 17 22 -10 -16 -4 -22 -1 -24 -17 -18 -2 -14 29 -29
right_child=1 8 3 4 6 -7 13 -9 18 -11 -12 -13 15 -15 19 24 25 -19 -20 -21 21 -23 23 -25 -26 -27 -28 28 -30 -31
leaf_value=0.16597624467342695 -0.22890394194136787 -0.13543163072462713 -0.16632879751155816 0.15726910551859527 -0.16552120307463991 -0.16825817736714838 -0.16858257227013243 0.16868328976405028 0.15200255856225009 -0.14969678927092683 -0.16543915440566107 -0.16825817736714838 -0.1638930601983267 -0.16882112409283265 -0.13966858181032485 -0.22237909102123812 0.15018843380936089 -0.17680532589445466 -0.16823905958622168 0.11301404769406664 0.18712121428728742 -0.12926806236992541 0.081776597899435685 -0.16133936406083493 0.1237519667639741 -0.24056517099482561 0.13314768249606326 -0.022960439597609978 -0.144822773346965 0.11562412909953319
leaf_weight=90.968725740909576 4.9570735245943061 39.742823302745819 275.17004452645779 234.9174148440361 69.081683829426765 37.767946466803551 38.584292382001877 108.72796183824539 535.00358614325523 1225.5595754981041 44.950994357466698 21.783172443509102 27.505386292934418 158.0790049135685 14.78122693300247 5.5942492336034766 807.35198384523392 13.860713705420492 8.1486696600913984 54.208930864930153 13.883752226829527 31.355166479945183 211.25838558375835 16.718354374170303 94.906700298190117 4.1047771573066703 65.833271369338036 187.85243262350559 30.633289813995361 55.41082963347435
leaf_count=180 31 235 1736 485 438 241 246 208 1127 7484 283 139 167 1008 84 35 1721 88 52 144 30 181 622 96 234 26 155 814 176 147
internal_value=-1.71557e-05 -0.0413704 -0.0773599 -0.0205986 0.0170064 0.114199 -0.021971 0.0182095 0.127928 -0.136635 0.00167787 0.123348 -0.0165278 -0.109653 -0.0227075 0.0090822 0.128899 0.0818094 0.147198 0.0588765 -0.147387 -0.0321687 0.0930482 0.063948 0.104485 0.148212 0.107795 -0.0227294 -0.00855339 0.00860654
internal_weight=4528.7 3324.89 2741.99 1400.69 1080.28 1203.81 845.366 579.713 582.895 1341.3 115.741 1166.05 470.985 265.653 107.574 401.903 1144.26 332.806 543.152 68.9902 320.409 45.2389 318.945 227.977 100.501 811.457 70.7903 301.402 273.897 243.263
internal_count=18613 15500 14086 6133 4186 3113 3701 2219 1414 7953 469 2872 2011 1482 474 1573 2733 986 1179 228 1947 211 898 718 269 1747 186 1304 1137 961
is_linear=0
shrinkage=0.1


Tree=3
num_leaves=31
num_cat=0
split_feature=2 1 6 8 8 4 7 7 2 2 0 0 4 6 7 5 7 2 5 2 3 1 6 0 6 3 6 1 3 7
split_gain=1785.67 1694.96 774.337 560.948 495.428 260.204 250.088 256.062 247.907 203.765 171.669 157.79 151.862 117.089 109.967 122.899 111.382 117.934 141.478 107.668 91.7478 73.1978 79.9756 72.1516 139.876 69.067 67.271 62.7187 62.5083 119.738
threshold=-1.5313107929697851 2.9995721923299277 -0.14759781513430106 -1.4379675927874975 0.70096686624254934 0.105373618843861 1.3364688167677514 0.40841740954183336 0.58506821362589456 -1.2379334179491499 -1.0287102571191395 -0.37132240190955007 -0.8384523842426721 -0.12153458447338859 0.40714536059099543 -0.55354184798357953 -1.3995753634841035 0.015222741852564801 1.0000000180025095e-35 0.6223107118133776 -0.694009446846935 0.54726518288879611 -0.11163475006912178 -1.1722584671325122 -0.15734784827279602 1.2745228895294078 -0.029621139367033738 -0.094479948790751125 1.3243046657067017 -0.52978138065229585
decision_type=2 2 2 2 2 2 2 2 2 2 2 2 2 2 2 2 2 2 2 2 2 2 2 2 2 2 2 2 2 2
left_child=5 2 9 -4 -5 11 7 12 -3 10 -2 20 -6 19 16 21 17 -14 -19 -8 23 22 -16 -1 -25 -10 -22 -21 -11 -30
right_child=1 8 3 4 6 -7 13 -9 25 28 -12 -13 14 -15 15 -17 -18 18 -20 27 26 -23 -24 24 -26 -27 -28 -29 29 -31
leaf_value=0.15114876387518686 0.098967793354662478 -0.12518643036330662 -0.13729202314989447 0.1463624993915516 -0.15492839051910343 -0.15768741323918634 -0.15794330387322772 0.15803172550740968 0.1413555940831128 -0.14681309163251677 -0.15455207202181664 -0.15768741323918634 -0.094473273537327623 -0.1581438093419274 -0.18831745903563826 -0.18037470088326105 0.19047098054282141 -0.19831974933880944 0.12228128771565 -0.18011964193045168 0.13838426597841003 -0.13599905075673496 0.08213762129547364 -0.1116748478438155 0.0844355086997291 -0.15767236248163985 -0.17926854742829418 0.093079123391030222 0.088497233010793888 -0.1327062846599219
leaf_weight=78.144084334373474 69.492336258292198 38.746820151805878 310.15863738954067 227.55402678251266 66.552553802728653 36.341935634613037 37.138170152902603 104.65661603212357 518.60430625081062 1067.2468287795782 43.384893208742142 20.960701465606689 60.906009361147881 152.17523139715195 12.624363884329794 51.781452059745789 47.591765940189362 15.990067288279532 98.891690135002136 9.8180527836084348 828.97545774281025 28.898772194981575 81.643480598926544 47.68212778866291 153.30291017889977 7.840864121913909 6.7209279090166083 58.307317346334457 33.887203752994537 88.064524114131927
leaf_count=163 186 235 1947 485 438 241 246 208 1127 6831 283 139 319 1008 79 319 89 100 253 63 1832 168 246 253 443 52 42 165 108 545
internal_value=-2.36311e-05 -0.0383703 -0.0717094 -0.0190744 0.0156958 0.105711 -0.020259 0.0167133 0.118934 -0.126875 0.00152624 0.114139 -0.0151011 -0.102053 0.00826119 -0.0511103 0.0547602 0.0180187 0.0776577 -0.020966 0.11925 0.0032347 0.0459182 0.0696119 0.0379099 0.136902 0.13583 0.0537064 -0.139063 -0.0712396
internal_weight=4404.08 3231.96 2666.76 1364.69 1054.53 1172.13 826.976 569.537 565.192 1302.08 112.877 1135.79 464.88 257.439 398.328 174.948 223.38 175.788 114.882 105.264 1114.83 123.167 94.2678 279.129 200.985 526.445 835.696 68.1254 1189.2 121.952
internal_count=18613 15500 14086 6133 4186 3113 3701 2219 1414 7953 469 2872 2011 1482 1573 812 761 672 353 474 2733 493 325 859 696 1179 1874 228 7484 653
is_linear=0
shrinkage=0.1


Tree=4
num_leaves=31
num_cat=0
split_feature=2 1 6 8 8 2 4 7 4 2 7 0 4 0 6 7 6 1 3 2 1 0 1 3 7 3 7 5 1 1
split_gain=1502.04 1441.65 554.855 489.441 264.336 263.638 219.37 202.08 203.41 189.015 184.308 145.149 143.766 142.188 136.94 111.516 99.5027 98.6421 94.8284 81.3339 79.3857 77.5467 110.087 75.6503 140.642 67.208 61.2313 63.0355 55.9921 55.323
threshold=-1.5313107929697851 1.5591296134441566 -0.1378410019191931 -1.341694153380059 0.70096686624254934 0.59152843470131899 0.105373618843861 1.3364688167677514 -0.8384523842426721 -1.2379334179491499 -0.52978138065229585 -0.96759012004382383 -0.62948617076833802 -1.0287102571191395 -0.16961744797512515 0.40841740954183336 -0.12082087564153081 -0.50225133925713228 -1.2903490771511532 0.78930882595755902 -0.71085252548735067 -0.95330252322879816 -0.5017368998571976 0.71599132976808433 -0.52978138065229585 1.3243046657067017 -1.439528444765199 2.3391986593309619 0.13104749004878385 0.54726518288879611
decision_type=2 2 2 2 2 2 2 2 2 2 2 2 2 2 2 2 2 2 2 2 2 2 2 2 2 2 2 2 2 2
left_child=6 2 9 -4 -5 10 11 8 -6 13 -3 18 -7 -2 -13 21 19 20 -1 -9 -16 -10 -23 -11 26 -14 27 -25 -26 -24
right_child=1 5 3 4 7 12 -8 16 15 23 -12 14 25 -15 17 -17 -18 -19 -20 -21 -22 22 29 24 28 -27 -28 -29 -30 -31
leaf_value=-0.20183383229808918 0.092413680556301461 0.15444271533993742 -0.14814328600448345 0.13107125839015155 -0.14637564871242223 -0.065284978399284141 -0.14927178809199357 -0.15809059540667833 0.13529568274471573 -0.14531478972831238 -0.13782465350986864 -0.19466932347928675 0.13114388730260174 -0.13316374820146967 -0.2315004134835113 0.14923388928364542 -0.14922159370044247 -0.10228723835382994 0.12857220155472143 0.074977671880935806 0.10396907837358914 -0.11941720805373482 0.047764784801355889 -0.11610500168227374 -0.15096595724560835 -0.15411108624773903 0.17553734914470498 0.10077853454047558 -0.051587856935793201 -0.11623491248454343
leaf_weight=8.7754527628421766 71.42219802737236 29.935409620404243 235.15874269604683 159.04733733832836 62.665820598602295 41.761386409401894 34.638883233070374 22.089941099286079 51.12243914604187 835.86650097370148 77.273254826664925 23.101386457681656 560.79466712474823 45.900777742266655 7.3546920120716086 84.786302536725998 128.88095225393772 31.226767241954803 856.49572890996933 46.4727653414011 172.54276017844677 59.750918388366699 217.56596626341343 31.945477426052094 201.50366336107254 8.3829805403947812 21.014060825109482 23.084647133946419 78.892139494419098 22.717053756117821
leaf_count=56 194 63 1601 362 432 208 241 152 121 5664 502 146 1311 305 48 177 897 174 1989 142 459 337 746 189 1354 57 40 72 442 132
internal_value=-3.57807e-05 -0.0358807 -0.0730771 -0.0203779 0.0147585 0.0884214 0.0985112 -0.0118189 0.0220876 -0.116949 -0.0562161 0.106317 0.113803 0.00416004 0.0364831 0.0463038 -0.0974436 0.0617759 0.125221 -0.000113651 0.0902542 0.0214515 0.00205373 -0.128866 -0.0902926 0.126943 0.0303266 -0.0251243 -0.123005 0.0322598
internal_weight=4252.17 3118.04 2399.89 1090.26 855.099 718.148 1134.14 696.052 498.609 1309.63 107.209 1099.5 610.939 117.323 234.226 435.943 197.444 211.124 865.271 68.5627 179.897 351.156 300.034 1192.31 356.44 569.178 76.0442 55.0301 280.396 240.283
internal_count=18613 15500 13359 5099 3498 2141 3113 3136 1945 8260 565 2872 1576 499 827 1513 1191 681 2045 294 507 1336 1215 7761 2097 1368 301 261 1796 878
is_linear=0
shrinkage=0.1


Tree=5
num_leaves=31
num_cat=0
split_feature=2 1 6 8 8 4 7 7 2 2 0 8 3 6 4 6 1 2 3 1 1 2 0 5 3 3 1 6 3 4
split_gain=1268.65 1227.78 576.275 410.938 395.928 185.783 183.036 197.223 181.848 151.636 126.975 125.1 112.788 111.915 84.3489 82.5514 81.6569 80.4183 79.6521 64.907 64.2137 79.5301 59.8809 86.3903 58.0228 54.7072 53.4983 72.2516 52.9996 51.877
threshold=-1.5313107929697851 2.9995721923299277 -0.15217393324014278 -1.4379675927874975 0.70096686624254934 0.105373618843861 1.3364688167677514 0.40841740954183336 0.53807748829344926 -1.2379334179491499 -0.96759012004382383 0.70096686624254934 1.2817273420406872 -0.16961744797512515 -0.82167129819467744 -0.12153458447338859 -0.50225133925713228 0.6223107118133776 -1.2903490771511532 -0.71085252548735067 1.3400589838741166 0.94314508248621409 -0.62525738938424114 -0.59535218668268164 0.83226221974420922 0.45643225627780665 0.54726518288879611 -0.11290324676679986 1.2745228895294078 -0.43033952414557075
decision_type=2 2 2 2 2 2 2 2 2 2 2 2 2 2 2 2 2 2 2 2 2 2 2 2 2 2 2 2 2 2
left_child=5 2 9 20 -5 10 7 12 -3 11 18 -2 14 -12 -6 17 19 -8 -1 -15 -4 -22 -16 26 -19 -20 27 -24 -10 -23
right_child=1 8 3 4 6 -7 15 -9 28 -11 13 -13 -14 16 22 -17 -18 24 25 -21 21 29 23 -25 -26 -27 -28 -29 -30 -31
leaf_value=-0.18422489905255632 0.10489283503415225 -0.11885652968381021 -0.14063036383138416 0.13278865190074191 -0.14109487061409828 -0.14243951421767836 -0.14300241014036649 0.14316861966822628 0.12518586914775384 -0.1265185473286094 -0.17525726832714295 -0.11735154226597422 0.077959346614154337 -0.20594544703399792 0.058461959671804786 -0.14322279587626841 -0.092938946643260981 0.076612422399793656 0.12250274765651525 0.095979838905711851 -0.15289754789176999 -0.15175754351457824 -0.17235765243526235 -0.11838868850254597 -0.16602045674823196 -0.24432422888708349 -0.1097536788975325 0.07839464705613243 -0.14520212426806287 0.17004955832343113
leaf_weight=8.6578234136104566 54.365994215011597 33.761895105242729 254.35889273881912 214.74172119796276 68.539299413561821 32.766531839966774 38.655478626489639 94.733793407678604 481.11352902650833 1042.9033644646406 23.091460600495338 47.418637633323669 101.7235706448555 7.4344917684793463 76.109616577625275 137.6178082972765 30.945264652371407 59.216809883713722 818.90327155590057 168.43066850304604 23.862305581569672 6.5236796140670803 13.296922758221625 91.872237846255302 11.823937579989432 4.0858604907989493 29.26585727930069 84.607423439621925 7.3602278828620902 21.580585077404976
leaf_count=56 151 224 1821 496 482 241 283 208 1137 7187 146 297 306 48 272 1008 174 181 1963 459 164 45 87 538 78 26 177 253 53 52
internal_value=-6.26016e-05 -0.0337262 -0.0631454 -0.0183388 0.0121068 0.0920843 -0.0199881 0.0116477 0.105598 -0.115148 0.0993233 0.00135534 -0.015123 0.0335442 -0.0411578 -0.091641 0.056858 -0.0269298 0.117507 0.0832163 -0.119936 -0.0186415 -0.0179508 -0.0445015 0.0362289 0.120682 0.00887714 0.0443386 0.121112 0.0953503
internal_weight=4089.77 2995.45 2473.22 1328.53 1022.2 1094.32 807.463 560.149 522.236 1144.69 1061.55 101.785 465.415 229.902 363.691 247.314 206.81 109.696 831.647 175.865 306.325 51.9666 295.152 219.042 71.0407 822.989 127.17 97.9043 488.474 28.1043
internal_count=18613 15500 14086 6451 4369 3113 3873 2323 1414 7635 2872 448 2115 827 1809 1550 681 542 2045 507 2082 261 1327 1055 259 1989 517 340 1190 97
is_linear=0
shrinkage=0.1


Tree=6
num_leaves=31
num_cat=0
split_feature=2 1 6 8 8 4 7 7 2 2 0 0 4 6 7 5 7 2 5 0 4 3 2 1 2 3 3 7 4 1
split_gain=1076.49 1046.24 493.075 353.328 339.029 158.223 157.026 170.852 155.279 132.555 111.76 110.013 94.4953 93.5221 85.4779 93.4113 90.8958 89.955 107.62 76.639 74.0133 67.4586 65.413 57.0613 67.1877 55.4943 52.8425 84.9334 50.7507 50.1852
threshold=-1.5313107929697851 2.9995721923299277 -0.15217393324014278 -1.4379675927874975 0.70096686624254934 0.105373618843861 1.3364688167677514 0.40841740954183336 0.53807748829344926 -1.2379334179491499 -0.96759012004382383 -1.0765766370537309 -0.8384523842426721 -0.17200396544254601 0.40714536059099543 -0.55354184798357953 -1.3995753634841035 0.015222741852564801 1.0000000180025095e-35 -0.37132240190955007 -0.57783987250315227 -1.2903490771511532 0.6223107118133776 1.3400589838741166 0.94314508248621409 0.83226221974420922 1.091626322200584 -0.52978138065229585 -0.57783987250315227 -0.52297040266485306
decision_type=2 2 2 2 2 2 2 2 2 2 2 2 2 2 2 2 2 2 2 2 2 2 2 2 2 2 2 2 2 2
left_child=5 2 9 23 -5 10 7 12 -3 11 21 29 -6 -12 16 -16 17 -14 -19 -15 -8 -1 -22 -4 -25 -24 -11 -28 -10 -2
right_child=1 8 3 4 6 -7 20 -9 28 26 13 -13 14 19 15 -17 -18 18 -20 -21 22 -23 25 24 -26 -27 27 -29 -30 -31
leaf_value=-0.17078232791821302 -0.16593110876790301 -0.11186302354991358 -0.13449921538390572 0.12603935744856773 -0.13431243287238398 -0.13680523326946095 -0.13788082472664151 0.1374213018179887 -0.0048264244933221984 -0.13076927835228655 -0.18672638951299098 -0.12155083142121491 -0.081996343947316211 0.069021090040842378 -0.00013428959077863017 -0.1581054824475368 0.16978071107004247 -0.17840887072828734 0.10462868742859287 -0.14566978382433746 -0.13732890908604609 0.1138229496442662 0.072180401967344307 -0.14548249333625901 0.086510635824809196 -0.15244773469520015 0.053455588972466696 -0.10853558518165539 0.12380596021469548 0.1253130733770951
leaf_weight=8.4172482341527921 6.698348641395568 32.358689457178116 240.0937382131815 204.16527757048607 57.0797119140625 30.805287972092628 128.98141065239906 89.115220099687576 33.013497725129128 811.02456820011139 18.143394961953163 42.084834516048431 64.906819149851799 188.36870492994785 120.72886794805527 54.25334632396698 45.822145700454712 15.577922269701956 97.608929961919785 18.237121157348156 34.969543695449829 787.23649781942368 57.958326488733292 22.633751183748245 27.837028995156288 13.573958501219748 42.053642943501472 140.50924117863178 432.44671931862831 50.685122162103653
leaf_count=56 37 224 1821 496 438 241 998 208 132 6041 122 292 358 572 508 357 89 101 264 133 272 1989 184 164 97 96 162 984 1058 119
internal_value=-7.73921e-05 -0.0318242 -0.059524 -0.0172818 0.0113101 0.0864821 -0.0186982 0.0107815 0.0999568 -0.108809 0.093223 0.00125263 -0.0139687 0.0309543 0.00325167 -0.0491134 0.0441731 0.0118552 0.0656742 0.0500703 -0.0869372 0.110812 -0.0252408 -0.114181 -0.0175273 0.029555 -0.119828 -0.0712207 0.114683 0.0913163
internal_weight=3917.39 2866.18 2368.36 1275.31 984.741 1051.21 780.576 545.093 497.819 1093.06 1020.4 99.4683 455.978 224.749 398.898 174.982 223.916 178.094 113.187 206.606 235.483 795.654 106.502 290.565 50.4708 71.5323 993.587 182.563 465.46 57.3835
internal_count=18613 15500 14086 6451 4369 3113 3873 2323 1414 7635 2872 448 2115 827 1677 865 812 723 365 705 1550 2045 552 2082 261 280 7187 1146 1190 156
is_linear=0
shrinkage=0.1


Tree=7
num_leaves=31
num_cat=0
split_feature=2 1 7 7 1 2 6 0 2 2 6 6 8 7 3 0 3 4 3 4 7 7 7 1 6 2 6 5 7 0
split_gain=927.722 817.236 331.856 225.436 238.547 274.937 221.648 196.479 135.567 126.63 109.543 126.374 102.356 85.5771 76.5357 108.692 75.8695 74.5568 70.5972 70.6964 63.4646 96.3244 57.7139 51.1326 50.3638 48.0605 66.0457 47.8853 45.3883 45.1975
threshold=-1.9803066520593722 2.9995721923299277 1.3448660721952626 -0.52978138065229585 0.14368303859858314 -1.2379334179491499 -0.17153524890025607 -1.0765766370537309 0.58506821362589456 0.024873093360088083 -0.15402293027673378 -0.10070882006647548 0.70096686624254934 -1.3241707940699423 1.2817273420406872 -0.56331440280488743 1.3537106529654157 -0.8333973172244189 -0.50995372260921901 -0.30319222816661012 -0.41560293943517396 1.3364688167677514 0.40714536059099543 -0.67192178118666124 0.013135971010384913 0.91105318558183856 -0.12551513016946431 -0.58936934314146605 -0.90382017685405358 -1.1722584671325122
decision_type=2 2 2 2 2 2 2 2 2 2 2 2 2 2 2 2 2 2 2 2 2 2 2 2 2 2 2 2 2 2
left_child=18 2 3 6 5 7 13 22 -3 -6 27 16 -8 -2 15 17 25 -14 19 29 -13 -22 -5 -19 -10 26 -12 -11 -17 -1
right_child=1 8 -4 4 9 -7 12 -9 24 10 11 20 14 -15 -16 28 -18 23 -20 -21 21 -23 -24 -25 -26 -27 -28 -29 -30 -31
leaf_value=0.12850895356445022 -0.11488066203965115 -0.098327093046937625 0.11102562604329642 0.11105862089038809 -0.13126889686444457 -0.12314970907897869 0.13947640680046414 -0.12485008613373481 0.11312147692391471 -0.11859299206099916 -0.077311013945254969 -0.13349437091384184 -0.12904414814740078 0.17059565350519995 0.097710668796686426 -0.13730545981165729 -0.14832280656513336 -0.12711538519251403 0.1171209877704697 -0.15230774599811991 0.068198578434640375 -0.13411029663214324 -0.10556247728094677 0.075342311598737444 -0.19486333382286156 0.12297832022192019 0.086136964414510991 0.055716683978100937 0.17036105430961529 0.034760826942396225
leaf_weight=77.679041862487793 164.97930459678173 33.842816546559334 123.58706673234701 106.22340872883797 94.361846946179867 967.85617661476135 79.352424703538418 69.939100153744221 435.12921610474586 98.335247613489628 37.139093227684498 57.904508575797081 25.473227918148041 11.214463114738463 80.165143921971321 69.054533444344997 15.715578898787497 13.768715962767599 536.06924849748611 15.788738764822481 67.129316657781601 36.23970503360033 13.909833103418348 132.73235818743706 5.3751688450574866 118.85782018303871 73.943690232932568 18.768054306507111 5.1527307331562033 152.16896336525679
leaf_count=188 1197 239 333 278 727 7472 189 490 1146 743 233 457 194 22 228 474 118 88 1383 121 226 298 74 451 33 329 243 101 10 528
internal_value=-0.000102792 -0.0257214 -0.048708 -0.0570792 -0.0747754 -0.101556 -0.0030586 0.00840083 0.0945455 -0.0246297 -0.00542736 0.0190993 0.0376141 -0.0967105 0.0128459 -0.0147889 0.0642523 0.0288588 0.0967783 0.0523831 -0.0496791 -0.00272803 0.0859768 0.0563146 0.109363 0.078781 0.0314902 -0.0906565 -0.115942 0.0664438
internal_weight=3737.86 2956.15 2481.8 2358.22 1776.32 1157.93 581.893 190.072 474.347 618.395 524.033 406.93 405.699 176.194 326.347 246.182 245.656 171.974 781.706 245.637 161.274 103.369 120.133 146.501 440.504 229.941 111.083 117.103 74.2073 229.848
internal_count=18613 16393 14975 14642 11789 8314 2853 842 1418 3475 2748 1904 1634 1219 1445 1217 923 733 2220 837 981 524 352 539 1179 805 476 844 484 716
is_linear=0
shrinkage=0.1


Tree=8
num_leaves=31
num_cat=0
split_feature=2 1 7 4 4 2 1 7 3 1 2 6 8 7 1 8 3 8 8 2 6 4 7 2 2 4 3 6 0 1
split_gain=791.54 699.203 283.545 200.76 151.478 140.229 225.412 149.904 144.635 132.854 117.085 103.814 93.1603 90.3677 71.4181 104.88 64.358 62.2037 109.778 78.6982 62.0022 60.0471 54.0663 50.915 52.6994 47.0115 46.4311 44.668 41.4665 68.4855
threshold=-1.9803066520593722 2.9995721923299277 1.3448660721952626 -0.21294056293896008 -0.83684719925322837 -1.0326423257647239 0.19765773527544822 -0.52978138065229585 0.52476947529804285 -0.41214868003503013 0.53807748829344926 -0.1283330506627246 -1.4379675927874975 1.3364688167677514 -0.56971361179821256 0.70096686624254934 -0.50995372260921901 0.70096686624254934 -1.4379675927874975 -1.3713645905109644 -0.12153458447338859 -0.30319222816661012 -1.439528444765199 0.95205744300812112 1.0701754312763285 -0.85620303252337615 1.2745228895294078 -0.1337683384642063 -1.1722584671325122 -0.50650858130711873
decision_type=2 2 2 2 2 2 2 2 2 2 2 2 2 2 2 2 2 2 2 2 2 2 2 2 2 2 2 2 2 2
left_child=16 2 3 4 -2 9 7 8 -7 14 -3 17 23 -14 15 -6 21 18 19 -5 27 28 -20 -8 -25 -4 -12 -15 -1 -30
right_child=1 10 25 11 5 6 12 -9 -10 -11 26 -13 13 20 -16 -17 -18 -19 22 -21 -22 -23 -24 24 -26 -27 -28 -29 29 -31
leaf_value=0.12337901582052527 -0.12344989981562922 -0.10079084099146179 -0.39902032844167723 0.078189356741691862 0.088024182442899668 -0.096798349468634942 -0.1325261747782395 -0.11122189020197673 0.069791737840724496 -0.14144410573748342 0.10789723718366886 0.1092207523530391 0.080753313116499512 -0.1169662689988048 0.11064120040160488 -0.11408069375895963 0.11156576894039334 -0.12294419372031005 -0.14249298151385489 -0.10426131462991212 -0.13122723026690722 -0.14590946040719996 0.20103410849118239 0.11993937042542546 -0.13873713239493141 0.11336342997600467 -0.14577033539696721 0.084682650389721198 0.055679071508021732 -0.1569274866050937
leaf_weight=73.056956477463245 162.04015032947063 30.070047348737717 1.8188279718160618 26.53130467236042 60.982307381927967 97.019148275256157 53.269120208919048 411.07080837339163 112.60614274442196 35.203268595039845 413.22360983490944 24.126398280262947 218.98382879048586 14.901042714715002 148.11064741760492 44.350434496998787 507.95131495594978 484.77376908063889 5.8313023373484638 217.04703443497419 39.726402290165424 14.879808560013769 21.375533729791641 21.318316556513309 12.489998780190943 115.63506369292736 7.3439437597990027 41.800930753350258 133.70272506028414 17.087501853704453
leaf_count=188 1345 228 15 93 196 646 448 3208 387 269 1137 77 711 110 412 280 1383 3980 47 1742 345 121 45 68 100 318 53 133 423 105
internal_value=-0.000117431 -0.0243455 -0.0460474 -0.0539422 -0.0322335 -0.0209663 -0.0383317 -0.0761281 -0.00730978 0.0405902 0.089838 -0.0949792 0.0199556 0.0452341 0.0658748 0.00292776 0.091439 -0.1015 -0.0631085 -0.0843882 -0.0354283 0.0486143 0.127405 -0.0716084 0.024375 0.105429 0.103468 0.0316902 0.0615448 0.0315866
internal_weight=3568.33 2821.65 2371.01 2253.56 1473.87 1311.83 1023.19 620.696 209.625 288.647 450.638 779.685 402.49 315.412 253.443 105.333 746.678 755.559 270.785 243.578 96.4284 238.727 27.2068 87.0774 33.8083 117.454 420.568 56.702 223.847 150.79
internal_count=18613 16393 14975 14642 8658 7313 6156 4241 1033 1157 1418 5984 1915 1299 888 476 2220 5907 1927 1835 588 837 92 616 168 333 1190 243 716 528
is_linear=0
shrinkage=0.1


Tree=9
num_leaves=31
num_cat=0
split_feature=2 1 4 7 4 7 1 2 2 6 7 2 8 7 4 8 8 2 3 7 6 2 1 4 5 4 7 4 3 7
split_gain=677.508 599.58 246.178 178.415 134.826 122.742 133.794 167.706 100.911 90.3733 83.9206 83.4384 81.4546 71.0205 63.4259 58.7313 93.9993 73.2645 58.1412 58.0255 55.9838 51.6393 79.2735 47.4898 46.6583 46.1264 45.7601 45.0563 44.2921 43.0666
threshold=-1.9803066520593722 2.9995721923299277 -0.23329065318073264 1.3448660721952626 -0.8384523842426721 -0.52978138065229585 0.19765773527544822 -1.0326423257647239 0.58506821362589456 -0.1283330506627246 0.40714536059099543 0.024873093360088083 0.70096686624254934 -0.50998518794012804 -0.64620648032312722 0.70096686624254934 -1.4379675927874975 -1.3713645905109644 -0.50995372260921901 1.3364688167677514 -0.12153458447338859 -4.1874568006805015 -0.50650858130711873 -0.57783987250315227 2.3391986593309619 -0.43033952414557075 -0.52978138065229585 -0.32248071396089778 0.5723912205048941 -1.439528444765199
decision_type=2 2 2 2 2 2 2 2 2 2 2 2 2 2 2 2 2 2 2 2 2 2 2 2 2 2 2 2 2 2
left_child=18 2 3 4 -2 12 7 10 26 15 -7 -8 -6 25 -14 16 17 -4 21 -15 -21 -1 27 -10 -16 -13 -3 -23 -5 -18
right_child=1 8 9 28 5 6 11 -9 23 -11 -12 13 14 19 24 -17 29 -19 -20 20 -22 22 -24 -25 -26 -27 -28 -29 -30 -31
leaf_value=0.13395987596995973 -0.1223124705900962 0.2464055708623 0.074890415808741756 0.10977657207630642 0.12638467634648065 0.075081882662597618 -0.12466384848861436 -0.10538700284820333 -0.023344905547121472 0.092183157687140915 -0.095245623725543196 -0.12948757103206399 0.037957006943107503 0.085255533686385054 -0.093070373404447848 -0.11820354317734792 -0.13742430746396705 -0.099759115627063744 0.10650958703132873 0.045495549893523543 -0.12815854286884526 0.058755120885662343 -0.15833525124155756 0.10913756281183329 0.078553432078305799 0.03260143867033926 -0.13200170425145713 -0.16151891466212434 -0.40796953707112388 0.17570428540591293
leaf_weight=51.231297671794891 141.94452228397131 3.6172557473182705 27.145243592560291 109.05719678103924 69.21316297352314 95.218344688415527 42.178366094827652 389.30069267004728 29.216449767351151 26.217777229845524 41.549052663147449 42.117680281400681 206.03619804978371 162.81961788237095 80.134760737419128 464.12235271930695 5.4608211740851429 208.57472245395184 480.30077893286943 50.026223689317703 29.519765459001064 147.5554761365056 21.85812171548605 366.1138633787632 19.743473917245865 30.10650335252285 27.422607325017452 9.909647732973097 1.6777348667383183 22.448356255888939
leaf_count=131 1275 7 96 314 190 326 355 3186 125 88 275 376 801 515 555 4053 47 1769 1383 198 273 469 154 1054 69 148 232 83 14 52
internal_value=-0.000133968 -0.0230709 -0.0435525 -0.0202596 -0.0299252 -0.0195005 -0.0398621 -0.0719212 0.0857147 -0.0902219 0.0233375 0.00741018 0.028419 0.0251179 0.00625424 -0.0967932 -0.0591 -0.0796467 0.0866952 0.0510552 -0.018948 0.0454169 0.0201208 0.0993466 -0.0591446 -0.0619211 -0.0879037 0.0448928 0.101932 0.114436
internal_weight=3401.84 2690.98 2264.61 1510.64 1399.91 1257.96 882.836 526.068 426.37 753.969 136.767 356.768 375.128 314.59 305.914 727.751 263.629 235.72 710.855 242.366 79.546 230.555 179.323 395.33 99.8782 72.2242 31.0399 157.465 110.735 27.9092
internal_count=18613 16393 14975 8870 8542 7267 5652 3787 1418 6105 601 1865 1615 1510 1425 6017 1964 1865 2220 986 471 837 706 1179 624 524 239 552 328 99
is_linear=0
shrinkage=0.1


Tree=10
num_leaves=31
num_cat=0
split_feature=2 1 6 8 2 8 0 7 7 2 4 4 1 3 4 3 7 2 1 3 1 2 1 2 4 2 1 3 2 7
split_gain=583.564 532.285 242.576 233.71 209.288 201.166 130.132 98.6782 122.6 86.7434 73.2208 67.4824 61.3829 55.4194 54.0635 50.7923 66.0912 47.7543 44.9701 44.7437 48.1668 44.1594 79.0387 43.3801 43.1226 40.5883 40.0948 40.0327 38.3635 38.2531
threshold=-1.8159562635533175 2.9995721923299277 -0.15217393324014278 -1.4379675927874975 -1.2379334179491499 0.70096686624254934 -1.0765766370537309 1.3364688167677514 0.40841740954183336 0.58506821362589456 -0.095391731267486776 -0.84233371232593213 0.54726518288879611 -0.57966399335487384 -0.58407707152013233 0.72778343463255857 -0.52978138065229585 0.67969734088872957 1.3400589838741166 1.2817273420406872 -0.65630011758114581 -4.1874568006805015 -0.50650858130711873 0.94314508248621409 -0.62948617076833802 0.015222741852564801 -0.71938040512663537 0.81789228392946545 -3.0559415652982591 -0.52978138065229585
decision_type=2 2 2 2 2 2 2 2 2 2 2 2 2 2 2 2 2 2 2 2 2 2 2 2 2 2 2 2 2 2
left_child=10 2 4 18 6 -5 -2 8 11 29 13 -7 19 21 -9 -6 -17 -16 -4 20 -13 -1 26 -20 -11 -21 -23 -19 -28 -3
right_child=1 9 3 5 15 7 -8 14 -10 24 -12 12 -14 -15 17 16 -18 27 23 25 -22 22 -24 -25 -26 -27 28 -29 -30 -31
leaf_value=0.13008392369072877 0.079348516756846552 0.21522530747888546 -0.12114713248307461 0.10770244332362007 -0.11883982117181527 -0.12699804907664172 -0.10066538589555696 -0.12496371374197915 0.12864843203243165 -0.037069796915313917 -0.085153876738097919 -0.13206865715941871 -0.12410569390748338 0.10195312313172322 -0.11263197710529896 0.033266515212340773 -0.092138147319507993 0.072027700551418841 -0.12877472662292866 -0.17917894534397344 0.0099623381724920617 -0.10936212946695714 -0.16541395269431186 0.072547438878308834 0.10357068243835504 0.098588694464997156 -0.22151935143565851 -0.14039193322807686 0.070007122725163823 -0.12809070691904367
leaf_weight=45.170301198959351 117.27725627273321 3.7202976346015957 192.26093769073486 175.01575915515423 553.42880334705114 43.876306228339672 61.069143034517765 98.189503736793995 75.430351465940475 23.246337532997131 26.713759705424309 26.367794945836067 34.337076626718044 498.29654903709888 34.830087259411812 54.317980848252773 185.7090956568718 49.905362352728844 18.054644964635372 5.6404710486531249 252.77536682039499 15.455338224768637 20.482283182442188 26.285352267324924 350.74460350722075 78.116163514554501 4.6690629720687857 10.790391981601713 135.93068542331457 25.429014690220356
leaf_count=124 372 7 1850 524 5311 422 483 992 208 103 205 200 218 1511 315 254 1622 167 165 37 1129 80 142 97 1076 220 30 92 426 231
internal_value=-0.000146642 -0.023343 -0.0436036 -0.0119236 -0.0801759 0.0116723 0.0177084 -0.0119907 0.0108354 0.0818787 0.0774156 -0.00931063 0.00368839 0.0834472 -0.0728565 -0.102177 -0.0637591 -0.0192963 -0.100211 0.0157801 -0.00345387 0.0418545 0.0192795 -0.00942821 0.0948288 0.0798828 0.0435205 0.0342641 0.0603261 -0.0842736
internal_weight=3243.54 2496.82 2093.68 1121.88 971.802 885.275 178.346 710.259 516.544 403.14 746.718 441.113 397.237 720.004 193.715 793.456 240.027 95.5258 236.601 362.9 279.143 221.708 176.537 44.34 373.991 83.7566 156.055 60.6958 140.6 29.1493
internal_count=18613 16095 14678 6636 8042 4524 855 4000 2434 1417 2518 2226 1804 2313 1566 7187 1876 574 2112 1586 1329 802 678 262 1179 257 536 259 456 238
is_linear=0
shrinkage=0.1


Tree=11
num_leaves=31
num_cat=0
split_feature=2 1 0 6 8 1 6 7 1 6 2 0 1 7 7 7 6 8 1 4 3 3 3 2 3 3 7 6 2 1
split_gain=502.957 439.883 193.705 240.745 138.457 118.058 115.519 110.103 98.8642 78.7486 75.3709 74.8904 72.1255 65.0478 88.0256 61.1621 52.3166 52.0545 63.5154 59.5178 48.2051 48.6294 40.3367 40.0709 38.2591 62.2822 53.2283 37.1464 35.4145 35.3077
threshold=-2.0237580263441477 2.9995721923299277 -0.96759012004382383 -0.14759781513430106 -1.4379675927874975 -0.56628467509495317 -0.18908012764688142 1.3364688167677514 -0.41191997676244912 -0.12153458447338859 0.58506821362589456 -1.1790489864575375 -0.71960129207986723 0.40841740954183336 0.40714536059099543 -1.4295923582661412 -0.057828293946095809 0.70096686624254934 -0.71938040512663537 -0.12857286966019732 -0.7425983392942509 1.5869216785277866 1.2745228895294078 -1.0326423257647239 1.3243046657067017 1.3537106529654157 -0.52978138065229585 0.013135971010384913 0.50508623429050614 0.97771538665292945
decision_type=2 2 2 2 2 2 2 2 2 2 2 2 2 2 2 2 2 2 2 2 2 2 2 2 2 2 2 2 2 2
left_child=17 2 6 24 29 -6 -2 13 11 28 -3 -8 -13 14 15 16 23 -1 -19 -20 -14 -22 27 -7 -4 -26 -27 -12 -9 -5
right_child=1 10 3 4 5 7 8 9 -10 -11 22 12 20 -15 -16 -17 -18 18 19 -21 21 -23 -24 -25 25 26 -28 -29 -30 -31
leaf_value=0.1114035501407829 -0.13231685765453957 -0.081516551553190403 -0.10989297680037829 -0.12121272543587852 -0.10235419447845216 0.047031230117596315 -0.12976686486945241 -0.12293184315015403 -0.14248747555906263 -0.12420195982591405 0.099297412610982516 -0.1448312128639459 -0.028066458185308653 0.12581293522548617 -0.030938662438484494 0.14537968046571034 0.082330416778181759 -0.15337255673081179 0.070678953411427478 -0.1607087701385094 0.077598242910209281 -0.16003884217402886 -0.1457225573006716 -0.13218723110267272 0.2683854455644975 0.1026776031389536 -0.12570258171010304 -0.18120526268001669 0.048399095044989807 -0.021757674839490228
leaf_weight=285.13750343024731 49.615405909717083 27.417864151299 601.53021398186684 146.96795251220465 99.04301743209362 22.858324304223061 24.63961087167263 14.86576299369335 31.84072045981884 81.130740039050579 341.6548979729414 18.287580274045467 56.059164136648178 76.460786461830139 159.0044127702713 68.595755994319916 71.43811984360218 14.223781570792196 314.58675713092089 11.523656241595743 347.02305337786674 8.8304694294929487 7.0783437341451636 27.466271057724953 6.4535454660654059 14.194189190864561 36.314899668097496 4.7872473299503318 64.023715049028397 47.146677672863007
leaf_count=866 480 239 5967 1540 777 86 234 154 293 885 1100 173 335 225 850 164 261 88 1086 106 1404 74 52 170 26 46 346 27 249 310
internal_value=-0.000166161 -0.0205637 -0.0387068 -0.0567571 -0.0225077 -0.00137856 0.0130411 0.0156924 0.0278599 -0.0550267 0.0782055 0.0397849 0.0494959 0.042268 0.0239835 0.0698594 0.0273146 0.0798861 0.0534803 0.0625025 0.0581234 0.0717013 0.090593 -0.050783 -0.102475 -0.0241459 -0.0615226 0.0954213 0.0161139 -0.097057
internal_weight=3080.2 2454.73 2073.79 1537.49 879.002 684.887 536.296 585.844 486.681 160.02 380.938 454.84 430.2 425.824 349.363 190.358 121.763 625.472 340.334 326.11 411.913 355.854 353.52 50.3246 658.493 56.9626 50.5091 346.442 78.8895 194.115
internal_count=18613 16467 15049 12056 5671 3821 2993 3044 2513 1288 1418 2220 1986 1756 1531 681 517 2146 1280 1192 1813 1478 1179 256 6385 418 392 1127 403 1850
is_linear=0
shrinkage=0.1


Tree=12
num_leaves=31
num_cat=0
split_feature=2 1 4 7 4 2 6 1 8 3 7 2 2 6 1 8 7 8 1 4 5 0 2 5 7 2 8 1 4 2
split_gain=430.546 378.536 168.991 120.155 100.388 90.9567 145.317 97.1375 92.7378 76.36 68.7862 68.3574 65.2661 62.8285 55.8208 69.6747 51.4427 48.8604 53.5749 52.5306 47.8383 65.4415 45.4524 40.6918 39.5857 38.112 43.9224 37.4513 37.1754 39.3312
threshold=-2.0237580263441477 2.9995721923299277 -0.23329065318073264 1.3448660721952626 -0.83684719925322837 -1.0326423257647239 -0.1378410019191931 -0.41214868003503013 -1.4090686737950684 1.3007385896528281 1.3364688167677514 0.015222741852564801 0.53807748829344926 -0.12153458447338859 -0.56628467509495317 0.70096686624254934 0.40714536059099543 0.70096686624254934 -0.71960129207986723 -0.12857286966019732 -0.65588311019275414 -0.090898827160685217 0.95739157709940537 2.1059437621664947 -0.52978138065229585 0.91837202087001113 -1.4379675927874975 1.2648509731563906 -0.57783987250315227 0.94314508248621409
decision_type=2 2 2 2 2 2 2 2 2 2 2 2 2 2 2 2 2 2 2 2 2 2 2 2 2 2 2 2 2 2
left_child=17 2 3 4 -2 7 23 14 -8 -4 11 20 -3 -12 15 -6 22 -1 -19 -20 21 -10 25 27 -25 26 -11 -7 29 -14
right_child=1 12 9 -5 5 6 8 -9 10 16 13 -13 28 -15 -16 -17 -18 18 19 -21 -22 -23 -24 24 -26 -27 -28 -29 -30 -31
leaf_value=0.10746618605386667 -0.10870776981669283 -0.084167206496909425 -0.093900477115388292 0.090594642801654524 0.075821093293547082 -0.12173427446998573 -0.08897319512907903 -0.1325490453198469 0.16841252637474327 -0.1082351986747643 0.023088976281378196 0.057260266428867113 0.031298934725776426 -0.11871947900548777 0.099477100698365656 -0.088709284440574798 -0.12672618375708719 -0.2371787016319955 0.063239061798798166 -0.15646935748515842 -0.11999720996715124 -0.1395223741765039 -0.12667731739667204 0.086464257473976638 -0.12117146777933591 0.29051247982893963 0.10606737246440918 0.041871828536126511 0.096821149141856022 -0.27604020471502944
leaf_weight=266.96909260004759 128.51661342382431 24.05687553435564 537.29913152754307 96.906454287469387 57.269328065216541 205.01569730043411 106.19674889743328 30.548062324523926 17.511174663901333 12.815687917172907 60.693801559507847 294.32199346274137 25.113003209233288 64.387095876038074 134.20263873785734 46.748664274811745 22.767183132469654 6.3751635253429404 311.43444623053074 11.276280805468557 42.136355929076672 11.390524692833422 12.529581241309641 22.442706227302551 15.539629094302652 7.7009125277400008 37.691312193870544 15.016429796814917 304.94417017698288 4.9915370717644683
leaf_count=866 1354 228 5495 333 210 2086 1062 273 42 127 301 1110 93 762 409 303 230 48 1122 110 289 76 122 80 167 20 120 78 1058 39
internal_value=-0.000191318 -0.0195275 -0.0366623 -0.0166819 -0.0249856 -0.015408 -0.0313647 0.0353321 -0.00424836 -0.0793862 0.0140974 0.0360099 0.0749317 -0.0499089 0.0568602 0.00187643 0.00401594 0.0756785 0.0498909 0.0555619 -0.0520338 0.0470515 0.0460959 -0.0940689 0.00151471 0.0832863 0.0516901 -0.110569 0.0863552 -0.01966
internal_weight=2934.81 2338.75 1979.65 1348.84 1251.94 1123.42 854.652 268.769 596.638 630.804 490.441 365.36 359.106 125.081 238.221 104.018 93.5047 596.055 329.086 322.711 71.0381 28.9017 70.7375 258.014 37.9823 58.2079 50.507 220.032 335.049 30.1045
internal_count=18613 16467 15049 8935 8602 7248 6053 1195 3642 6114 2580 1517 1418 1063 922 513 619 2146 1280 1232 407 118 389 2411 247 267 247 2164 1190 132
is_linear=0
shrinkage=0.1


Tree=13
num_leaves=31
num_cat=0
split_feature=2 1 6 8 2 7 4 8 4 4 2 5 0 1 1 3 7 7 3 3 7 7 0 8 1 8 4 2 0 4
split_gain=370.026 386.633 169.059 161.878 115.951 92.9056 80.0393 78.6826 84.4634 75.1999 67.6236 67.4408 65.5074 66.4306 59.0086 57.4118 53.4874 88.1887 54.0868 52.6868 52.1616 52.1365 51.7565 51.736 46.9723 39.8096 41.9153 39.6507 39.3361 39.0756
threshold=-1.5313107929697851 0.93292470173528164 -0.1378410019191931 -0.71225346446837745 0.59152843470131899 -0.52978138065229585 -0.59866945902535618 0.70096686624254934 -0.12857286966019732 -0.85402780845736481 -1.2379334179491499 -0.076272642989538189 -0.95552105334154147 -0.54885513673366426 -0.71960129207986723 0.84421440435286144 0.40714536059099543 0.40841740954183336 -1.5948046123124311 1.3243046657067017 -0.52978138065229585 1.3364688167677514 -1.1174630718106771 0.70096686624254934 0.032030652445471958 0.70096686624254934 0.54567435094492711 0.97222485409297643 1.0000000180025095e-35 -0.75335609894463229
decision_type=2 2 2 2 2 2 2 2 2 2 2 2 2 2 2 2 2 2 2 2 2 2 2 2 2 2 2 2 2 2
left_child=7 2 10 -4 5 -3 -6 11 14 -5 23 -1 22 -14 -9 -12 29 18 -18 28 -17 -15 -11 -2 -22 26 -26 -23 -8 -16
right_child=1 4 3 9 6 -7 19 8 -10 12 15 -13 13 21 16 20 17 -19 -20 -21 24 27 -24 -25 25 -27 -28 -29 -30 -31
leaf_value=-0.14098048484600434 0.075652238457277088 0.12537359485609234 -0.11749563939622394 -0.12508572620656455 -0.061031694424365249 -0.10550148317106441 -0.12065837638803177 -0.20885998347066215 -0.13823858405795611 -0.1972997914786884 -0.10893828576509623 0.10300443478981403 -0.098989198979158907 0.038212937167541851 -0.022339857447774458 0.034765680562312863 0.068358999974652862 0.062760230945724541 -0.23018457939900469 -0.12842705095928444 -0.11939472280224168 -0.11025235657236757 0.10444728211793985 -0.080824546302865799 0.13191816277678023 -0.12306903066830488 -0.12263471398929138 0.029889728961564679 0.094669370388926311 0.079751361943905488
leaf_weight=11.733505517244337 45.826180651783943 22.871073089540005 121.79737064987421 38.608076266944408 42.01874341070652 73.258720397949219 8.6730536893010122 9.1706302911043149 27.811625011265278 6.0119111314415923 504.43362740427256 328.73288213461637 56.966921024024487 275.42584586888552 43.406919173896313 57.427701443433762 8.1433687806129473 45.361899748444557 23.816264092922211 11.361642144620417 94.57812987267971 48.676443494856358 104.31950581073761 39.207679577171803 24.334660045802593 17.249463826417923 8.8107975721359235 34.496703155338764 388.84889304637909 275.09056312590837
leaf_count=83 170 74 1494 459 276 758 66 66 305 53 5807 1127 474 1119 188 263 26 169 177 97 1079 560 366 325 134 180 91 200 1455 972
internal_value=-0.000216301 -0.0226855 -0.0492657 -0.0129391 0.0491388 -0.050572 0.0703966 0.0586308 0.0303386 0.00962001 -0.0807496 0.094596 0.0195093 0.0013238 0.0419152 -0.0908854 0.0477254 -0.0268818 -0.154115 0.0839028 -0.0458932 0.0172595 0.0880052 0.00350343 -0.0778443 0.000134919 0.0642524 -0.0521273 0.0899714 0.0658377
internal_weight=2798.47 2025.2 1478.17 686.303 547.032 96.1298 450.902 773.268 432.801 564.505 791.868 340.466 525.897 415.566 404.99 706.834 395.819 77.3215 31.9596 408.884 202.401 358.599 110.331 85.0339 144.973 50.3949 33.1455 83.1731 397.522 318.497
internal_count=18613 15500 12774 4725 2726 832 1894 3113 1903 3231 8049 1210 2772 2353 1598 7554 1532 372 203 1618 1747 1879 419 495 1484 405 225 760 1521 1160
is_linear=0
shrinkage=0.1


Tree=14
num_leaves=31
num_cat=0
split_feature=2 1 6 8 8 2 8 7 7 7 7 0 3 2 2 4 2 2 5 3 2 1 6 1 0 5 3 7 4 4
split_gain=319.924 285.368 138.183 157.31 212.855 151.124 106.094 87.9319 97.2084 80.8066 72.3494 68.0235 51.688 49.8258 66.2709 55.6002 49.4993 47.3776 45.9613 45.5401 41.6803 62.6981 41.5135 36.3318 35.2494 33.0905 31.5291 30.9518 30.6603 30.5357
threshold=-2.0237580263441477 2.9995721923299277 -0.17076855251508519 -1.4379675927874975 0.70096686624254934 -1.2379334179491499 0.70096686624254934 1.3364688167677514 0.40841740954183336 0.40714536059099543 -1.4506429737386981 -0.95552105334154147 1.5869216785277866 0.91837202087001113 1.0701754312763285 -0.43033952414557075 0.58506821362589456 -1.1165270646249199 -0.55354184798357953 -0.30027631200838828 -4.1874568006805015 -0.50650858130711873 -0.12551513016946431 0.54726518288879611 -1.1448673462793788 3.3636259917980467 1.2745228895294078 -0.52978138065229585 -0.31273819352209226 0.093310702557183087
decision_type=2 2 2 2 2 2 2 2 2 2 2 2 2 2 2 2 2 2 2 2 2 2 2 2 2 2 2 2 2 2
left_child=19 2 5 13 -5 6 29 8 9 10 11 24 17 -4 15 -15 27 -13 22 20 -1 28 -11 -24 -6 -7 -18 -3 -22 -2
right_child=1 16 3 4 7 25 -8 -9 -10 18 -12 12 -14 14 -16 -17 26 -19 -20 -21 21 -23 23 -25 -26 -27 -28 -29 -30 -31
leaf_value=0.12005866660694385 0.093173623346169659 0.19562056062685396 -0.11915732339021122 0.10658589116534689 -0.15721890116082732 -0.10654058662612212 -0.087009220145908464 -0.074638294506018207 0.12196386472976742 -0.11651728425975001 0.14435652865749649 0.0092985280588176959 0.081561332049688656 -0.1196322968126439 -0.11074861778352033 0.13621563599528502 0.085030789958902675 -0.11586877952410875 -0.11677179574128352 0.092883330911581449 0.044949070706546475 -0.15182727400460128 0.039788453966069864 -0.10758130242965838 0.081574871320746756 0.033110264702160795 -0.13947245288363239 -0.11926907814336632 -0.13818412613104089 -0.15205761809274457
leaf_weight=44.903643421828747 89.559475444257259 3.699869871139529 155.44151347875595 169.53790744394064 6.6108091846108428 436.74371328949928 64.400226183235645 197.85411044955254 61.013523697853088 34.882424034178257 41.811093628406525 49.878138091415167 28.926632635295391 11.772376976907251 43.601213574409485 30.501251891255379 291.03426599502563 76.809656873345375 82.019889455288649 316.46024734526873 148.3755836263299 20.595713313668966 81.954285599291325 21.019674472510815 95.226035006344318 17.653286047279835 6.3929672464728347 19.970336191356182 9.7422945387661439 5.382746033370494
leaf_count=152 310 7 1934 595 48 5361 540 2066 209 340 97 239 94 144 510 126 1127 638 793 1199 546 158 323 143 375 117 52 232 91 47
internal_value=-0.000247932 -0.0177245 -0.0331958 -0.0133026 0.0050546 -0.0717304 0.0120663 -0.0170704 0.00256243 -0.0114706 0.0223471 0.00253234 -0.0390501 -0.0853833 -0.024249 0.064967 0.069129 -0.0665893 -0.0574983 0.0684737 0.0339294 0.0122885 -0.0222325 0.00970644 0.0660734 -0.101115 0.0802053 -0.0700489 0.0336655 0.0792702
internal_weight=2663.77 2123.7 1802.6 1188.86 947.544 613.739 159.342 778.006 580.152 519.139 299.262 257.451 155.614 241.316 85.8748 42.2736 321.097 126.688 219.876 540.077 223.617 178.714 137.856 102.974 101.837 454.397 297.427 23.6702 158.118 94.9422
internal_count=18613 16467 15049 8674 5960 6375 897 5365 3299 3090 1491 1394 971 2714 780 270 1418 877 1599 2146 947 795 806 466 423 5478 1179 239 637 357
is_linear=0
shrinkage=0.1


Tree=15
num_leaves=31
num_cat=0
split_feature=2 1 0 6 8 2 7 6 4 1 3 4 1 3 0 6 0 3 3 5 2 7 6 7 6 7 0 6 7 2
split_gain=275.299 266.762 118.821 116.706 96.5172 90.5868 74.4479 69.1398 63.7228 52.2351 50.0752 49.7553 43.6969 43.1976 43.0098 76.753 42.0108 40.9605 39.6297 39.4738 49.1283 35.5548 39.3991 38.0298 40.842 35.0023 33.3838 35.1464 32.4797 31.7212
threshold=-1.8159562635533175 0.93292470173528164 -0.96759012004382383 -0.1378410019191931 -0.37004184529760925 0.58506821362589456 -0.52978138065229585 -0.18908012764688142 -0.59866945902535618 -0.41191997676244912 -0.50995372260921901 -0.83684719925322837 -0.71960129207986723 1.3243046657067017 -1.1722584671325122 -0.13291053387518989 -1.1790489864575375 1.091626322200584 -1.1508796939594794 -0.019997718347775115 -3.6097147935279246 1.3364688167677514 -0.1238420484917756 0.40841740954183336 0.0048825011449326007 0.40714536059099543 1.0000000180025095e-35 -0.12767036038276439 -0.51959946746971752 0.97975109808478911
decision_type=2 2 2 2 2 2 2 2 2 2 2 2 2 2 2 2 2 2 2 2 2 2 2 2 2 2 2 2 2 2
left_child=10 2 7 17 -5 6 -3 -2 -7 12 14 -6 -9 26 -1 -16 -14 -4 -18 20 -12 23 29 24 -13 28 27 -10 -19 -23
right_child=1 5 3 4 11 8 -8 9 13 -11 19 21 16 -15 15 -17 18 25 -20 -21 -22 22 -24 -25 -26 -27 -28 -29 -30 -31
leaf_value=0.10103985851383078 -0.12479666445545388 0.11738060176353615 -0.10579027003611872 -0.11179771170425688 -0.1056139934520032 -0.053159954831230594 -0.10470568973114643 -0.13120711011319791 -0.29421069069215422 -0.12666356763590164 0.10367754665873388 -0.01055994135847213 -0.11945994671023592 -0.1204868691532943 -0.092748104739964518 0.049576007113316528 -0.15733617658738241 -0.0074031924560146352 0.052234158110631028 0.088171121807176553 -0.24960590696552912 -0.090263227543697172 -0.11511535795179582 0.11845475896973789 0.084959827386689557 -0.1169113975362711 0.087864029885232467 0.12004053697899131 0.27204855697008334 0.092346996654859931
leaf_weight=50.580759290605783 36.501681104302406 19.921561948955059 413.99060640856624 104.80344066023827 44.121263012290001 41.672349698841572 62.290017642080784 16.110979579389095 4.7231010645627975 22.864007689058781 7.8455273509025574 214.62719645723701 16.184941738843918 10.725796863436697 61.249450124800205 99.357447478920221 9.3063543513417226 54.437350034713745 296.58425724878907 361.91843800246716 7.899739168584345 15.570332847535608 44.951322589069605 36.222592622041702 56.559251338243484 31.292829133570194 351.25421062111855 3.6162453889846784 4.5031418502330771 24.450398437678814
leaf_count=195 456 74 5479 1446 557 282 752 190 54 279 28 1077 204 101 417 364 101 448 1540 1447 67 142 634 133 187 401 1460 12 9 77
internal_value=-0.000256926 -0.0184573 -0.0401729 -0.0578671 -0.0256217 0.0449527 -0.0508896 0.0063613 0.0640778 0.0196212 0.0596211 -0.00493094 0.0295112 0.0772706 0.0206245 -0.00470107 0.0375507 -0.0924839 0.0458582 0.0814278 -0.0735724 0.00639036 -0.0508649 0.0222165 0.00936187 -0.0314343 0.0831692 -0.114576 0.0139473 0.0213013
internal_weight=2526.14 1937.29 1443.08 1045.53 541.306 494.203 82.2116 397.552 411.992 361.051 588.851 436.502 338.187 370.319 211.188 160.607 322.076 504.224 305.891 377.664 15.7453 392.381 84.9721 307.409 271.186 90.2333 359.594 8.33935 58.9405 40.0207
internal_count=18613 16095 13360 10590 4253 2735 826 2770 1909 2314 2518 2807 2035 1627 976 781 1845 6337 1641 1542 95 2250 853 1397 1264 858 1526 66 457 219
is_linear=0
shrinkage=0.1


Tree=16
num_leaves=31
num_cat=0
split_feature=2 1 6 8 2 0 6 7 4 4 0 1 5 7 3 2 3 8 8 6 0 8 3 0 7 2 2 4 8 7
split_gain=237.964 265.279 136.948 113.978 74.4477 73.5943 64.4844 64.4185 55.8934 55.2112 47.5151 77.8451 46.3869 50.3795 45.5436 47.1585 45.0152 44.4487 91.2223 44.1164 41.4736 38.865 37.0842 33.2606 33.1834 35.3727 32.9936 29.5909 28.9034 32.9284
threshold=-1.4028048166430398 0.93292470173528164 -0.1378410019191931 -0.71225346446837745 0.58506821362589456 -0.96759012004382383 -0.16828487586387056 -0.52978138065229585 -0.85402780845736481 -0.57377818230668709 -0.7549094643459614 -0.5017368998571976 2.4142790689024132 -0.52978138065229585 -0.81071125726170812 -4.1874568006805015 0.45643225627780665 0.70096686624254934 -1.4379675927874975 -0.16961744797512515 -0.32457108691919012 -0.18615188525486479 1.3243046657067017 -1.1174630718106771 1.3364688167677514 0.97222485409297643 -1.1410430598654222 0.105373618843861 -1.3817308710843819 0.40714536059099543
decision_type=2 2 2 2 2 2 2 2 2 2 2 2 2 2 2 2 2 2 2 2 2 2 2 2 2 2 2 2 2 2
left_child=5 2 12 -4 7 14 -7 -3 -5 28 23 -12 17 -14 15 -1 27 18 26 -17 21 -8 -11 -10 -13 -26 -2 -16 -6 -30
right_child=1 4 3 8 9 6 20 -9 10 22 11 24 13 -15 16 19 -18 -19 -20 -21 -22 -23 -24 -25 25 -27 -28 -29 29 -31
leaf_value=0.11645240417699243 0.048949380638346904 0.11426477222300982 -0.11245633425963784 -0.12184008844497718 -0.1637842625725095 -0.13294782487126858 -0.25781224093719146 -0.10055294651091795 -0.183786753948951 0.079769426095857174 -0.12699387679850802 0.033886341263118118 0.084848304484811218 -0.11476787699037111 0.08746840245188886 -0.14839668715842425 -0.20664710102497114 -0.1077809656091336 0.12491447647355412 0.022418476590356132 -0.13517459444608573 0.046050285916084621 -0.11520057772857234 0.080524265789539251 -0.10841272940230691 0.03300271029628575 -0.089079416103593129 -0.13084274849504146 0.1368230287502385 -0.071190295442955173
leaf_weight=25.776377201080322 19.334543373435736 18.492158204317093 93.385029751807451 31.156493775546551 13.772736586630343 32.545048993080854 4.3351946957409373 56.951698713004589 4.9610690474510184 337.74246586859226 43.853064902126789 232.00114177912474 33.935434833168983 20.151029117405415 423.8965859413147 24.70741244032979 5.3854361064732066 360.17011887580156 26.125572331249714 38.96427046507597 15.393951285630463 144.88876470923424 10.045764397829769 118.06577075645328 38.894062284380198 32.440998911857605 166.01721040159464 6.3010676503181449 12.425388529896734 19.636943578720093
leaf_count=103 101 74 1479 447 134 362 37 732 49 1505 426 998 152 287 1717 192 39 4944 104 161 164 569 100 505 547 195 2252 68 31 139
internal_value=-0.00027977 -0.0208164 -0.0453813 -0.0110227 0.0431003 0.0477653 -0.00432719 -0.0478986 0.00787019 0.0605417 0.0164648 -0.00245794 -0.078039 0.0104772 0.0673274 0.00233367 0.080674 -0.086414 -0.0500235 -0.0438653 0.0211012 0.0372226 0.0741378 0.0698659 0.0155461 -0.0441013 -0.0746813 0.0842708 -0.0426232 0.00942288
internal_weight=2411.75 1689.56 1220.49 594.758 469.067 722.194 197.163 75.4439 501.373 393.623 470.216 347.189 625.734 54.0865 525.031 89.4481 435.583 571.647 211.477 63.6717 164.618 149.224 347.788 123.027 303.336 71.3351 185.352 430.198 45.8351 32.0623
internal_count=18613 15201 12486 4646 2715 3412 1132 806 3167 1909 2720 2166 7840 439 2280 456 1824 7401 2457 353 770 606 1605 554 1740 742 2353 1785 304 170
is_linear=0
shrinkage=0.1


Tree=17
num_leaves=31
num_cat=0
split_feature=2 1 6 2 8 8 8 7 7 7 7 0 3 2 2 8 1 1 5 8 4 4 6 2 1 5 2 1 4 5
split_gain=204.584 188.018 102.402 112.04 111.712 157.317 76.2833 62.6218 75.7211 61.6103 60.7808 50.6708 47.218 43.8978 53.8114 42.6158 42.0068 39.6025 38.2989 35 69.2907 34.7113 32.7684 32.1956 90.5038 28.9889 28.403 28.1029 28.4447 27.765
threshold=-2.0237580263441477 2.9995721923299277 -0.17076855251508519 -1.2379334179491499 -1.4379675927874975 0.70096686624254934 0.70096686624254934 1.3364688167677514 0.40841740954183336 0.40714536059099543 -1.4506429737386981 -0.7549094643459614 1.6206905537647123 0.91837202087001113 1.0701754312763285 0.70096686624254934 -0.71938040512663537 0.36402895199065671 -0.55354184798357953 -1.4379675927874975 1.8603947913951628 -0.8384523842426721 -0.12551513016946431 -3.8325380776459399 -0.50225133925713228 -0.031187445368651198 0.29668965308033218 0.54726518288879611 -0.77229234335882979 3.3636259917980467
decision_type=2 2 2 2 2 2 2 2 2 2 2 2 2 2 2 2 2 2 2 2 2 2 2 2 2 2 2 2 2 2
left_child=15 2 3 6 13 -6 -2 8 9 10 11 21 -13 -4 17 25 -17 -15 22 20 -3 -7 -11 -18 -25 -1 -21 28 -24 -5
right_child=1 19 4 29 5 7 -8 -9 -10 18 -12 12 -14 14 -16 16 23 -19 -20 26 -22 -23 27 24 -26 -27 -28 -29 -30 -31
leaf_value=-0.16585286687186346 0.072233447875897402 -0.24730559569621222 -0.11482258298075754 -0.10017551423225368 0.09850392662557847 -0.11478597715139566 -0.078074508462191688 -0.067424660614112647 0.11775108369990667 -0.11120875348423526 0.13736069256578515 -0.083515017664586966 0.074490629692246513 -0.11347223591154232 -0.10589788184199822 -0.14080673121126649 0.10712832927847121 0.12171656772298221 -0.11100825444973209 -0.11306026722390811 0.080786483412210786 0.060933510182769685 -0.087588437065567279 0.046737482683322271 -0.16813819432873858 0.099959695000016544 0.07972117575739196 -0.099592573109918425 0.063366357977120785 0.031327963372015016
leaf_weight=4.1922444552183142 82.676193982362747 10.504554357379677 124.02070436254144 354.10592102259398 148.32850943505764 12.439020514488218 57.073864847421646 171.24464667215943 51.178635165095329 30.159214019775391 38.269862532615662 85.193901244550943 24.309894204139709 9.4842616133391839 35.916522037237883 13.219433933496473 58.527657046914101 29.210108663886786 71.647756118327379 7.8982189930975428 16.623710140585899 116.78963231295347 15.484394464641808 174.91461607813835 22.075510680675507 192.29810811579227 236.01778258383274 19.575407471507788 64.391836695373058 16.818046174943447
leaf_count=29 357 110 1934 5361 595 152 540 2066 209 340 97 664 86 146 510 88 242 124 793 119 80 492 114 763 187 837 1109 143 209 117
internal_value=-0.00031759 -0.0153755 -0.0287459 -0.0654623 -0.0108484 0.00494622 0.0108477 -0.0148591 0.00214298 -0.0102282 0.0203653 0.00161045 -0.0484377 -0.0783597 -0.0177498 0.0588931 0.0330134 0.0640701 -0.0523357 0.0614947 -0.0462567 0.0440195 -0.019902 0.0420061 0.0226576 0.0942884 0.0734787 0.00778727 0.034103 -0.094213
internal_weight=2294.59 1829.36 1558.32 510.674 1047.64 849.013 139.75 700.684 529.44 478.261 277.002 238.732 109.504 198.632 74.6109 465.228 268.737 38.6944 201.259 271.044 27.1283 129.229 129.611 255.518 196.99 196.49 243.916 99.4516 79.8762 370.924
internal_count=18613 16467 15049 6375 8674 5960 897 5365 3299 3090 1491 1394 750 2714 780 2146 1280 270 1599 1418 190 644 806 1192 950 866 1228 466 323 5478
is_linear=0
shrinkage=0.1


Tree=18
num_leaves=31
num_cat=0
split_feature=2 1 2 7 7 7 3 8 4 8 7 0 2 7 7 3 1 4 5 4 3 5 3 5 0 4 2 4 6 6
split_gain=177.506 202.579 86.2285 77.6235 107.608 78.2684 74.5599 62.3355 60.4512 55.977 59.1939 60.7852 56.1625 43.312 61.0585 50.3266 46.9129 41.3186 40.3465 39.7437 35.6833 34.519 33.671 29.9203 35.0569 27.83 27.2568 26.7655 47.9306 33.2313
threshold=-1.4028048166430398 0.2990287421095314 0.024873093360088083 1.3448660721952626 -0.52978138065229585 -1.439528444765199 1.4908181774488203 0.70096686624254934 -0.12857286966019732 -1.4379675927874975 1.3364688167677514 0.6460688204808821 0.91837202087001113 0.40714536059099543 0.40841740954183336 -1.5948046123124311 -0.67192178118666124 -0.71350723708666453 -0.20427751067516611 -0.43033952414557075 -0.7425983392942509 1.5814374736916974 0.5723912205048941 1.0000000180025095e-35 0.18459079674695572 -0.86808055303318821 0.58506821362589456 -0.72451626872667341 -0.064962874724300623 -0.15550612123535626
decision_type=2 2 2 2 2 2 2 2 2 2 2 2 2 2 2 2 2 2 2 2 2 2 2 2 2 2 2 2 2 2
left_child=7 3 -3 4 5 6 17 18 13 12 -11 -12 -4 16 15 -15 21 -2 -1 -14 -5 -9 -22 24 -6 -20 -13 28 29 -18
right_child=1 2 9 20 23 -7 -8 8 -10 10 11 26 19 14 -16 -17 27 -19 25 -21 22 -23 -24 -25 -26 -27 -28 -29 -30 -31
leaf_value=-0.11248189771093975 -0.0022942064578311393 -0.10603872079608162 -0.12735540642921214 -0.36816035958371945 -0.039687433363371639 0.13732409152240563 0.078622630734888482 -0.208819254871738 -0.13303546043711842 0.078078412183948551 -0.1061296163917167 -0.11314859784474754 -0.1391603612502442 0.075569115005337889 0.043958137877038846 -0.20468876311132714 0.077135090453440747 -0.09430492358327551 -0.26141056460910239 0.061020154729366706 0.095046730642955102 0.019469918685052125 -0.33482530384301606 -0.11268658664705329 -0.10234577185781549 0.089754131588712371 0.052331423305473003 0.074705026226989851 0.063106612444854646 -0.23267774416170828
leaf_weight=10.567147523164747 87.28372510150075 45.965955141931772 37.587331306189299 1.8367184028029431 224.12798906117678 33.532716482877731 54.206230752170086 11.747477207332851 25.138458572328091 296.05495608225465 38.90475782752037 10.936397232115267 12.081276670098303 8.4551720768213254 40.200998973101377 26.455847404897213 4.8550691455602673 110.71006669104099 2.2762390598654738 55.389531556516886 52.173925898969173 15.185380363836883 1.8880593851208676 198.89189714938402 148.42517291754484 264.19756904989481 110.77104590088129 204.64708577096462 33.090711507946253 12.067687422037123
leaf_count=92 555 694 586 16 2865 95 203 91 374 1448 437 176 155 29 190 228 22 1367 20 314 240 77 14 3239 2199 1210 598 876 118 85
internal_value=-0.00031055 -0.0190945 0.0256437 -0.0488696 -0.0563153 -0.00620883 -0.0252931 0.0430445 0.016845 0.0364193 0.0515604 0.00267988 -0.0293962 0.0274077 -0.0400615 -0.136813 0.0454044 -0.0537429 0.079155 0.025176 0.0653071 -0.0801044 0.0800339 -0.0813695 -0.0646505 0.0867545 0.0374617 0.0586782 -0.00690101 -0.143794
internal_weight=2179.65 1520.77 607.691 913.077 857.178 285.733 252.2 658.885 381.844 561.725 456.667 160.612 105.058 356.705 75.112 34.911 281.593 197.994 277.041 67.4708 55.8987 26.9329 54.062 571.445 372.553 266.474 121.707 254.661 50.0135 16.9228
internal_count=18613 15201 4408 10793 10523 2220 2125 3412 2090 3714 2659 1211 1055 1716 447 257 1269 1922 1322 469 270 168 254 8303 5064 1230 774 1101 225 107
is_linear=0
shrinkage=0.1


Tree=19
num_leaves=31
num_cat=0
split_feature=2 1 4 4 7 7 1 7 2 3 1 1 2 8 7 4 2 1 2 3 1 7 2 3 7 4 0 3 7 6
split_gain=152.748 142.365 93.4202 53.6378 56.4386 54.7153 107.466 85.8703 65.2269 100.262 43.2041 44.0142 38.8355 36.6931 36.5062 38.3058 35.6634 64.1132 34.8187 32.8392 35.3947 32.3408 32.0866 30.6173 32.0822 27.7126 27.1644 26.8533 26.4574 26.3643
threshold=-2.0237580263441477 3.3079773135481108 0.88876367133521705 -0.85620303252337615 1.3448660721952626 0.40714536059099543 0.099312125686082012 -0.51959946746971752 -1.0583996170959249 0.52476947529804285 -0.35537054151484276 -0.56628467509495317 -0.09986302792514358 0.70096686624254934 -0.52978138065229585 -0.43033952414557075 -3.8325380776459399 -0.50225133925713228 0.015222741852564801 1.3537106529654157 -0.21779890861867982 -1.4821352249473769 -2.7534455734585057 0.11081191501394592 -1.4821352249473769 -0.78442173383679659 -1.0902167777483067 1.2745228895294078 -1.0596666383472522 -0.13458492357125815
decision_type=2 2 2 2 2 2 2 2 2 2 2 2 2 2 2 2 2 2 2 2 2 2 2 2 2 2 2 2 2 2
left_child=13 2 3 -2 5 7 -7 8 10 21 11 23 -8 -1 18 -16 -15 22 28 20 -17 -10 25 24 -5 -18 -20 -3 -11 -14
right_child=1 27 -4 4 -6 6 12 -9 9 14 -12 -13 29 16 15 19 17 -19 26 -21 -22 -23 -24 -25 -26 -27 -28 -29 -30 -31
leaf_value=0.089151470010430833 -0.11789657722014316 0.066710513994241036 -0.11091830802348364 0.099327505025129631 0.076457474074041062 -0.08982838855548135 -0.11753078301482185 0.1422472862950149 0.066413729632459714 -0.10473926246588799 -0.12715214583010809 0.089309046169783565 -0.047689870011953323 0.10324457165353602 -0.11206446760997427 -0.11109061937074388 -0.28504462647762985 -0.15670385084859995 -0.15657492453047817 -0.1144579306005039 0.090920070706816583 -0.094990096496282164 0.048404025842617854 0.070803785429684504 -0.094790533989139739 -0.0230631753339521 0.07952933044294129 -0.1273937166271446 0.15391462805702874 0.033689166727460959
leaf_weight=171.1462266780436 51.532369129359722 216.0716687887907 117.54915842786431 10.771856822073458 65.661303319036961 253.18115620687604 24.374690178781748 39.685934588313103 13.31153606623411 21.854449842125181 14.999067556113003 113.83106469735503 51.444437626749277 51.4602285400033 38.720643203705549 10.899868328124283 4.8029602169990566 20.706880828365684 5.1012267768383017 15.803672008216379 42.461679916828871 184.18600011244416 147.72422665171325 31.74936592951417 40.61800579726696 25.342488292604685 108.89959656074643 7.3704770170152178 4.8283683359622946 176.02878858521581
leaf_count=866 899 1194 2126 47 323 3620 348 121 79 202 172 452 556 242 728 191 34 187 43 244 287 2753 677 153 346 140 457 88 11 1027
internal_value=-0.000311251 -0.0139506 -0.0254932 -0.0178856 -0.0138224 -0.018751 -0.0438207 -0.000604909 -0.00922027 -0.0309235 0.0364519 0.0489102 0.00243047 0.0534755 0.0113361 -0.0324261 0.0290559 0.00983028 0.0448959 0.0121577 0.0496565 -0.0841113 0.0292175 -0.00640234 -0.0541013 -0.0648037 0.0689643 0.0603078 -0.0579348 0.0152848
internal_weight=2082.12 1660.94 1437.49 1319.95 1268.41 1202.75 505.029 697.722 658.036 446.067 211.969 196.97 251.848 421.183 248.57 107.886 250.037 198.577 140.684 69.1652 53.3615 197.498 177.87 83.1392 51.3899 30.1454 114.001 223.442 26.6828 227.473
internal_count=18613 16467 15185 13059 12160 11837 5551 6286 6165 4995 1170 998 1931 2146 2163 1450 1280 1038 713 722 478 2832 851 546 393 174 500 1282 213 1583
is_linear=0
shrinkage=0.1


Tree=20
num_leaves=31
num_cat=0
split_feature=2 1 4 2 7 0 1 4 6 1 3 1 4 6 3 8 4 2 6 0 3 1 0 5 2 3 4 3 3 6
split_gain=132.217 129.284 67.3561 49.2282 46.331 44.6235 58.801 41.8095 40.9099 39.4081 36.2491 33.5934 31.4915 45.8642 52.1231 51.5561 42.1937 30.429 40.3117 41.3276 41.0817 30.3625 30.1399 28.0303 33.6174 27.166 26.2678 26.0467 29.4267 25.9563
threshold=-1.8159562635533175 0.93292470173528164 0.88876367133521705 0.57527013147622974 -0.52978138065229585 -0.96759012004382383 -0.56628467509495317 -0.59866945902535618 -0.18908012764688142 -0.50650858130711873 -0.57966399335487384 -0.41191997676244912 -0.83064096298262757 -0.1378410019191931 1.091626322200584 -0.71225346446837745 0.16475814154490395 -4.1874568006805015 -0.13001583392327495 -1.144934439927346 -0.92085478944457611 -0.71960129207986723 1.0000000180025095e-35 -0.019997718347775115 -3.4249745292095723 1.3243046657067017 -0.87742818093127883 1.5754183610723336 -0.7425983392942509 -0.12767036038276439
decision_type=2 2 2 2 2 2 2 2 2 2 2 2 2 2 2 2 2 2 2 2 2 2 2 2 2 2 2 2 2 2
left_child=10 2 5 4 -3 8 -7 -5 -2 -8 17 21 -11 14 -14 -15 -16 -1 19 20 -19 -10 29 24 -12 -24 -20 28 -23 -9
right_child=1 3 -4 7 -6 6 9 22 11 12 23 -13 13 15 16 -17 -18 18 26 -21 -22 27 25 -25 -26 -27 -28 -29 -30 -31
leaf_value=0.11352401886860451 -0.12088793786005779 0.10602005244806634 -0.10964797509221187 -0.051011722262698012 -0.097136287975700508 -0.097052115272962869 0.14334275872025168 -0.2768598356764293 -0.12755556676845545 -0.11406408079622038 0.086087648503562611 -0.12032695278982351 -0.091034845703047262 -0.10886362864782545 -0.1034927910209979 0.015437983810582256 0.091537785158225624 -0.25042041576020097 -0.24704189356211215 -0.13202227866148045 0.095036117137157816 -0.045820679938005267 0.072828673876514649 0.074139989651113597 -0.21203366766784937 -0.11055645432742051 0.049736343178472489 -0.1426710180742787 0.052303980637172953 0.1131108047248211
leaf_weight=23.87451559305191 23.103214878588915 14.828077085316179 101.27024644240737 36.515704520046711 46.206016544252634 136.42854985594749 13.732219934463499 4.7483075372874737 12.342070024460552 39.624716885387897 7.4374439269304276 16.705593932420015 142.97493369504809 37.696906097233295 16.532441314309835 290.55165112763643 33.71402770653367 4.1675831750035313 3.1014211550354949 38.929182877764106 19.783233873546124 35.527569159865379 279.76527060940862 284.10960948839784 7.6969835516065341 8.3180628791451436 77.682542536407709 8.1828237399458867 218.67752425000072 2.6645609736442557
leaf_count=124 394 74 2049 284 746 2127 34 59 190 787 36 279 2572 813 255 1777 238 34 23 343 78 329 1464 1493 74 96 313 111 1405 12
internal_value=-0.000327097 -0.0146218 -0.0318437 0.0347622 -0.04778 -0.0241626 -0.0380326 0.0499361 0.00720109 -0.024025 0.0462247 0.0173552 -0.0281212 -0.0215906 -0.0602448 0.00116287 0.0273675 0.00898152 -0.00839167 -0.0684327 0.0349246 0.0257273 0.0624106 0.0670761 -0.0655292 0.0675336 0.0383426 0.0329373 0.0385901 -0.136685
internal_weight=1986.89 1520.11 1127.06 393.046 61.0341 1025.79 711.255 332.012 314.539 574.827 466.783 291.436 561.095 521.47 193.221 328.249 50.2465 167.538 143.664 62.88 23.9508 274.73 295.496 299.244 15.1344 288.083 80.784 262.388 254.205 7.41287
internal_count=18613 16095 13360 2735 820 11311 8603 1915 2708 6476 2518 2314 6442 5655 3065 2590 493 915 791 455 112 2035 1631 1603 110 1560 336 1845 1734 71
is_linear=0
shrinkage=0.1


Tree=21
num_leaves=31
num_cat=0
split_feature=2 1 6 2 8 0 6 4 3 7 4 5 7 0 5 6 8 2 7 0 7 5 4 1 3 2 8 8 2 2
split_gain=113.288 131.184 63.2414 62.3322 48.6088 48.3464 48.5837 46.7329 42.3471 36.6387 39.3321 69.4841 36.3086 43.7616 36.2555 33.5178 32.597 47.3605 45.0386 48.6543 32.3975 30.6776 30.0813 30.0282 29.421 31.2707 25.4957 38.6104 26.5482 23.2117
threshold=-1.4028048166430398 0.2990287421095314 -0.1378410019191931 0.024873093360088083 0.70096686624254934 -0.097786126376738239 1.0000000180025095e-35 -0.28790004366889421 1.5754183610723336 0.40714536059099543 -0.75335609894463229 0.034939465302350786 0.40841740954183336 -0.54993654647821888 2.4142790689024132 0.0048825011449326007 -1.4379675927874975 0.91837202087001113 1.3364688167677514 0.2563867468972667 -0.52978138065229585 -0.20427751067516611 -0.43033952414557075 -0.71938040512663537 1.5869216785277866 0.36091847316579589 0.70096686624254934 -1.4379675927874975 -1.1410430598654222 0.58506821362589456
decision_type=2 2 2 2 2 2 2 2 2 2 2 2 2 2 2 2 2 2 2 2 2 2 2 2 2 2 2 2 2 2
left_child=4 2 14 -3 21 6 23 9 16 10 11 15 13 -11 26 -6 17 -5 -18 -20 -16 -1 -19 -4 -7 -26 27 28 -2 -21
right_child=1 3 5 8 7 24 -8 -9 -10 12 -12 -13 -14 -15 20 -17 18 22 19 29 -22 -23 -24 -25 25 -27 -28 -29 -30 -31
leaf_value=-0.10176482343064466 0.049793408582690581 -0.10152217175624963 -0.12248522630059953 -0.12897061262505724 -0.16748573789652774 -0.083978161213770108 -0.12098663030618356 -0.10113171073677665 -0.11511539169157768 -0.20094237673473048 0.060590002896703687 -0.22532680372970815 0.031480824011895642 0.062065575739902283 0.075018108090815772 0.09304927510590344 0.07316736449587713 -0.14274644468251771 -0.18278277826255862 -0.11112243444270729 -0.1096234799430712 0.079264691034874615 0.062216265128671802 0.040315186738184967 0.082284488118599564 -0.1632974520585749 -0.09883979084634327 0.089332999065879742 -0.084962801214039138 0.035328149676396213
leaf_weight=9.7676597945392114 17.06101917847991 38.253526002168655 12.02268987894058 27.035908006131649 6.1591417752206352 106.71803208440542 23.413926653563976 32.667140409350395 19.107648767530918 21.232786983251575 202.53315438330173 14.247437559068201 30.956186346709728 9.0113457292318326 30.177323080599308 24.903933677822351 259.94645887240767 8.4058001786470395 12.834120027720926 11.947740010917185 13.870686236768959 224.84316240437329 48.336442120373249 196.56222840771079 23.441962119191889 6.657470501959323 237.98807824775577 18.571100510656834 102.16720356047153 114.90572245046496
leaf_count=92 99 694 157 510 44 1482 491 469 283 178 991 111 157 60 152 80 1417 124 191 223 287 1230 268 1236 108 111 4564 94 2012 698
internal_value=-0.000352071 -0.0164052 -0.0424172 0.0215301 0.0366784 -0.0122043 0.0155995 0.0126143 0.0308972 0.0246377 0.0417476 -0.0424759 -0.0446525 -0.122578 -0.0689586 0.0413908 0.0366686 -0.0200461 0.0485581 0.00276251 0.0168746 0.0717278 0.0318531 0.0309315 -0.0593508 0.027966 -0.0790196 -0.0447889 -0.0656798 0.0215346
internal_weight=1905.75 1329.43 788.652 540.773 576.322 368.816 231.999 341.711 502.52 309.044 247.844 45.3105 61.2003 30.2441 419.835 31.0631 483.412 83.7782 399.634 139.688 44.048 234.611 56.7422 208.585 136.817 30.0994 375.787 137.799 119.228 126.853
internal_count=18613 15201 10793 4408 3412 3585 1884 2090 3714 1621 1226 235 395 238 7208 124 3431 902 2529 1112 439 1322 392 1393 1701 219 6769 2205 2111 921
is_linear=0
shrinkage=0.1


Tree=22
num_leaves=31
num_cat=0
split_feature=2 1 6 8 8 8 2 7 7 7 7 1 2 2 8 3 0 2 1 1 2 3 5 5 1 4 4 5 1 2
split_gain=98.6333 100.85 77.83 69.8553 92.4708 64.2301 58.513 39.32 62.2597 36.8362 45.3675 38.6592 36.6467 37.0233 31.6563 30.1957 34.2065 30.0524 44.0573 29.1131 28.4559 30.1195 27.2158 27.1743 26.6571 26.6197 25.1933 25.0565 24.8228 23.2133
threshold=-1.8159562635533175 3.3079773135481108 -0.17076855251508519 -1.4379675927874975 0.70096686624254934 0.70096686624254934 -0.52559624767123747 1.3364688167677514 0.40841740954183336 0.40714536059099543 -1.4506429737386981 -0.24074009487816173 0.91837202087001113 1.0701754312763285 0.70096686624254934 0.95920024390816838 -0.56331440280488743 -3.8325380776459399 -0.47910052521261687 -0.71960129207986723 0.95205744300812112 0.6925982219271718 -0.55354184798357953 3.6937620381724923 -0.64445528811844477 -0.85402780845736481 -0.43033952414557075 -0.042318636051281416 -0.46809888907186331 1.1877823276448758
decision_type=2 2 2 2 2 2 2 2 2 2 2 2 2 2 2 2 2 2 2 2 2 2 2 2 2 2 2 2 2 2
left_child=14 2 5 12 25 6 -2 8 9 10 11 15 -4 26 27 16 24 -16 19 -19 -9 29 -11 -7 -6 -5 -14 -1 -26 -22
right_child=1 -3 3 4 7 23 -8 20 -10 22 -12 -13 13 -15 17 -17 -18 18 -20 -21 21 -23 -24 -25 28 -27 -28 -29 -30 -31
leaf_value=-0.11926609437382513 0.054883767903137051 0.053684939073858254 -0.11340339475869948 -0.17832626681465236 -0.12792429317898754 -0.10810054649488952 -0.071160827566736501 -0.089812106163358343 0.11464477568105698 -0.017523436604311101 0.12847925380614289 -0.15477134304464996 -0.11255972771225325 -0.097211814892691734 0.097758604798767801 0.072478232470343365 -0.1139117561428533 -0.17304619269692822 -0.14464715410008566 0.026272549670110612 0.08418360016514119 -0.12242061775437561 -0.10353235423508543 0.067229854327334443 0.050396736231334532 0.095648326858061794 0.10290615231011363 0.084338353554581677 -0.16014059975175793 -0.1273677625465921
leaf_weight=6.2879173606634131 67.799370381981134 193.91511427238584 84.49849446117878 3.6620598956942549 11.60785014554858 194.03196148388088 80.630627226084471 91.512236438691616 45.590603798627853 126.43442936241627 32.069837808609009 14.892249420285223 6.8143466226756564 27.741695072501898 42.170241672545671 57.504083294421434 27.352593578398228 7.6112540308386079 17.92360969632864 196.99164899997413 31.549359552562237 13.978997018188236 51.889334082603455 9.2617691457271558 73.326766055077314 112.23962718620896 26.646556731313467 156.00718067586422 6.0630992464721194 6.2073965407907954
leaf_count=49 499 1281 1932 23 159 4081 1547 1631 228 864 97 136 145 515 242 246 318 75 200 1018 149 216 768 52 388 559 126 934 57 78
internal_value=-0.000385679 -0.0132401 -0.0240252 -0.00768061 0.00533164 -0.0635981 -0.0135866 -0.0107105 0.00390821 -0.00867728 0.0184321 -6.98612e-05 -0.0707212 -0.0117927 0.041677 0.0130311 -0.0158532 0.0203564 0.0056882 0.0188579 -0.0563003 0.00297665 -0.0425506 -0.100113 0.0136218 0.0869918 0.0590263 0.07645 0.0343177 0.0494035
internal_weight=1824.21 1397.22 1203.31 851.582 705.881 351.724 148.43 589.979 446.731 401.14 222.816 190.747 145.701 61.2026 426.992 175.854 118.35 264.697 222.527 204.603 143.248 51.7358 178.324 203.294 90.9977 115.902 33.4609 162.295 79.3899 37.7568
internal_count=18613 16095 14814 8635 5917 6179 2046 5335 3261 3033 1401 1304 2718 786 2518 1168 922 1535 1293 1093 2074 443 1632 4133 604 582 271 983 445 227
is_linear=0
shrinkage=0.1


Tree=23
num_leaves=31
num_cat=0
split_feature=2 1 6 8 8 8 2 2 7 7 2 4 7 7 1 8 4 2 1 1 4 4 5 5 5 3 2 5 3 4
split_gain=84.2322 87.2012 75.5988 58.7571 80.4273 53.505 44.1814 33.5715 32.9261 55.7879 31.7309 31.43 29.4693 40.0924 33.2203 26.9128 28.0873 26.6107 29.5296 26.5593 25.5315 41.8925 25.1408 24.9304 24.4275 23.2387 24.7005 22.813 22.7859 21.4301
threshold=-1.7378339735139243 3.3079773135481108 -0.17076855251508519 -1.4379675927874975 0.70096686624254934 0.70096686624254934 -0.52559624767123747 0.91837202087001113 1.3364688167677514 0.40841740954183336 1.0701754312763285 -0.87742818093127883 0.40714536059099543 -1.4506429737386981 -0.24074009487816173 0.70096686624254934 -0.11931918304909399 0.48656290563104659 -0.60660890044052651 -0.71960129207986723 -0.58407707152013233 -0.44540232649100514 3.6937620381724923 -0.066662376137336943 -0.55354184798357953 1.1470368741952168 0.79623496424560503 0.32973415272385748 1.0257868031979849 0.26431588824714264
decision_type=2 2 2 2 2 2 2 2 2 2 2 2 2 2 2 2 2 2 2 2 2 2 2 2 2 2 2 2 2 2
left_child=11 2 5 7 -5 6 29 -4 9 12 -9 -1 13 14 17 23 19 18 -6 -17 -10 -22 -7 -13 -14 -3 -27 -19 -8 -2
right_child=1 25 3 4 8 22 28 10 20 -11 -12 15 24 -15 -16 16 -18 27 -20 -21 21 -23 -24 -25 -26 26 -28 -29 -30 -31
leaf_value=-0.21504219962044965 0.068789023087812914 0.060881234593916859 -0.11242110626712945 0.084311564870137259 -0.12720375454435304 -0.10850865098557437 -0.10837093822372211 0.054387731570488124 -0.11276305975147478 0.11323229469012314 -0.093684881151456748 -0.11584049442152322 -0.01577144743277006 0.12523791941793691 -0.14891908226840667 -0.17149173531962106 -0.1439815820516667 -0.15235044377369328 0.0081078693055926052 0.032789731867916075 0.042226061668057639 -0.095353884318423746 0.060252132157547537 0.081018484704574956 -0.099520343247535781 0.014849330381180635 -0.25838438283671616 0.094370986528822753 0.0052969568676925856 -0.11766894584561792
leaf_weight=4.857349954545497 52.916770197451115 171.30357928574085 74.461964169517159 107.10742881521583 19.325227163732052 174.15877335332334 49.127652127295732 32.642472429201007 46.945104202255607 41.740295931696892 25.99875002913177 6.7109340559691182 126.43168273381889 29.32643161714077 13.976999945938585 6.531782327219843 9.9167481660842878 4.0909381918609133 97.492412269115448 248.38257233612239 47.694600041955709 41.294827539473772 9.2987710125744325 155.37737466394901 48.068430554121733 11.284225851297377 4.6810236088931552 44.672316130250692 27.51162277162075 6.9766800738871089
leaf_count=40 337 1126 1912 575 275 4034 1153 271 1036 228 515 55 864 96 136 55 203 45 644 1331 334 700 52 984 763 106 49 175 394 125
internal_value=-0.000402338 -0.0130399 -0.0235898 -0.0071808 0.00490547 -0.0646788 -0.0172788 -0.0678529 -0.0102533 0.00344515 -0.0112607 0.0378967 -0.00850773 0.0168326 -0.000872774 0.0407746 0.021132 0.0116241 -0.0142768 0.0275553 -0.0530942 -0.0216168 -0.0999548 0.0728679 -0.0388412 0.050127 -0.065263 0.0736726 -0.0675669 0.0470695
internal_weight=1740.31 1308.53 1121.26 801.27 668.167 319.99 136.533 133.103 561.059 425.125 58.6412 431.777 383.384 208.884 179.558 426.919 264.831 165.581 116.818 254.914 135.935 88.9894 183.458 162.088 174.5 187.269 15.9652 48.7633 76.6393 59.8935
internal_count=18613 15945 14664 8569 5871 6095 2009 2698 5296 3226 786 2668 2998 1371 1275 2628 1589 1139 919 1386 2070 1034 4086 1039 1627 1281 155 220 1547 462
is_linear=0
shrinkage=0.1


Tree=24
num_leaves=31
num_cat=0
split_feature=6 0 1 2 4 8 3 3 1 3 2 2 3 3 4 2 8 8 0 5 2 3 4 2 0 6 0 1 6 3
split_gain=72.8096 80.3461 81.9753 52.2874 48.2531 51.2333 43.6362 40.1863 38.2316 35.254 31.1371 29.9294 33.0781 37.0401 34.7677 29.7143 27.2179 43.0306 50.8474 43.4603 40.6824 34.6887 28.5189 26.5618 48.9096 21.7346 21.4926 21.4867 21.0604 20.9184
threshold=-0.18779955645660998 -0.96759012004382383 0.13104749004878385 -0.09986302792514358 -0.54807898412747702 -0.37004184529760925 1.7634541634436649 -0.77069205416916653 -0.4681897502375551 1.6206905537647123 -4.1874568006805015 -0.98273529036270746 -1.3625588321753817 -1.6572036574586306 -0.72451626872667341 -3.4249745292095723 -1.4379675927874975 0.70096686624254934 0.42741267957333406 -0.80438423299002326 0.883079051471514 0.43089364977640715 -0.43033952414557075 -0.58592686320217024 -1.1038523950706347 0.18044008111018331 0.18459079674695572 -0.45500404141164857 -0.1337683384642063 0.90999170938298446
decision_type=2 2 2 2 2 2 2 2 2 2 2 2 2 2 2 2 2 2 2 2 2 2 2 2 2 2 2 2 2 2
left_child=-1 7 4 -4 5 -3 -6 10 23 16 -2 12 13 -7 -14 -10 20 -18 19 -19 -5 -21 -22 29 -25 -20 -24 -13 -15 -9
right_child=1 2 3 9 6 11 -8 8 15 -11 -12 27 14 28 -16 -17 17 18 25 21 22 -23 26 24 -26 -27 -28 -29 -30 -31
leaf_value=-0.086332853111630942 0.10826582013213891 -0.13127799533125881 -0.099685020612750141 -0.12164207374409769 -0.091645730796175925 -0.19420864583656314 0.089309943784767934 0.077010693191030266 0.096540999137516514 -0.12047702908986467 -0.050256060399397708 -0.081397546362182702 -0.080151158436672545 -0.24387780313741725 0.04252772408671876 -0.11703918391407991 0.11887541088585761 -0.15827366635011314 0.049403489717291853 0.083539605610246093 -0.13815231990364382 -0.14480402986375715 0.20066674240239704 -0.1177859857370343 0.051958443588907159 -0.14997589454153856 0.02591064865040428 -0.003939312099281821 0.12092670788468432 -0.18619179303635969
leaf_weight=93.143585441634059 14.885302573442457 34.507843868806958 35.846802772954106 27.213350372388959 180.46536056697369 4.3233821988105765 14.38858826458454 286.22896798886359 9.1656858101487177 16.027369372546673 73.938650639727712 59.140663532540202 39.298957362771034 1.6316363662481297 56.048809267580509 22.515272118151188 60.792377181351185 24.734108271077275 266.57516792602837 23.080064188688993 8.9960666727274639 9.3472649641334993 8.4470907375216466 21.880102334544063 75.714604469016194 5.5820068251341572 42.176370654255152 90.789922602474689 52.562845099717379 3.0517863575369111
leaf_count=2081 104 891 726 668 4123 39 89 1770 59 291 637 815 317 12 330 342 318 356 1788 116 170 148 38 374 567 94 295 854 165 36
internal_value=-0.000431959 0.00466638 -0.0109734 0.0169237 -0.0386434 -0.0158118 -0.0782834 0.0374014 0.050366 0.025403 -0.0236906 -0.00269618 0.0282874 0.0874723 -0.00803615 -0.0552478 0.0303052 0.0415756 0.0273061 -0.0584342 -0.0203293 0.0177189 0.025915 0.0590146 0.0139028 0.0453142 0.0550707 -0.034493 0.109944 0.074234
internal_weight=1662.5 1569.36 1061.98 528.818 533.158 338.304 194.854 507.38 418.556 492.971 88.824 303.796 153.866 58.5179 95.3478 31.681 476.944 390.111 329.319 57.1614 86.8329 32.4273 59.6195 386.875 97.5947 272.157 50.6235 149.931 54.1945 289.281
internal_count=18613 16532 12643 5008 7635 3423 4212 3889 3148 4282 741 2532 863 216 647 401 3991 2820 2502 620 1171 264 503 2747 941 1882 333 1669 177 1806
is_linear=0
shrinkage=0.1


Tree=25
num_leaves=31
num_cat=0
split_feature=6 0 1 6 8 2 3 1 2 3 3 2 2 0 3 3 4 0 3 3 8 8 3 2 6 2 4 6 3 5
split_gain=65.1013 71.9906 71.5171 48.8904 53.4917 45.0381 36.0353 35.1859 33.8109 33.8671 29.8176 29.2709 29.1537 40.6373 29.0586 32.5064 29.6618 28.713 24.5777 24.3821 26.6213 23.8662 20.1306 20.06 19.3995 18.6973 22.3149 22.0275 17.7965 17.7474
threshold=-0.18908012764688142 -0.96759012004382383 0.13104749004878385 -0.16661352699909207 -0.37004184529760925 0.024873093360088083 -0.81071125726170812 -0.35537054151484276 -0.98273529036270746 1.5869216785277866 1.6206905537647123 -4.1874568006805015 -0.95312216102827152 -1.1174630718106771 -1.3625588321753817 -1.6572036574586306 -0.72451626872667341 -0.45411014824322465 0.60802629062801172 -0.2683219718886789 -1.3008610854220228 -0.74211130075103904 -0.84513630881830071 0.50508623429050614 -0.18181255019268208 0.71479808144099788 -0.54359744904939411 -0.11770330046311152 -1.1508796939594794 -1.0095635505304659
decision_type=2 2 2 2 2 2 2 2 2 2 2 2 2 2 2 2 2 2 2 2 2 2 2 2 2 2 2 2 2 2
left_child=-1 6 3 -3 -5 -4 11 12 14 -10 19 -2 18 -14 15 -6 22 -18 -8 20 -7 -15 -16 -11 -21 27 -27 -22 -13 -26
right_child=1 2 5 4 8 10 7 -9 9 23 -12 28 13 21 16 -17 17 -19 -20 24 25 -23 -24 -25 29 26 -28 -29 -30 -31
leaf_value=-0.10788775152264818 0.10744180499496905 -0.091213662758257277 -0.081985718087735859 -0.12267013010808479 -0.18476663672073909 -0.11247703571685215 0.071849978053559291 -0.10420373354678664 -0.053018894356952728 0.091789135497031438 -0.1169222754882334 -0.1307135218649419 -0.10868278332412412 -0.10939181144123192 -0.0026665656937608362 0.10811858642086752 0.072067345552297005 -0.10202577531940003 -0.18400630565766471 -0.13282688897909281 -0.17182303583703187 0.054596745393631102 -0.145748069469154 -0.16491756697391793 0.079101569461452012 -0.11197612137968459 0.062542985434064266 0.0051401877004376359 -0.019485366228156317 0.029429620518436034
leaf_weight=54.449560027569532 13.440315559506415 128.96228361129761 43.916764793917537 45.170313840731978 4.0953661054372779 20.912761094048619 286.40806923247874 15.093364959582685 162.80675823241472 26.649644667282704 14.55956945568323 20.931757379323244 23.256342012435198 9.8581343255937082 20.292513988912106 50.726513721048832 50.016254179179668 11.687295217067001 3.8043387606739989 6.1894493587315074 10.297122808173297 88.965694589540362 19.077265480533242 3.4366445150226346 107.58651155792177 8.3468931373208743 59.945630731061101 22.196158474311233 45.99100642465055 217.03664163686335
leaf_count=1476 103 3378 901 1273 38 405 1803 258 2223 121 287 242 437 205 125 176 255 157 34 139 184 625 192 47 738 80 367 191 359 1794
internal_value=-0.000424356 0.00337113 -0.0117724 -0.0377711 -0.0202766 0.0148334 0.0342073 0.0457593 -0.00701603 -0.0350062 0.0239369 -0.0272285 0.0512492 0.0102496 0.0276169 0.0862391 -0.00417966 0.0390923 0.068496 0.0284691 -0.00980184 0.0382381 -0.071999 0.0624665 0.0425481 0.011503 0.0412128 -0.0509395 -0.0542747 0.0458919
internal_weight=1596.11 1541.66 1033.91 522.921 393.959 510.988 507.749 427.386 348.788 192.893 467.071 80.3631 412.293 122.08 155.895 54.8219 101.073 61.7035 290.212 452.511 121.699 98.8238 39.3698 30.0863 330.813 100.786 68.2925 32.4933 66.9228 324.623
internal_count=18613 17137 13071 7985 4607 5086 4066 3362 3334 2391 4185 704 3104 1267 943 214 729 412 1837 3898 1227 830 317 168 2671 822 447 375 601 2532
is_linear=0
shrinkage=0.1


Tree=26
num_leaves=31
num_cat=0
split_feature=6 0 1 6 8 2 2 3 3 1 3 4 7 2 0 3 3 4 0 6 2 3 7 3 2 4 6 5 0 1
split_gain=57.69 61.1494 61.5396 47.0821 45.2105 34.9651 31.4294 32.9188 31.3788 30.2444 27.913 27.4216 33.1309 26.2099 38.9305 25.2814 28.1183 24.388 24.9481 24.2454 23.0035 20.8733 20.1105 19.0046 18.4036 38.757 29.784 40.049 17.9981 28.9308
threshold=-0.18908012764688142 -0.96759012004382383 0.032030652445471958 -0.16828487586387056 -0.37004184529760925 -0.34297491977271505 -0.98273529036270746 1.5869216785277866 -0.71415757318967277 -0.35537054151484276 1.5374809172096071 -0.73130109516528397 -0.52978138065229585 -0.58592686320217024 -1.1038523950706347 -1.3625588321753817 -1.6572036574586306 -0.72451626872667341 -0.37132240190955007 -0.18181255019268208 -4.1874568006805015 0.90999170938298446 -0.52978138065229585 -1.1508796939594794 0.67969734088872957 -0.56756239285266774 -0.14228712972949883 -0.43638954232484511 -0.097786126376738239 -0.20430138714625892
decision_type=2 2 2 2 2 2 2 2 2 2 2 2 2 2 2 2 2 2 2 2 2 2 2 2 2 2 2 2 2 2
left_child=-1 8 3 -3 -5 -4 15 28 20 13 11 12 -7 21 -15 16 -6 -17 -19 -13 -2 -10 -16 -22 26 -26 27 -21 29 -8
right_child=1 2 5 4 6 10 7 -9 9 -11 -12 19 -14 14 22 17 -18 18 -20 24 23 -23 -24 -25 25 -27 -28 -29 -30 -31
leaf_value=-0.10591685519123901 0.10669504127992298 -0.0943227925943671 -0.10134215566406513 -0.12237449118659448 -0.17564064209972463 0.096112091341360603 -0.060448460107746994 0.062433940932233582 0.069233916188264813 -0.098002113340903113 -0.081613888476109675 -0.12494258825463692 -0.090387549578685542 -0.11134702628710749 0.074331697111052239 -0.065841390437557087 0.10327935614246496 0.060061116563924245 -0.13284264904484422 -0.11092247472021791 -0.12198938987933064 -0.16296525209028945 -0.037614894021984535 -0.010882490261006577 -0.085372834593891944 0.059520742038744023 0.028620296583169405 0.83309007641599353 -0.10216097598847683 0.074189840695230463
leaf_weight=50.139001782052219 12.743632741272448 110.75992044247687 25.668366571888328 38.364477623254061 3.9090665038675061 12.600965719670056 67.896719790995121 27.850214406847954 274.03702900372446 14.271031867712734 26.462955616414547 9.5769534278660995 39.024520259350538 22.00824074074626 52.095851290971041 38.763788660988212 47.939092323184013 53.053600784391165 7.6741206571459761 24.652061700820926 20.223889647051692 3.9268938340246669 23.190866742283106 64.473709953948855 19.810622865334153 270.95291179418564 95.954357217997313 0.45774820446967979 53.661211693659425 20.863832613453269
leaf_count=1476 107 3166 604 1169 39 79 1006 161 1871 250 458 263 637 441 260 316 176 288 131 563 242 48 347 500 232 1857 821 2 949 154
internal_value=-0.000419485 0.00314761 -0.0110524 -0.0373084 -0.0197658 0.0124825 -0.00752578 -0.0369976 0.0321879 0.0448839 0.0183318 0.0239231 -0.0448659 0.0503178 0.00564776 0.0256329 0.0822503 -0.00387223 0.035684 0.0323503 -0.0185656 0.0659536 0.0398483 -0.0374123 0.0360081 0.0496487 0.0032472 -0.0937133 -0.0564412 -0.0288007
internal_weight=1533.01 1482.87 995.898 470.736 359.976 525.161 321.612 170.272 486.971 389.53 499.493 473.03 51.6255 375.259 97.295 151.34 51.8482 99.4915 60.7277 421.405 97.4412 277.964 75.2867 84.6976 411.828 290.764 121.064 25.1098 142.422 88.7606
internal_count=18613 17137 13071 7555 4389 5516 3220 2270 4066 3217 4912 4454 716 2967 1048 950 215 735 419 3738 849 1919 607 742 3475 2089 1386 565 2109 1160
is_linear=0
shrinkage=0.1


Tree=27
num_leaves=31
num_cat=0
split_feature=6 0 1 6 8 2 8 7 3 1 3 2 0 8 8 0 5 2 3 0 2 7 1 7 3 6 4 7 1 4
split_gain=51.0203 51.89 52.4895 42.4636 40.6267 30.1132 27.0149 31.8754 26.8884 25.3973 24.5782 23.0091 30.484 21.5966 44.9679 34.8044 30.8525 28.3109 28.2197 26.5525 20.6682 20.3699 26.8836 21.2228 27.4971 25.2306 24.8159 22.8522 20.151 19.7401
threshold=-0.18908012764688142 -0.96759012004382383 0.032030652445471958 -0.16661352699909207 -0.37004184529760925 -0.34297491977271505 0.70096686624254934 1.3364688167677514 -0.77069205416916653 -0.35537054151484276 1.6616718354955398 -0.95312216102827152 -1.0902003090556358 -1.4379675927874975 0.70096686624254934 0.72144994357795622 -0.80438423299002326 0.91837202087001113 0.28755788315098979 0.48237390252829165 -4.1874568006805015 0.40841740954183336 -0.67192178118666124 0.40714536059099543 -0.78156499429139015 -0.082602346648052757 -0.83522649915369473 -1.3995753634841035 3.4001492296075675 -0.43033952414557075
decision_type=2 2 2 2 2 2 2 2 2 2 2 2 2 2 2 2 2 2 2 2 2 2 2 2 2 2 2 2 2 2
left_child=-1 8 3 -3 -5 -4 -6 21 20 11 13 -10 -13 17 -15 16 19 -7 -18 28 -2 22 -8 27 25 -25 -27 -24 -16 -19
right_child=1 2 5 4 6 10 7 -9 9 -11 -12 12 -14 14 15 -17 18 29 -20 -21 -22 -23 23 24 -26 26 -28 -29 -30 -31
leaf_value=-0.10381441743495612 0.10602798604049944 -0.090204892963618166 -0.097711473402274318 -0.12071721527553228 0.11586127349493998 -0.099537407176523013 -0.10811044067784042 -0.10035994460735082 0.063375764567721565 -0.088910609159874587 -0.11999272655831839 -0.073943172187685299 0.041381841972492013 0.11490075089135972 -0.10858901110712078 0.039670943547692676 0.089570165199536866 -0.13204100658505988 -0.054783033601975686 -0.0083923237943501535 -0.039343069081207716 0.12102721174783848 0.0073030833921886897 -0.13247129524244236 -0.12109563577584417 -0.15738985525190585 0.12774489894894223 0.11864189344539622 -0.32253490305181776 0.041195858570979307
leaf_weight=46.240573490038514 11.251547783613203 107.3792763967067 24.045079411938787 34.669680351391435 17.037334859371185 31.732551684603095 23.961148125119507 37.028798256069422 254.16615011543036 14.36549625918269 12.765379223972557 31.73673889413476 82.509815212339163 54.663343789055943 23.086416820064191 221.62286152876914 29.559015376493335 7.58264435827732 24.993189865723252 25.117594063282013 74.789027011021972 12.974216073751448 138.42962571792305 7.9629498906433609 27.372915238142014 3.7157632354646948 17.095080722123384 21.266750350594521 5.4396986439824095 49.627270124852657
leaf_count=1476 104 3265 604 1150 78 895 377 918 1791 257 289 572 677 328 407 1699 167 171 328 214 665 43 933 117 472 60 58 84 63 351
internal_value=-0.000433713 0.00291402 -0.0104135 -0.0353544 -0.0181082 0.0115289 -0.00651465 -0.0137089 0.03018 0.0415343 0.0169315 0.0466207 0.00934552 0.0206235 0.0308962 0.0169735 -0.0295188 -0.0237834 0.0234345 -0.0833689 -0.0203329 -0.00101569 -0.00761862 0.00353717 -0.049346 0.0189104 0.0768343 0.0221301 -0.149387 0.0182349
internal_weight=1474.19 1427.95 959.129 448.894 341.514 510.235 306.845 289.807 468.819 382.778 486.19 368.413 114.247 473.425 384.482 329.819 108.196 88.9425 54.5522 53.6437 86.0406 252.778 239.804 215.843 56.1467 28.7738 20.8108 159.696 28.5261 57.2099
internal_count=18613 17137 13071 7555 4290 5516 3140 3062 4066 3297 4912 3040 1249 4623 3206 2878 1179 1417 495 684 769 2144 2101 1724 707 235 118 1017 470 522
is_linear=0
shrinkage=0.1


Tree=28
num_leaves=31
num_cat=0
split_feature=6 0 1 6 4 6 8 7 2 2 7 2 6 8 7 7 1 7 7 6 5 0 1 8 3 2 6 4 4 2
split_gain=45.1672 44.5224 44.3144 52.1748 25.8777 24.6216 25.2373 45.6492 29.8581 24.4233 23.9691 21.2079 44.4217 42.4573 45.6367 34.9463 34.8172 31.0579 26.8119 22.2104 31.9142 30.3155 21.1782 19.3525 24.4761 51.4775 71.3684 22.5348 21.252 31.8805
threshold=-0.18863091272880725 -0.96759012004382383 3.3079773135481108 -0.16828487586387056 -0.85146082294859082 -0.033248664849733434 0.70096686624254934 0.40714536059099543 -0.50660901996807317 1.2440099465934131 0.71782307104196186 0.91837202087001113 -0.097815440110135529 -1.341694153380059 1.3364688167677514 0.40841740954183336 -0.67192178118666124 0.40714536059099543 -1.439528444765199 -0.057828293946095809 0.16594739413981363 -0.65922463924932406 -0.71960129207986723 0.70096686624254934 0.16911925532282349 -0.52559624767123747 -0.18489907782770293 0.83023841011750188 0.31898452330310673 -0.14111122922007427
decision_type=2 2 2 2 2 2 2 2 2 2 2 2 2 2 2 2 2 2 2 2 2 2 2 2 2 2 2 2 2 2
left_child=-1 5 3 23 -5 6 8 22 -2 11 -9 13 -13 -6 15 16 -15 18 19 20 21 -18 -8 24 -3 26 -26 28 -27 -30
right_child=1 2 -4 4 9 -7 7 10 -10 -11 -12 12 -14 14 -16 -17 17 -19 -20 -21 -22 -23 -24 -25 25 27 -28 -29 29 -31
leaf_value=-0.090051032544868417 0.071827477941228415 -0.11748525398855621 0.039624528489764138 -0.090011902775838676 -0.11337065088046233 -0.15758443201422209 -0.14791268386697062 -0.17258285956973643 -0.036537877814741347 -0.11649853643956243 -0.022803768757859194 0.059680229959530498 -0.1241520808306748 -0.13249568298590395 -0.075910759963926142 0.11205057338724972 0.0060043476302156472 -0.027249598944531758 0.119102548230056 0.075931585403505003 0.048729434287454874 -0.14982778555869208 0.037530615501519593 -0.10744308020842855 1.2478696718266955 -0.10627359499398022 -0.11621366159002307 -0.12562868620554365 1.8019229262968937 0.11902948761854948
leaf_weight=54.092558924108744 182.86787371151149 18.270600847899914 153.1942587364465 35.960413418710232 35.946033304557204 6.9600241314619771 6.3818739317357531 17.596261814236641 29.532450037077069 18.281125646084547 27.200264930725098 109.20753508992493 14.943390913307665 17.65270818118006 66.965459382161498 33.024881914258003 28.2381931245327 121.68487762100995 33.281656220555305 48.170494686812162 51.866689680144191 22.376366818323731 175.84788427501917 80.502482587471604 0.79956472106277943 5.1721596550196471 0.73717625066638237 9.515768473967908 0.11357708275318223 12.658033393323418
leaf_count=1701 1423 559 1284 916 1366 109 84 285 558 395 304 738 306 282 1404 193 145 1095 159 263 311 240 1217 2699 9 162 17 273 1 115
internal_value=-0.000431307 0.0031203 -0.00946988 -0.0192965 -0.00760865 0.029028 0.0319838 0.00880355 0.0567602 -0.00268335 -0.0816376 0.000883361 0.0375533 -0.0090307 -0.000169486 0.014066 0.00405606 0.0119434 0.0378723 0.0199271 -0.00639742 -0.062888 0.0310362 -0.0776216 -0.0268311 0.0302901 0.593517 -0.00123021 0.0647396 0.133995
internal_weight=1419.04 1364.95 918.563 765.369 637.6 446.387 439.427 227.026 212.4 601.639 44.7965 583.358 124.151 459.207 423.261 356.296 323.271 305.618 183.933 150.652 102.481 50.6146 182.23 127.769 47.2669 28.9963 1.53674 27.4595 17.9438 12.7716
internal_count=18613 16912 12932 11648 7813 3980 3871 1890 1981 6897 589 6502 1044 5458 4092 2688 2495 2213 1118 959 696 385 1301 3835 1136 577 26 551 278 116
is_linear=0
shrinkage=0.1


Tree=29
num_leaves=31
num_cat=0
split_feature=6 4 2 3 5 5 0 6 8 8 4 7 6 7 2 1 0 6 0 3 7 4 2 1 4 0 0 2 2 0
split_gain=40.2044 38.0904 38.0117 45.2285 37.6607 36.9488 35.1814 26.0177 25.492 24.2184 27.342 27.0602 24.6921 23.3814 24.2596 35.0035 22.8158 21.8278 21.7753 21.1422 19.3086 18.4476 20.6798 18.3335 27.8512 18.2786 17.7614 35.5869 26.9592 17.3354
threshold=-0.18908012764688142 -0.85402780845736481 -1.0858740611825397 -0.011176821746299951 -1.0061083479962596 -0.61338891465276302 -0.28295432544471488 -0.16828487586387056 -1.3008610854220228 0.70096686624254934 -0.31727063888773294 0.40714536059099543 -0.10070882006647548 1.3364688167677514 1.0594597032535551 4.6798726737269014 -1.1585286163139754 -0.041398939679641603 -0.62525738938424114 0.044881025092880882 0.71782307104196186 -0.43915880629302789 -1.9349147608219586 -0.60660890044052651 -0.6228668300844199 0.95706513052795839 -0.95552105334154147 0.015222741852564801 1.1758718638520074 4.177029144917026
decision_type=2 2 2 2 2 2 2 2 2 2 2 2 2 2 2 2 2 2 2 2 2 2 2 2 2 2 2 2 2 2
left_child=-1 -2 6 5 17 8 9 -6 29 18 11 19 20 -10 15 -15 -12 -5 -3 23 -13 22 -21 24 -11 -16 -9 -28 -29 -4
right_child=1 2 3 4 7 -7 -8 26 13 10 16 12 -14 14 25 -17 -18 -19 -20 21 -22 -23 -24 -25 -26 -27 27 28 -30 -31
leaf_value=-0.099417780560914812 -0.086759789525044373 0.068606827157834255 -0.13374951381555253 0.07632571581258818 -0.048392016808839505 -0.096093460684176679 -0.11991956108104862 0.055063477638871143 0.026605419313238534 -0.15073610119108818 0.034214205390485135 -0.18052445667061573 0.064202343248467728 -0.15414647393652722 0.074531444032924388 0.10124596947771268 -0.14816618673419654 -0.16775352874228994 -0.21869534746492458 -0.37723752941863514 -0.021868982741593421 0.080439307518966136 -0.056464193394399433 0.066859722634613108 0.052370726488086099 -0.22872115720383862 -0.10720619115957947 0.018649942175303618 -0.11106759638693038 0.079210680895256069
leaf_weight=39.902652847580612 46.189976979978383 165.50458419322968 25.086901217699054 91.441769115626812 97.508088370785117 82.919782478362322 15.312080694362519 69.936398746445775 107.00831561163068 10.439645089209082 11.296959549188616 13.918279575183989 14.718795422464607 27.625295553356409 16.266777100041512 6.6604273021221152 17.461612009443343 3.816878229379653 2.6808052621781817 2.9190814495086661 17.089096279814839 5.0680210348218671 6.4519524630159131 148.5837352052331 19.110069813206792 2.2642924375832072 28.495683185756207 250.34611170738935 17.117205074056983 4.5095013976097098
leaf_count=1476 1072 1306 848 745 2430 2310 382 553 977 93 83 168 73 713 106 33 354 37 35 26 117 33 45 844 121 29 551 2636 385 32
internal_value=-0.000515551 0.00245675 0.00567229 -0.00700895 0.00927976 -0.0404225 0.0290616 -0.00249202 -0.0160524 0.0343028 0.0155831 0.0266988 -0.0424556 -0.000265944 -0.0547081 -0.104533 -0.0765234 0.0665458 0.0640273 0.0431195 -0.0930847 -0.0732613 -0.156385 0.052553 -0.0193851 0.0374773 0.00973995 -0.000970202 0.0103482 -0.101302
internal_weight=1367.65 1327.75 1281.56 831.003 558.662 272.341 450.555 463.403 189.422 435.243 267.057 238.299 45.7262 159.825 52.8168 34.2857 28.7586 95.2586 168.185 192.573 31.0074 14.4391 9.37103 178.133 29.5497 18.5311 365.895 295.959 267.463 29.5964
internal_count=18613 17137 16065 12385 7337 5048 3680 6555 2738 3298 1957 1520 358 1858 881 746 437 782 1341 1162 285 104 71 1058 214 135 4125 3572 3021 880
is_linear=0
shrinkage=0.1


Tree=30
num_leaves=31
num_cat=0
split_feature=6 6 2 1 3 1 7 3 2 6 2 1 1 1 1 7 2 1 1 8 1 1 5 3 3 2 8 2 7 5
split_gain=35.3384 33.6664 30.4322 42.0599 36.8229 31.7965 31.7205 40.4354 29.6779 27.3525 33.8957 26.9008 68.7526 24.2258 45.3277 22.7161 22.4873 22.3145 46.7587 21.3577 25.4674 20.91 26.5064 19.8484 19.826 21.5974 20.2385 19.5264 18.3614 17.8062
threshold=-0.18908012764688142 0.31347841363562512 -1.0858740611825397 0.032030652445471958 0.038860933944207511 -0.35537054151484276 -0.52978138065229585 0.5723912205048941 0.015222741852564801 -0.085960585077000731 -0.30712701902004513 -0.56971361179821256 -0.5766445095825059 -0.57647010697579926 -0.57029740603007417 1.3448660721952626 -3.8325380776459399 -0.50225133925713228 -0.5017368998571976 0.70096686624254934 -0.58815063176830773 -0.29721304154446759 -0.21523700419130806 1.5374809172096071 -0.23073794496680497 0.024873093360088083 -1.3008610854220228 -2.3164220174420387 -1.0596666383472522 -0.77511744266767724
decision_type=2 2 2 2 2 2 2 2 2 2 2 2 2 2 2 2 2 2 2 2 2 2 2 2 2 2 2 2 2 2
left_child=-1 2 5 4 9 11 8 15 28 -4 -11 12 19 -14 -15 21 -7 -13 -19 -2 27 -8 -23 24 26 -26 -5 -21 -6 -28
right_child=1 -3 3 23 6 16 7 -9 -10 10 -12 17 13 14 -16 -17 -18 18 -20 20 -22 22 -24 -25 25 -27 29 -29 -30 -31
leaf_value=-0.096826900310961139 0.063700514182722795 -0.12431712110571286 -0.10709513053134023 -0.10592412078019708 -0.090617692537142705 0.10744959592697866 -0.10658639104689294 -0.1066476369458246 0.056013938012234234 0.08410179482056053 -0.12405455086130951 0.1085185443684001 -0.25165449550462288 0.09232694657801116 -0.2496796370497065 0.0844351159128858 -0.12583525088633238 -0.16284338044757088 0.058543465149349154 0.018059146026790703 0.12403246203111279 -0.0032522459207901377 0.37894522269547015 -0.078139755425205834 -0.11796526540775593 0.036924628965105483 -0.012667494565558818 -0.065891990880545481 0.13462549245371944 0.1089257310219207
leaf_weight=37.023196843452752 103.30329216830432 20.670770335942507 87.515246389433742 20.441524719819427 25.844253152608875 5.1171278804540661 20.768478475511074 57.662967750802636 88.056877059862018 19.43241891823709 13.094114691950379 66.575798191130161 11.1881889263168 8.7523365560919029 6.9543201178312293 24.541869353502989 21.464201186783612 10.812750740908085 81.064529801718891 76.867930610664189 15.490972883999346 15.233723441138865 2.059944935142993 22.687311104498804 9.2916856138035637 289.07615571096539 97.7153479764238 43.319252772256732 4.2084569185972205 13.736561272293327
leaf_count=1476 876 762 2818 587 383 41 755 1894 542 180 349 421 118 57 92 174 463 115 612 496 76 321 8 447 266 2656 1081 458 12 77
internal_value=-0.000508585 0.00227096 0.00434394 -0.00723119 -0.0328262 0.0251722 -0.0100805 -0.0462305 0.0267297 -0.077994 0.000304883 0.0318185 0.0123809 -0.139203 -0.0591008 0.00941826 -0.080926 0.0644337 0.0324891 0.0294401 0.00335471 -0.0389514 0.0422734 0.0130221 0.017829 0.0321011 -0.0144571 -0.0121995 -0.0590756 0.00231899
internal_weight=1319.97 1282.95 1262.28 811.367 358.418 450.911 238.377 120.267 118.11 120.042 32.5265 424.329 265.876 26.8948 15.7067 62.604 26.5813 158.453 91.8773 238.981 135.678 38.0621 17.2937 452.949 430.261 298.368 131.893 120.187 30.0527 111.452
internal_count=18613 17137 16375 12550 7436 3825 4089 3152 937 3347 529 3321 2173 267 149 1258 504 1148 727 1906 1030 1084 329 5114 4667 2922 1745 954 395 1158
is_linear=0
shrinkage=0.1


Tree=31
num_leaves=31
num_cat=0
split_feature=6 6 8 8 2 7 0 1 7 7 7 0 7 1 4 6 0 0 0 4 2 2 2 1 0 0 1 1 1 3
split_gain=30.9666 30.0987 26.4987 57.0718 58.0251 28.0907 27.9987 27.6545 26.8352 85.0882 44.7149 38.7961 29.0339 30.0107 26.4432 26.7776 25.6943 31.7151 25.5779 23.5727 19.3949 19.2263 21.0034 18.4409 31.7272 28.0256 27.0156 21.3522 19.1156 27.4852
threshold=-0.18908012764688142 0.31347841363562512 0.70096686624254934 -1.4379675927874975 -1.2379334179491499 2.266217494137051 -0.96759012004382383 -0.71960129207986723 1.3364688167677514 0.40841740954183336 0.40714536059099543 -0.57737972205040655 -1.4506429737386981 -0.24451731426059256 -0.60735041181878724 -0.15145487198734123 -1.144934439927346 1.6166328323206121 -1.1106427889202162 -0.43033952414557075 0.58506821362589456 -3.8325380776459399 -2.6700174972445843 -0.50225133925713228 -0.45411014824322465 0.13350395750199634 -0.56628467509495317 -0.5766445095825059 -0.58815063176830773 -0.99942433612146009
decision_type=2 2 2 2 2 2 2 2 2 2 2 2 2 2 2 2 2 2 2 2 2 2 2 2 2 2 2 2 2 2
left_child=-1 2 3 4 6 -5 -2 -4 9 10 12 -12 13 21 -10 16 -16 -18 -7 -6 -17 -9 -23 24 26 -25 27 28 29 -24
right_child=1 -3 7 5 19 18 -8 8 14 -11 11 -13 -14 -15 15 20 17 -19 -20 -21 -22 22 23 25 -26 -27 -28 -29 -30 -31
leaf_value=-0.094044280902486066 0.061857871248225386 -0.12331777173612153 -0.12923204426760218 0.10461867076437832 -0.10850042275570355 -0.2618401663030045 -0.15809061976928532 0.095269543852436703 -0.10948715422647366 0.10899055550133299 -0.14295175747328209 -0.024539963994507252 0.1169282238952712 -0.12622723560454838 0.076157993603872626 -0.1075113591818091 -0.13025343730511452 0.047591840687437298 0.028263253623461462 -0.018634630244311789 0.039403236725821175 -0.093999188122768695 -0.15809065140444631 -0.060205623629955352 -0.11379619207407704 0.086786802213363531 0.12206419493568912 -0.071392422261837618 0.12627680858638329 0.036827420527864557
leaf_weight=34.441517486236989 108.03354413993657 18.847676497884095 17.818856801837683 100.94263808056712 42.365948834456503 3.3770636096596709 6.1151662720367304 26.669597879052162 39.105436580255628 71.963448777794838 32.874353889375925 174.75542531348765 26.048542343080044 16.027168742381036 11.063026349991558 10.261419517919419 44.581475846469402 12.937048133462666 30.377970241010189 93.847996358759701 72.284500055015087 19.389716207049787 7.9036901127547017 58.694548447616398 13.965826946310697 16.650260983034968 34.438127517700195 20.413302876986563 20.825921759009361 85.411514871753752
leaf_count=1476 992 762 438 678 1713 25 108 238 989 536 839 2306 118 208 76 318 1354 163 251 2072 519 137 122 641 235 108 173 293 90 635
internal_value=-0.00051516 0.00208687 0.00402559 0.0257239 -0.00251464 0.0782108 0.0500748 -0.00599157 -0.00330126 0.00669371 -0.00659281 -0.0432883 0.0153998 0.00714525 -0.0361934 -0.017228 -0.0634085 -0.0902525 -0.000760498 -0.0465851 0.02114 0.0141684 0.00637946 0.0139145 0.031061 -0.0277221 0.0430322 0.0228046 0.0396511 0.0203181
internal_weight=1272.43 1237.99 1219.14 385.06 250.363 134.698 114.149 834.083 816.264 626.031 554.068 207.63 346.438 320.39 190.233 151.127 68.5816 57.5185 33.755 136.214 82.5459 304.363 277.693 258.303 182.958 75.3448 168.993 134.554 114.141 93.3152
internal_count=18613 17137 16375 5839 4885 954 1100 10536 10098 6679 6143 3145 2998 2880 3419 2430 1593 1517 276 3785 837 2672 2434 2297 1548 749 1313 1140 847 757
is_linear=0
shrinkage=0.1


Tree=32
num_leaves=31
num_cat=0
split_feature=6 6 1 0 7 7 1 6 6 0 3 1 2 2 7 4 6 7 4 2 3 2 5 4 6 5 1 4 6 2
split_gain=27.7258 27.3778 22.0259 30.6543 22.8201 73.7238 26.4479 25.0154 25.9377 23.6153 21.9215 22.2838 20.112 20.0107 17.9047 16.9472 17.3262 25.5162 16.8662 16.3909 15.6907 15.3426 27.7064 25.9765 22.4802 19.6225 17.3728 15.4772 18.8696 15.0268
threshold=-0.18766105064593144 0.31347841363562512 4.3192193320699586 -0.96759012004382383 1.3364688167677514 0.40841740954183336 -0.67192178118666124 -0.12153458447338859 -0.15354471186486385 1.6166328323206121 -0.71415757318967277 -0.4681897502375551 -3.4249745292095723 1.1077035086905582 -1.4821352249473769 -0.44841425251066674 -0.12273835727354586 -0.52978138065229585 0.093310702557183087 0.50508623429050614 1.5754183610723336 0.91837202087001113 -0.7926187645365782 -0.40808800616366342 -0.054536973789028706 -1.0631327106244004 0.14368303859858314 -0.83684719925322837 0.15614834006733072 1.200167748582857
decision_type=2 2 2 2 2 2 2 2 2 2 2 2 2 2 2 2 2 2 2 2 2 2 2 2 2 2 2 2 2 2
left_child=18 2 3 10 5 6 -5 8 9 -6 15 20 -13 14 -8 16 17 -2 -1 -10 -12 22 25 -23 -24 -16 -25 28 -26 -21
right_child=1 -3 -4 4 7 -7 13 -9 19 -11 11 12 -14 -15 21 -17 -18 -19 -20 29 -22 23 24 26 27 -27 -28 -29 -30 -31
leaf_value=0.0027784005990381822 -0.025743393114033716 -0.12229804784851123 0.061661906363840072 -0.10180685188162922 -0.12332112317587587 0.10841558370790182 0.091308812898577396 -0.11857579422083531 -0.11689923361666346 0.041424493254859696 0.048644168817900964 0.089058716737427046 -0.11928581524939517 -0.089184139582570765 0.091786745531678315 0.048214281478880773 0.019423526822374682 -0.20411317600386894 -0.10731390605788185 0.050801142945636368 -0.14085840306070496 -0.091718604912440466 -0.019362945696007171 -0.10557463441937227 -0.12621439413299049 -0.093224801513634881 0.082223445140016699 0.065194943658750615 0.075549620045262611 -0.17012823876422301
leaf_weight=22.009150787256658 19.805293411947787 17.189165749587119 64.399545354768634 31.765573426149786 33.297237892635167 54.988058403134346 19.478174572810531 35.840985889546573 7.8003814993426195 11.778867872431872 263.52895107865334 6.5487951189279583 15.840564252808688 28.283458761870861 6.3670804807916275 23.525858415290713 20.202667701989412 13.477665513753889 37.841557649895549 52.546692894771695 4.4429738307371727 13.030362527817486 213.99603831861168 5.4369990192353717 10.58560628257692 57.534901306033134 52.404588902369142 64.416193662211299 8.2461324296891672 3.2702382691204539
leaf_count=260 175 762 585 837 1157 448 142 992 272 152 2543 56 326 683 52 233 151 219 1894 327 100 190 3642 208 189 1149 294 456 79 40
internal_value=-0.000457392 0.002967 0.00485108 0.0014586 -0.0106598 -0.00161131 -0.0134385 -0.0461273 -0.0222378 -0.0802713 0.0249144 0.0374946 -0.0583459 -0.0075878 -0.00247629 -0.0225179 -0.0536297 -0.0979728 -0.0668292 0.0188819 0.0455022 -0.00670473 -0.015053 0.0358358 -0.00221046 -0.0747906 0.0645708 0.0418815 -0.037865 0.0378572
internal_weight=1219.88 1160.03 1142.84 1078.44 711.068 566.533 511.545 144.534 108.693 45.0761 367.373 290.361 22.3894 479.78 451.496 77.0115 53.4856 33.283 59.8507 63.6173 267.972 432.018 361.146 70.872 297.244 63.902 57.8416 83.2479 18.8317 55.8169
internal_count=18613 16459 15697 15112 11309 8369 7921 2940 1948 1309 3803 3025 382 7084 6401 778 545 394 2154 639 2643 6259 5567 692 4366 1201 502 724 268 367
is_linear=0
shrinkage=0.1


Tree=33
num_leaves=31
num_cat=0
split_feature=2 6 8 8 2 7 6 4 4 3 3 1 3 4 2 0 0 1 1 1 0 2 4 0 1 7 7 1 4 4
split_gain=24.427 30.1979 24.2548 52.8344 44.8563 25.6923 25.0106 24.3707 21.8165 21.3286 21.0147 20.6994 18.3519 19.6446 18.0672 17.3585 16.7597 23.6598 26.4448 19.638 18.7255 17.0209 16.2058 16.5022 17.8352 20.0117 41.7392 38.2092 31.119 23.973
threshold=-3.8325380776459399 -0.18908012764688142 0.70096686624254934 -1.4379675927874975 -1.1410430598654222 2.266217494137051 -0.17153524890025607 -0.83684719925322837 -0.43033952414557075 -0.71415757318967277 -1.5519839874772761 -0.60660890044052651 0.39333012092113923 2.7735915292542477 -0.52559624767123747 -1.1926157255840713 -1.1244105430735654 3.4411073354398236 -0.67229925113587796 -0.71960129207986723 0.51538113185593082 -1.7378339735139243 0.105373618843861 2.164042740204597 4.5812578980448722 1.3364688167677514 0.40841740954183336 0.54726518288879611 -0.24496057564674142 -0.58407707152013233
decision_type=2 2 2 2 2 2 2 2 2 2 2 2 2 2 2 2 2 2 2 2 2 2 2 2 2 2 2 2 2 2
left_child=-1 -2 3 4 9 -5 16 10 -6 -3 -8 -7 13 -10 -14 -11 21 18 19 -18 -19 -4 23 24 25 26 27 -9 -29 -27
right_child=1 2 6 5 8 11 7 22 12 15 -12 -13 14 -15 -16 -17 17 20 -20 -21 -22 -23 -24 -25 -26 29 -28 28 -30 -31
leaf_value=0.087080242625750592 -0.10816247733517402 -0.049557098352204752 0.033772279838863516 0.10129964169057118 -0.10646352735039025 -0.25122594810943444 0.050309821806414669 0.008062642554129449 -0.12578680656261113 -0.64633777717039631 -0.11673097230441801 0.023315270781235811 0.30875246482770624 0.075343694548496834 0.0030168710472931008 0.067442263835779809 -0.13025484696623188 -0.21165594222136461 -0.11049569279084559 0.080231759071353756 0.084040921442003147 -0.11285339062395539 0.057040411940928293 -0.1141604646984411 0.093843644283159722 -0.12076020162697675 0.10802514420714836 -0.16370135726165166 0.075610914729832113 -0.011067215833181356
leaf_weight=31.047509854659438 26.577930915169418 20.367374870926142 39.382773609831929 91.101634457707405 40.716156066395342 3.028591386973857 9.9893391951918584 304.40697558410466 23.041438964195553 0.34210523590445419 30.609389773570001 29.460496556013823 1.9986058678477991 6.1528207026422015 58.751644412055612 83.500766449607909 6.3791748285293606 2.4971922552213099 78.922904421575367 14.525194289162753 15.039858367294071 9.9090120112523419 53.331230324693024 12.550013779662548 20.256303206086159 27.816618954762816 37.915753923356533 23.717637539841238 7.0485023446381083 70.213359823450446
leaf_count=296 1464 162 252 678 2062 22 92 2591 978 5 769 254 21 62 999 964 215 29 2808 109 142 218 579 217 173 872 313 227 51 989
internal_value=-0.00044523 -0.00280915 -0.000315705 0.021147 -0.00670232 0.0740718 -0.0103791 -0.000829549 -0.0457307 0.0422321 -0.0756305 -0.00227711 -0.018238 -0.0833977 0.0130752 0.0645298 -0.0446367 -0.0651881 -0.0840069 0.0159997 0.0419351 0.00429647 0.00462005 -0.000927684 0.00196435 -0.00198611 0.00857842 -0.00267128 -0.108875 -0.0421933
internal_weight=1180.6 1149.55 1122.97 358.462 234.871 123.591 764.511 597.855 130.661 104.21 40.5987 32.4891 89.9445 29.1943 60.7503 83.8429 166.656 117.364 99.8273 20.9044 17.5371 49.2918 557.256 503.925 491.375 471.119 373.089 335.173 30.7661 98.03
internal_count=18613 18317 16853 6207 5253 954 10646 6873 4122 1131 861 276 2060 1040 1020 969 3773 3303 3132 324 171 470 6012 5433 5216 5043 3182 2869 278 1861
is_linear=0
shrinkage=0.1


Tree=34
num_leaves=31
num_cat=0
split_feature=6 6 3 2 1 4 1 3 1 1 1 1 0 1 1 1 8 2 3 4 3 5 3 2 4 6 0 0 5 7
split_gain=21.56 22.092 18.6655 18.6566 26.1631 27.8245 24.2661 23.2889 22.331 46.9068 18.8914 35.2611 18.4989 17.4509 36.2199 16.8809 17.1545 16.2303 15.9304 14.7411 23.4586 13.8598 17.8966 16.1902 32.9692 21.8728 19.0595 15.3192 12.4204 12.3415
threshold=-0.18908012764688142 0.31347841363562512 -1.6572036574586306 -1.0858740611825397 0.032030652445471958 -0.71350723708666453 -0.35537054151484276 1.5144681615884179 -0.56971361179821256 -0.5766445095825059 -0.57647010697579926 -0.57029740603007417 -1.1106427889202162 -0.50225133925713228 -0.5017368998571976 -0.58815063176830773 0.70096686624254934 -3.8325380776459399 1.6616718354955398 -0.75335609894463229 -1.3625588321753817 -0.58936934314146605 1.3537106529654157 0.67969734088872957 -0.56756239285266774 -0.14228712972949883 0.024930370990017572 1.555399530983915 2.1059437621664947 -0.52978138065229585
decision_type=2 2 2 2 2 2 2 2 2 2 2 2 2 2 2 2 2 2 2 2 2 2 2 2 2 2 2 2 2 2
left_child=-1 2 -2 6 5 12 8 28 9 15 -11 -12 -5 -10 -15 16 -4 -8 21 20 -18 22 23 25 -25 -6 -26 -27 -7 -9
right_child=1 -3 3 4 18 7 17 29 13 10 11 -13 -14 14 -16 -17 19 -19 -20 -21 -22 -23 -24 24 26 27 -28 -29 -30 -31
leaf_value=-0.088536951248461032 -0.12956073460169004 -0.12077885478070749 0.050741640448156405 -0.12628562546289829 -0.1103263272411939 -0.081601532521298023 0.10518005631226907 0.060800122640602819 0.10445191972588096 -0.22298048647867394 0.090687523684395699 -0.22507197096198495 0.02045801162681005 -0.14997558926305329 0.055604985392525279 0.11766989513032938 0.069808819773291758 -0.12276665461366709 -0.11597070500906731 0.0085195312982933279 -0.15369185906859414 0.072394026813134851 -0.11825636432855272 -0.081550402977297431 -0.12430914181590087 0.021924794174172868 0.046733485164084675 -0.082140545710867097 0.0022066812426735981 -0.092480188262558646
leaf_weight=27.1105961590074 10.466676750220357 14.529633015394209 81.473937254399061 9.3051295150071365 21.041773391887546 124.76546558737755 3.8067796975374248 23.560121819376949 54.001556925475597 10.441406431607904 8.1514530032873136 6.2468192856758824 111.88782408088446 9.7214551251381618 72.357076236978173 17.89796088449657 6.8466183133423355 17.406309816520661 9.5691924570128304 86.518720131367445 14.951743842102585 37.541498580947518 10.800337215885518 24.570954438298941 6.7377405101433387 75.938656583428383 196.91062652226537 17.383954838849604 20.603436677716672 6.7600677246227852
leaf_count=1476 265 762 834 211 785 4759 41 126 421 115 57 90 1480 113 605 118 37 458 288 749 142 384 220 373 122 886 1707 323 387 279
internal_value=-0.00042702 0.00172073 0.00334224 0.00462172 -0.0051723 -0.0276689 0.0221429 -0.0530955 0.0281282 0.00929901 -0.120572 -0.0463076 0.00919111 0.0603027 0.0312558 0.0248317 0.0160767 -0.0818606 0.0115042 -0.00999757 -0.0834928 0.0146245 0.00848744 0.0124832 0.0278722 -0.0182264 0.0410745 0.0025397 -0.0697232 0.0266254
internal_weight=1139.31 1112.19 1097.67 1087.2 697.377 296.882 389.822 175.689 368.609 232.529 24.8397 14.3983 121.193 136.08 82.0785 207.689 189.791 21.2131 400.495 108.317 21.7984 390.926 353.384 342.584 228.219 114.364 203.648 93.3226 145.369 30.3202
internal_count=18613 17137 16375 16110 12330 7242 3780 5551 3281 2142 262 147 1691 1139 718 1880 1762 499 5088 928 179 4800 4416 4196 2202 1994 1829 1209 5146 405
is_linear=0
shrinkage=0.1


Tree=35
num_leaves=31
num_cat=0
split_feature=2 6 6 8 8 3 6 2 1 0 0 3 3 0 1 0 4 8 2 0 1 1 1 0 4 1 5 4 6 5
split_gain=20.4663 24.9532 19.1212 19.4645 43.444 25.192 22.6763 19.9626 22.7633 18.5918 16.0614 14.6217 16.8601 18.1965 18.2878 15.8413 14.4587 14.2353 16.7873 13.4882 19.3146 22.1785 16.7873 14.4094 14.2585 16.7494 13.4642 13.0659 14.0089 22.3002
threshold=-3.8325380776459399 -0.18908012764688142 0.31347841363562512 0.70096686624254934 -0.37004184529760925 -0.20323749205274008 -0.17153524890025607 -0.50660901996807317 -0.12516983879970014 0.18459079674695572 -1.1448673462793788 -1.6572036574586306 -1.417882779076679 -1.0287102571191395 4.3192193320699586 -0.78918420037342318 0.48463317381792043 -1.4379675927874975 0.91837202087001113 -1.1244105430735654 3.4411073354398236 -0.67229925113587796 -0.71960129207986723 0.51538113185593082 -0.49962386333609982 -0.56628467509495317 -1.0224772176451455 -0.83684719925322837 0.036435180034842952 -0.66220298028804792
decision_type=2 2 2 2 2 2 2 2 2 2 2 2 2 2 2 2 2 2 2 2 2 2 2 2 2 2 2 2 2 2
left_child=-1 -2 3 4 5 -3 19 -7 -9 -10 -8 -12 15 -14 16 -13 26 18 -11 24 21 22 -21 -22 25 -5 -15 -28 -29 -30
right_child=1 2 -4 6 -6 7 10 8 9 17 11 12 13 14 -16 -17 -18 -19 -20 20 23 -23 -24 -25 -26 -27 27 28 29 -31
leaf_value=0.084170734236994726 -0.10719515987032485 -0.038786657810671421 -0.11973955576375837 -0.18863723789187548 0.1094627571617106 0.063631838607564106 -0.14181051004428816 -0.0758271816318693 0.10061544810189507 -0.12767947796785278 -0.13175084832765213 -0.16580104709526791 0.053772682497260763 -0.11652508065586556 0.062564570798093536 0.070855878911832371 0.066702411747781187 0.10526529694175815 0.0082262226347485489 -0.12919999273152974 -0.18439049375421129 -0.10592788943293432 0.073301151668856562 0.080684277341191019 0.041197019965210871 0.02164491599000749 -0.11454912919409276 -0.017282066547181348 -0.14253310198951769 0.084812370424578301
leaf_weight=27.879878278821707 22.340021717362106 85.869541086256504 13.255345298908649 7.122329647652804 47.784123387187719 82.230829295702279 7.7462958982214323 29.976866387762129 23.713299424387515 12.380673750303684 7.9152178326621643 2.9925896339118472 54.48307176027447 13.37923069577664 34.303577741608024 51.5763975456357 21.286437979899347 9.6982094570994359 34.182832095772028 5.7921492964960661 2.4218479078263035 70.69806408835575 13.96160993631929 13.382601117715238 31.327119018882513 8.0907884305343014 12.580225344747303 321.04745180439204 5.0811859648674718 28.596963950432837
leaf_count=296 1464 1908 762 121 425 1025 113 1183 299 474 155 41 394 174 357 421 221 90 391 215 29 2808 109 142 264 85 343 3991 92 221
internal_value=-0.000418486 -0.00261185 -0.000392789 0.0011289 0.0213809 0.00624376 -0.00811595 0.0263639 -0.00150806 0.0263488 0.00118617 0.00318835 0.00514694 -0.000716336 -0.00752105 0.0578775 -0.013502 -0.00495323 -0.0279095 -0.0422684 -0.0619318 -0.0797534 0.0139243 0.0400647 0.00262508 -0.0768029 -0.0179868 -0.0143975 -0.0108456 0.0505117
internal_weight=1103.1 1075.22 1052.88 1039.62 325.836 278.052 713.785 192.183 109.952 79.975 560.989 553.242 545.327 490.758 436.275 54.569 401.971 56.2617 46.5635 152.797 106.256 90.4518 19.7538 15.8044 46.5402 15.2131 380.685 367.306 354.726 33.6781
internal_count=18613 18317 16853 16091 5795 5370 10296 3462 2437 1254 6523 6410 6255 5793 5399 462 5042 955 865 3773 3303 3132 324 171 470 206 4821 4647 4304 313
is_linear=0
shrinkage=0.1


Tree=36
num_leaves=31
num_cat=0
split_feature=2 6 6 8 8 3 1 3 6 1 0 5 1 0 3 3 0 0 2 4 5 4 1 5 3 4 5 2 3 0
split_gain=17.9256 22.5168 17.1393 16.3724 39.693 21.2162 20.0462 17.7888 17.1193 16.9538 16.7667 24.9765 14.4951 14.0852 12.8912 13.761 17.7676 18.903 27.4426 23.8538 17.0938 15.9792 19.4643 19.3556 19.1518 15.2344 14.2541 14.3651 13.5838 13.3497
threshold=-3.8325380776459399 -0.18908012764688142 0.31347841363562512 0.70096686624254934 -0.37004184529760925 -0.41661476350576926 -0.71960129207986723 1.3537106529654157 -0.17153524890025607 -0.67229925113587796 -1.1244105430735654 -1.0061083479962596 -0.67192178118666124 -1.1448673462793788 -1.6572036574586306 -1.417882779076679 -0.7549094643459614 0.75558369297867867 0.015222741852564801 -0.46199487390717159 -1.0705817559443884 -0.73130109516528397 -0.094479948790751125 -0.7984007398380385 0.29736307637422393 -0.84031809985756645 0.31539556641966099 -1.0858740611825397 -0.16784439136733034 -0.78918420037342318
decision_type=2 2 2 2 2 2 2 2 2 2 2 2 2 2 2 2 2 2 2 2 2 2 2 2 2 2 2 2 2 2
left_child=-1 -2 3 4 5 -3 -5 -7 9 -8 12 -12 -11 -10 -15 29 25 19 -19 21 -21 -18 26 -24 -25 -17 -23 -28 -20 -16
right_child=1 2 -4 6 -6 7 8 -9 13 10 11 -13 -14 14 15 16 17 18 28 20 -22 22 23 24 -26 -27 27 -29 -30 -31
leaf_value=0.081735440386919503 -0.10670102809935217 -0.040821778361427856 -0.11869523921232986 -0.12596635731011929 0.10858178975156058 0.031055087209102501 0.054004197081253424 -0.081790906192879556 -0.13415382809667073 -0.17873596265479536 0.028583022313918873 -0.10490222599795047 0.02255998585822451 -0.13008780414069154 -0.16129433168945556 -0.13042002344213438 -0.064149798092806451 -0.12146494701429261 -0.035654232662775044 0.10814750376221216 -0.14855639094338033 -0.1108812698141539 -0.061019532818342062 0.11859591918346038 -0.019418676795025191 0.042251057932424695 0.064033911369221819 -0.12215382232319634 0.037375337144728835 0.066843596775077702
leaf_weight=25.940412407740951 20.302968118339777 71.889224927872419 12.094161842949687 13.991624531801788 43.569765705615282 184.7742226915434 18.164139874279499 15.111742351204155 7.38852141983807 3.9634313890710464 17.958786674775183 63.868607220239937 36.716203227639198 6.9864550158381453 2.703665184788405 5.3476663194596759 49.429993397556245 14.08745348267257 31.273289118893445 2.9123452454805401 23.732353036291897 19.168137724511318 14.071293593384324 30.546226454898722 14.987763495184479 114.77542423643172 14.204301232472064 5.8507071575149885 137.24834950920194 49.99096330627799
leaf_count=296 1464 1614 762 438 425 3174 157 582 113 52 204 2775 361 143 35 130 773 377 341 21 796 357 165 135 125 807 102 176 1301 412
internal_value=-0.000381737 -0.00241605 -0.000354036 0.00105645 0.0199731 0.00576775 -0.00747307 0.0225237 -0.00505408 -0.0361538 -0.0495215 -0.075606 0.00294765 0.00297748 0.00486314 0.00664096 0.00129054 -0.00988926 0.0126146 -0.0333846 -0.120498 -0.0177288 0.00548906 0.0414895 0.0731677 0.034564 -0.0492188 0.00971681 0.0238229 0.0551383
internal_weight=1073.05 1047.11 1026.81 1014.71 315.345 271.775 699.368 199.886 685.376 140.671 122.507 81.8274 40.6796 544.705 537.316 530.33 477.635 357.512 182.609 174.903 26.6447 148.258 98.8284 59.6053 45.534 120.123 39.2231 20.055 168.522 52.6946
internal_count=18613 18317 16853 16091 5795 5370 10296 3756 9858 3549 3392 2979 413 6309 6196 6053 5606 4669 2019 2650 817 1833 1060 425 260 937 635 278 1642 447
is_linear=0
shrinkage=0.1


Tree=37
num_leaves=31
num_cat=0
split_feature=2 6 4 8 8 2 4 0 1 3 6 2 5 7 0 0 5 0 2 0 2 6 4 0 6 1 5 2 2 2
split_gain=15.7219 19.4842 15.6493 15.4107 40.4674 33.5988 33.4396 18.7438 20.0965 20.6825 17.6055 15.8747 12.8652 12.5001 17.9161 14.0442 13.9463 12.0957 11.7386 11.3621 11.2781 11.04 11.0348 11.1895 11.6957 11.0524 10.8902 10.7312 10.6884 14.2947
threshold=-4.1874568006805015 -0.18908012764688142 -0.85402780845736481 0.70096686624254934 -1.4379675927874975 -2.5781160611897525 -0.6228668300844199 0.18459079674695572 -0.56971361179821256 -0.12305906663516085 -0.17153524890025607 0.91837202087001113 0.05542585976483335 2.266217494137051 -1.1174630718106771 -0.59069480196429114 -0.11003207750223033 -1.1516603524202915 -1.3713645905109644 -1.1996307170998908 1.2970570350590986 -0.1746876119022743 0.19664918571511222 -1.0287102571191395 -0.15402293027673378 -0.6721018905177113 -1.0304543548066298 1.0701754312763285 -2.7534455734585057 -2.2659210844552038
decision_type=2 2 2 2 2 2 2 2 2 2 2 2 2 2 2 2 2 2 2 2 2 2 2 2 2 2 2 2 2 2
left_child=-1 -2 -3 4 5 12 -7 8 9 -8 19 -9 -4 -6 -15 16 -16 -12 -11 -5 22 26 23 25 -25 -19 -13 -10 -21 -30
right_child=1 2 3 10 13 6 7 11 27 18 17 21 -14 14 15 -17 -18 20 -20 28 -22 -23 -24 24 -26 -27 -28 -29 29 -31
leaf_value=0.092260931802151933 -0.10164777899117113 -0.070957733742317605 -0.20680343329173689 0.096438195530870283 0.095016879397525678 -0.12166944689871917 -0.18264969280554411 -0.12123863610941316 0.080731802217301737 0.076017917536087332 -0.1716079388992959 -0.61949796723816153 0.087418831297121011 -0.25283016442435829 -0.33463989006622574 -0.27759967773300792 0.072808165632058705 -0.070289270093023645 -0.10528094569478839 -0.14660425213491418 -0.13983347125523957 0.0092175123039970018 0.054649136075610331 -0.051567948261625508 0.0010409465800885109 0.061487411360841952 -0.10024439695891463 -0.13126072491706561 0.026884405426980479 -0.05386705068753922
leaf_weight=18.000092752277851 19.258781845215708 30.235299055464566 1.544566387310623 6.0573865920305243 72.001284129917622 29.408111088443547 7.3700602240860489 18.62641528993845 44.387606888078153 11.312050588428978 3.9809999288991085 0.43722585588693608 39.298042189329863 2.2806557454168823 0.87231628224254265 1.3186497092246998 22.723899845033884 7.3711909856647244 5.2189484620466802 9.3686602972447854 5.4435779144987455 37.200394965708256 41.002315629273653 47.565970372408628 378.66266224673018 46.613343943841755 5.2996225384995332 2.5236024772748342 28.187183291651309 98.621795723214746
leaf_count=222 1468 1072 16 40 674 1281 216 988 706 147 68 5 525 16 9 9 214 76 239 91 131 428 466 1117 4133 331 163 108 229 3425
internal_value=-0.000386118 -0.00201438 -0.000104985 0.00209288 0.0208673 -0.00475258 -0.0252124 -0.00378391 0.031302 -0.0433318 -0.00632853 -0.0441407 0.0762921 0.0732003 0.01544 0.0399969 0.0577454 0.00204599 0.0187806 -0.0375716 0.00335863 -0.0106952 0.00485413 0.000602454 -0.00483006 0.0434943 -0.139819 0.0693276 -0.0435325 -0.0359176
internal_weight=1042.19 1024.19 1004.93 974.699 301.823 202.627 161.784 132.376 70.8123 23.9011 672.875 61.5637 40.8426 99.1968 27.1955 24.9149 23.5962 530.64 16.531 142.235 526.659 42.9372 521.215 480.213 426.229 53.9845 5.73685 46.9112 136.178 126.809
internal_count=18613 18391 16923 15851 5744 4822 4281 3000 1416 602 10107 1584 541 922 248 232 223 6322 386 3785 6254 596 6123 5657 5250 407 168 814 3745 3654
is_linear=0
shrinkage=0.1


Tree=38
num_leaves=31
num_cat=0
split_feature=6 6 1 0 7 7 6 4 1 5 2 2 6 3 1 0 0 4 6 7 2 2 3 4 7 7 6 5 0 4
split_gain=14.528 14.4978 13.2468 17.3249 14.993 54.8191 21.3068 21.4676 20.1729 19.8611 16.0844 15.1836 14.8051 14.7029 17.9823 13.3718 12.9447 12.6633 14.522 15.5317 12.5126 12.0245 11.7103 11.5946 11.2881 24.4795 17.0311 26.5428 18.2208 13.4994
threshold=0.31347841363562512 -0.18766105064593144 4.3192193320699586 -0.96759012004382383 1.3364688167677514 0.40841740954183336 -0.12153458447338859 -0.44540232649100514 -0.67192178118666124 -0.99307328876407996 1.1077035086905582 0.61373630555198455 -0.17596117042563847 -0.71415757318967277 -0.4681897502375551 0.48237390252829165 2.5208712083227796 -0.44841425251066674 -0.12273835727354586 -0.52978138065229585 -3.4249745292095723 1.1758718638520074 1.1470368741952168 0.105373618843861 0.40714536059099543 -0.51959946746971752 -0.12551513016946431 -1.0022738581670658 0.83777174561390877 0.88876367133521705
decision_type=2 2 2 2 2 2 2 2 2 2 2 2 2 2 2 2 2 2 2 2 2 2 2 2 2 2 2 2 2 2
left_child=1 23 3 13 5 8 7 11 21 12 24 -6 -9 17 -15 -14 -12 18 19 -3 -16 -5 -4 -1 25 29 27 28 -26 -10
right_child=-2 2 22 4 6 -7 -8 9 10 -11 16 -13 15 14 20 -17 -18 -19 -20 -21 -22 -23 -24 -25 26 -27 -28 -29 -30 -31
leaf_value=-0.00043450050595125424 -0.11738955393429158 -0.034531970564747348 0.063085817383944753 -0.12193620222024495 -0.10168231387189051 0.10685874035581278 -0.1154451229248894 -0.35254594010736384 0.0066169057303321248 -0.12153088857143766 -0.12626325831694107 0.066092277759376469 -0.18628962882321295 0.039208370087886614 0.078617119080039724 0.040848367491234189 0.042620430227927393 0.045678064491940402 0.018981904540176175 -0.18652926712151841 -0.1144600665979328 0.083760154683569066 -0.14885333972870587 -0.1070013572331201 -0.25826181308808499 0.11614163379596398 -0.0008906663848332393 -0.12083305198125049 0.10387841218217715 -0.12913424453231334
leaf_weight=19.120901498012245 10.493444773368536 16.688407558947805 50.066580563783646 23.104154869914058 6.4470776561647645 42.70441959425807 28.976228777319193 1.1384547008201504 218.47162541933358 25.844565145671368 18.545066101010892 33.027734617702663 2.9135496178641942 221.93284493265674 4.4979557991027859 23.473812925629318 6.0091892387717953 19.474024110008031 18.221074783243239 11.257918007671831 13.226271339226512 3.2405506344512096 2.7502283100038758 21.90702972561121 1.6101325377821911 20.518338300287724 101.87007579626516 33.010261118412018 10.132566425018011 7.5794884390197685
leaf_count=276 762 175 540 801 242 448 992 24 3595 1247 629 172 34 2643 56 229 54 233 151 219 326 36 45 1878 22 138 729 1455 90 372
internal_value=-0.000333257 0.000885608 0.00335653 0.000542457 -0.00920906 -0.00135742 -0.0405841 -0.0172205 -0.0117636 -0.058575 -0.00641135 0.0386911 0.000535689 0.0199823 0.0314673 0.015769 -0.0849322 -0.0219497 -0.050476 -0.0957627 -0.065462 -0.0966344 0.0520499 -0.0573363 -0.00150785 0.0115581 -0.0234802 -0.0749003 0.0542226 0.00206517
internal_weight=1018.25 1007.76 966.733 913.916 608.617 486.796 121.821 92.8452 444.091 53.3704 417.747 39.4748 27.5258 305.298 239.657 26.3874 24.5543 65.6414 46.1674 27.9463 17.7242 26.3447 52.8168 41.0279 393.192 246.569 146.623 44.753 11.7427 226.051
internal_count=18613 17851 15697 15112 11309 8369 2940 1948 7921 1534 7084 414 287 3803 3025 263 683 778 545 394 382 837 585 2154 6401 4105 2296 1567 112 3967
is_linear=0
shrinkage=0.1


Tree=39
num_leaves=31
num_cat=0
split_feature=2 6 4 3 8 8 1 2 8 4 0 1 8 6 2 5 6 7 7 2 7 5 3 2 7 1 0 1 3 0
split_gain=13.5539 16.8337 13.0413 11.8354 10.6921 32.6017 17.0547 16.7041 19.8151 32.5701 18.4748 18.9969 17.5901 16.5647 15.0928 14.6892 14.1133 16.215 48.5067 20.5854 20.7282 19.0608 25.1043 19.041 17.9099 22.0078 27.4757 16.5464 21.9506 15.0248
threshold=-3.8325380776459399 -0.18908012764688142 -0.87742818093127883 -1.6572036574586306 0.70096686624254934 -0.37004184529760925 -0.71960129207986723 -2.5781160611897525 -1.4379675927874975 -0.44841425251066674 0.18459079674695572 -0.56971361179821256 -0.37133351249373114 -0.1238420484917756 0.91837202087001113 0.05542585976483335 -0.18114162087405508 1.3364688167677514 0.40841740954183336 -2.7534455734585057 0.40714536059099543 -0.55354184798357953 -1.6069798654963365 0.58506821362589456 -1.4506429737386981 -0.50225133925713228 -0.25971103381250854 -0.56628467509495317 -0.64511366137944837 -1.1722584671325122
decision_type=2 2 2 2 2 2 2 2 2 2 2 2 2 2 2 2 2 2 2 2 2 2 2 2 2 2 2 2 2 2
left_child=-1 -2 -3 -4 5 7 -6 15 9 -9 11 -11 -10 -14 -12 -5 29 18 19 -18 24 -22 -23 -19 25 26 27 28 -21 -8
right_child=1 2 3 4 6 -7 16 8 12 10 14 -13 13 -15 -16 -17 17 23 -20 20 21 22 -24 -25 -26 -27 -28 -29 -30 -31
leaf_value=0.076953886606093036 -0.10580195601566811 -0.12295053913887521 -0.12264078359494733 -0.19916173119966041 -0.12498911832723084 0.107231122848067 0.033816392997243143 -0.094628529515050783 0.11408968903904795 -0.057692173968302264 -0.12308995504313941 0.082057160905597545 -0.144683470519057 0.032475450311315844 -0.0037402882484734255 0.079182795554530769 -0.12967894855468468 -0.097229542541992509 0.10609352754809054 -0.066667598556332433 -0.0050435777738457865 0.13038933124228377 -0.11934550045196249 -0.0077936270077924117 0.11293117513262832 -0.030626893861140189 -0.15276652867884391 0.1185625734885638 0.053718675855377963 -0.075098508507031494
leaf_weight=22.174425009638071 15.409614018630235 8.6100757317617518 7.7182047595269969 1.9977476093918074 11.712878274731336 35.676535345613956 17.079296887852252 46.579239134211093 22.058504834771156 12.882942758966236 14.395965252071617 39.708230522461236 6.4408214651048175 29.230384521186352 40.136813852936029 37.217840887606144 11.962782034650443 31.085509348893538 47.926531072705984 18.836846732068807 118.484370325692 4.6081479261629275 31.820457414723933 101.63768488587812 20.209936648607254 70.971846771426499 7.0959731014445415 27.128617256879807 77.294340659864247 49.014139782637358
leaf_count=296 1464 537 264 19 421 425 164 2081 167 357 835 611 64 273 544 532 94 1513 534 202 1100 26 1047 1467 116 718 120 172 635 1815
internal_value=-0.000344939 -0.00212129 -0.000438675 0.000682403 0.00170238 0.0177912 -0.00541905 0.00506059 -0.00605729 -0.0248189 0.00553544 0.0478236 0.0438949 0.000487494 -0.0352471 0.0650032 -0.00321406 0.00186604 0.0111758 -0.000536137 0.00356774 -0.0244935 -0.0877545 -0.0287407 0.0231899 0.0141814 0.0385771 0.0495927 0.0301291 -0.0469537
internal_weight=987.107 964.932 949.523 940.913 933.194 286.325 646.869 250.648 211.433 153.703 107.124 52.5912 57.7297 35.6712 54.5328 39.2156 635.156 569.063 436.34 388.413 376.451 154.913 36.4286 132.723 221.538 201.328 130.356 123.26 96.1312 66.0934
internal_count=18613 18317 16853 16316 16052 5908 10144 5483 4932 4428 2347 968 504 337 1379 551 9723 7744 4764 4230 4136 2173 1073 2980 1963 1847 1129 1009 837 1979
is_linear=0
shrinkage=0.1


Tree=40
num_leaves=31
num_cat=0
split_feature=2 6 6 3 1 2 4 8 8 3 1 3 0 6 0 1 6 3 4 5 3 3 2 2 4 1 0 4 3 5
split_gain=12.1363 14.3033 11.8786 10.8236 10.2878 15.0861 15.5541 12.7404 24.6744 16.9871 15.0849 13.6598 15.9336 13.1175 21.5733 12.9188 25.8038 12.5447 13.5988 12.3227 11.5833 11.7078 12.4897 11.1713 27.393 11.114 11.0467 10.213 10.153 10.1114
threshold=-4.1874568006805015 -0.18908012764688142 0.31347841363562512 -1.6572036574586306 4.3192193320699586 1.2440099465934131 1.2763433654751082 0.70096686624254934 -0.37004184529760925 -0.15301760835570674 -0.71960129207986723 -1.3625588321753817 -0.80302439984806984 -0.082602346648052757 -1.0218073363587477 -0.56971361179821256 -0.1238420484917756 -1.229772554055431 -0.84031809985756645 -1.0304543548066298 1.3537106529654157 1.3007385896528281 -0.50660901996807317 -0.79425037408232713 -0.46725569026698333 0.51481779320560239 3.039480138735565 -0.52531949332946615 1.1470368741952168 2.9917341198872291
decision_type=2 2 2 2 2 2 2 2 2 2 2 2 2 2 2 2 2 2 2 2 2 2 2 2 2 2 2 2 2 2
left_child=-1 -2 3 -3 5 6 7 8 9 13 -9 12 -12 14 15 16 -5 -13 -19 -20 21 22 -11 -14 -25 -26 -7 -17 -6 -21
right_child=1 2 -4 4 28 26 -8 10 -10 20 11 17 23 -15 -16 27 -18 18 19 29 -22 -23 -24 24 25 -27 -28 -29 -30 -31
leaf_value=0.088560259446244766 -0.099221574527933509 -0.12109025593617753 -0.11569728396894662 -0.15927841427200831 0.057043968477237784 -0.12667432049747171 -0.10387080129311864 -0.12391450942720766 0.10686793145850121 0.059575433204367791 -0.13965794513433658 -0.080562231706782061 0.10189315874510363 0.037588868509382409 -0.13988227250454335 -0.15426877445080669 0.096182785372985566 -0.13369388823639569 -0.11141614484460663 -0.0027458865273497983 -0.073497706582922595 0.14487253042696407 -0.0048727157232157179 -0.14399287289050752 -0.10899085528372457 0.10423154890355157 0.055833704259580785 0.092401509617781666 -0.1417737070259007 0.082070332962594791
leaf_weight=15.129706516861914 14.808775973040609 7.2094667539931825 8.81351504428312 10.806652830913661 46.957717241719365 15.385349369607868 13.807217248715459 10.456443226896225 30.255355693399906 65.776121791452169 4.4604958510026327 22.782222527777776 27.68577456055209 21.022884122096002 19.258305090479553 1.9224047954194237 6.2354217721149352 8.0311546456068736 10.164729719515888 455.11095745582134 9.9300315892323834 9.5937551874667388 55.392840996384621 8.013435775414111 2.8427584902383414 17.452995777130127 4.2277395799756041 13.229009649716316 2.7171601653099051 14.503701386041937
leaf_count=222 1468 265 762 188 546 619 827 391 379 973 97 388 186 432 867 49 44 285 160 6904 441 42 1339 151 198 120 36 110 46 78
internal_value=-0.000289578 -0.0017214 -0.000158859 0.000953754 0.00192275 -0.000637888 0.00138941 0.0031512 0.0223591 0.0103645 -0.00488938 -0.00270991 0.0422375 -0.0289671 -0.0561615 -0.00607927 -0.0658093 -0.0080318 -0.00464441 -0.00248421 0.0306253 0.0385324 0.0301127 0.0567271 0.0125557 0.0743662 -0.0873334 0.0611041 0.0461689 -0.0001264
internal_weight=953.984 938.854 924.046 915.232 908.023 858.348 838.735 824.927 243.423 213.167 581.505 571.048 60.4555 72.4747 51.4518 32.1935 17.0421 510.593 487.811 479.779 140.693 130.763 121.169 55.995 28.3092 20.2958 19.6131 15.1514 49.6749 469.615
internal_count=18613 18391 16923 16161 15896 15304 14649 13822 4864 4485 8958 8567 752 1690 1258 391 232 7815 7427 7142 2795 2354 2312 655 469 318 655 159 592 6982
is_linear=0
shrinkage=0.1


Tree=41
num_leaves=31
num_cat=0
split_feature=4 6 0 0 1 2 2 6 7 7 6 5 7 3 4 4 3 1 2 3 3 4 0 0 5 7 2 4 3 2
split_gain=10.7351 10.8287 10.4558 15.194 11.7278 10.8055 11.7582 26.3213 13.3729 27.554 15.1461 16.4737 13.7595 12.1545 16.0224 11.6007 13.2211 10.3646 10.1553 10.0961 10.393 10.0534 20.5993 15.417 19.0118 17.5493 10.5327 10.4836 10.3895 23.8921
threshold=-0.87742818093127883 -0.18757106813794813 -1.0082697581629654 -1.0081106613548558 4.3192193320699586 1.2440099465934131 0.90043325485069203 -0.097815440110135529 1.3364688167677514 0.40841740954183336 -0.054536973789028706 -0.71958522925123547 -0.52978138065229585 -0.15301760835570674 -0.8384523842426721 -0.8333973172244189 -1.5519839874772761 -0.35533953434780946 -3.8325380776459399 -0.81071125726170812 1.5754183610723336 0.19664918571511222 -0.090898827160685217 -0.21462144805893216 -0.69498172639843647 0.40714536059099543 0.23794110774618774 1.0631922227583026 0.98050898591689628 -1.0326423257647239
decision_type=2 2 2 2 2 2 2 2 2 2 2 2 2 2 2 2 2 2 2 2 2 2 2 2 2 2 2 2 2 2
left_child=-1 -2 17 -4 5 6 8 -8 9 10 21 12 -12 14 -10 16 -13 19 -19 -3 -21 22 23 25 26 28 -25 -23 29 -5
right_child=1 2 3 4 -6 -7 7 -9 13 -11 11 15 -14 -15 -16 -17 -18 18 -20 20 -22 27 -24 24 -26 -27 -28 -29 -30 -31
leaf_value=-0.12105891647091234 -0.052082325701641952 -0.022952145905961091 -0.19669549169754064 0.0083788334133419289 0.045563925228567587 -0.08415055768266208 0.035371963150361965 -0.11668743240878139 0.057859136689739257 0.10572896428916111 0.038578035459148972 0.071499578720796528 -0.13256197342004702 -0.021570133224036295 -0.14694619741746034 0.067359830706959056 -0.10064235462794602 0.10292059998369846 -0.13919410656434739 0.0373401288429972 -0.14114831533561636 0.044537642344361444 -0.080643465760881133 0.15446001254891309 -0.11914991087171425 -0.11872400516603208 -0.14724336413646641 -0.11088605894660371 0.086499139663435712 -0.097757420031046746
leaf_weight=7.2994845998473457 37.313460454111919 36.748430616222322 4.0526089291088274 81.142778729554266 47.132482817396522 17.290078627876937 125.38306891778484 12.520379485096781 4.717356386594477 21.478905037045479 8.2301638945937174 7.9813995938748148 10.945905683096496 47.39285705704242 20.077119393274188 56.027733758091927 10.117209151852874 2.2760110571980476 7.2534451303072256 188.82031067181379 3.3196260291151694 32.830955685582012 61.908477301709354 13.030244470108302 3.9920567777007809 17.096296284813434 1.2698985850438465 5.0009094164706758 10.125112107954918 28.714929196983576
leaf_count=537 2227 427 84 808 592 606 1542 376 95 253 101 71 358 1276 1018 431 379 41 234 2329 113 903 1473 43 128 746 26 403 90 903
internal_value=-0.00026409 0.000689978 0.00291026 -0.00367352 -0.00245963 -0.00624929 -0.00392695 0.0215664 -0.0118794 -0.00419597 -0.0109726 0.0235038 -0.0591105 -0.0512498 -0.10798 0.0448756 -0.0247286 0.0208171 -0.0813675 0.0250714 0.0342564 -0.0235817 -0.0318651 -0.0124291 0.0738027 -0.0239361 0.127668 0.0239925 -0.0104298 -0.0193634
internal_weight=931.49 924.19 886.877 648.459 644.406 597.274 579.984 137.903 442.08 369.893 348.414 93.3024 19.1761 72.1873 24.7945 74.1263 18.0986 238.418 9.52946 228.888 192.14 255.112 217.28 155.371 18.2922 137.079 14.3001 37.8319 119.983 109.858
internal_count=18613 18076 15849 12705 12621 12029 11423 1918 9505 7116 6863 1340 459 2389 1113 881 450 3144 275 2869 2442 5523 4217 2744 197 2547 69 1306 1801 1711
is_linear=0
shrinkage=0.1


Tree=42
num_leaves=31
num_cat=0
split_feature=2 6 3 4 0 3 3 4 2 0 4 3 1 0 2 6 8 4 1 8 5 7 6 7 6 0 4 4 5 2
split_gain=10.6086 12.6399 16.2548 15.1093 17.6097 14.6962 14.13 12.3008 16.4166 12.4396 15.7108 14.9334 13.1084 11.2411 11.1658 10.8115 10.93 11.1762 10.9135 10.6443 19.5918 11.3577 10.2638 8.89836 8.84037 8.72345 12.265 17.4343 20.6499 8.81999
threshold=-4.1874568006805015 -0.1746876119022743 -0.96805294009146092 -0.6228668300844199 -1.0902167777483067 0.39333012092113923 0.11081191501394592 0.19664918571511222 1.2579663796267733 -0.95552105334154147 -0.54807898412747702 -0.694009446846935 -0.4681897502375551 -1.1585286163139754 -1.8559072900249727 -0.15217393324014278 -1.4379675927874975 -0.43033952414557075 0.85320991562364579 0.70096686624254934 0.38873499700877301 2.266217494137051 -0.11897212049277783 -1.4821352249473769 -0.18742794027678944 2.164042740204597 -0.24496057564674142 -0.26631772655653285 -1.0469881526033393 1.1758718638520074
decision_type=2 2 2 2 2 2 2 2 2 2 2 2 2 2 2 2 2 2 2 2 2 2 2 2 2 2 2 2 2 2
left_child=-1 2 -2 14 5 -5 -6 8 9 10 11 22 13 -13 -4 -11 17 -17 -19 20 21 -18 23 -3 -8 26 27 29 -29 -21
right_child=1 7 3 4 6 -7 24 -9 -10 15 -12 12 -14 -15 -16 16 19 18 -20 25 -22 -23 -24 -25 -26 -27 -28 28 -30 -31
leaf_value=0.086633018516992108 -0.11149521842889938 0.1050862830298734 -0.66164465451011945 0.036455767393102946 -0.094387026618906716 -0.10278908344918603 -0.11185163833975756 0.043916234748258128 -0.13130062064865403 -0.050359372240047544 0.1133361324509308 -0.087951910087083196 -0.10689772785598764 0.046028327716785833 -0.14740971179883564 -0.10839628271979163 0.10018337557412973 -0.11353209311541167 0.054851961538965689 0.00088426061468146067 -0.2667550227693925 -0.16409690471630223 0.0088051400430928951 -0.13225137003860252 0.0044064523614033143 -0.089956074240060135 0.076108094088769118 -1.0602901411583276 -0.162584259002577 -0.15873635909510486
leaf_weight=13.830061737447975 19.259010098408908 1.7861511521041418 0.54217436164617572 73.853931166464463 32.626181819010526 8.4464818672277016 7.5744409579783669 71.460445056203753 9.3611935167573375 50.232987920287997 18.017918054014444 6.643740647006779 6.5675892531871787 109.04668568167835 1.9088965556584288 18.328029510797933 25.304211352020509 5.5823257686570313 12.397306450176982 296.57887797150761 1.7003352642059315 1.7378269284963597 16.372216446325183 13.667623756453393 47.92486623628065 10.653700257651506 20.895494578406215 0.29249112866818938 2.0675549255684009 3.502589233685284
leaf_count=222 1224 19 7 935 1777 317 690 1027 415 1736 154 150 178 1360 75 1447 286 282 119 3819 12 12 170 218 1405 228 228 8 34 59
internal_value=-0.000279814 -0.00162384 -0.0243511 -0.014643 -0.0110977 0.0221651 -0.0421617 0.00459483 0.000139838 0.00212002 0.0249807 0.0146488 0.0305325 0.0383343 -0.261158 -0.00663714 -0.0011332 -0.0534446 0.00257199 0.00410289 0.0624971 0.0831997 -0.0463678 -0.10482 -0.0114602 -0.000922365 0.00201123 -0.00310808 -0.273841 -0.000978852
internal_weight=908.163 894.333 192.136 172.877 170.426 82.3004 88.1255 702.197 630.737 621.376 172.102 154.084 122.258 115.69 2.45107 449.274 399.041 36.3077 17.9796 362.733 28.7424 27.042 31.826 15.4538 55.4993 333.991 323.337 302.442 2.36005 300.081
internal_count=18613 18391 6430 5206 5124 1252 3872 11961 10934 10519 2249 2095 1688 1510 82 8270 6534 1848 401 4686 310 298 407 237 2095 4376 4148 3920 42 3878
is_linear=0
shrinkage=0.1


Tree=43
num_leaves=31
num_cat=0
split_feature=4 6 0 4 7 3 2 0 4 6 2 4 6 6 3 2 1 2 2 4 3 6 5 2 4 3 1 5 2 6
split_gain=9.81612 9.36852 16.3339 13.7901 13.2288 12.6937 11.4028 9.9392 14.5971 16.0546 17.4636 12.4665 20.5171 18.2874 17.1437 14.8486 11.6902 16.4289 11.1101 10.6502 9.86756 9.72299 18.7504 13.2271 11.235 8.71344 8.50374 8.46885 8.33344 21.9377
threshold=-0.85402780845736481 -0.1746876119022743 -1.144934439927346 -0.49962386333609982 1.3364688167677514 0.41595603612110693 -4.1874568006805015 -0.7549094643459614 0.16475814154490395 -0.15990122433601675 1.1877823276448758 -0.7606507543586517 -0.13458492357125815 -0.14759781513430106 -0.68686548471038622 -0.98273529036270746 -0.58815063176830773 -2.3164220174420387 -2.5246233575660804 -0.50672484905360216 -0.41661476350576926 -0.082602346648052757 0.14771914521834759 -3.2500711436464589 -0.8041502523543741 -1.5720206748036076 -0.45606598605111642 1.8917164313512511 0.93603159807976855 -0.097815440110135529
decision_type=2 2 2 2 2 2 2 2 2 2 2 2 2 2 2 2 2 2 2 2 2 2 2 2 2 2 2 2 2 2
left_child=25 2 3 -2 20 -5 -6 11 9 -9 16 12 18 14 -13 26 17 -11 27 -17 -4 22 -14 24 -24 -1 -16 -3 -18 -30
right_child=1 7 4 5 6 -7 -8 8 -10 10 -12 13 21 -15 15 19 28 -19 -20 -21 -22 -23 23 -25 -26 -27 -28 -29 29 -31
leaf_value=0.052478571676387656 -0.065137887435513728 0.046103070629234938 -0.072827926336482149 0.060294688117041119 -2.0759266968734518 -0.14902101010602783 -0.11810646242896342 -0.095548160265668258 0.03940503928126321 0.048421187360887886 -0.1265137707398527 -0.065833923487715149 -0.14917427786388274 0.11250748478791955 0.075968364721305248 -0.082031086305974527 -0.0038274810440290397 -0.12452281157983154 -0.18224676387398367 0.10641835935663863 -0.007640405084191621 0.073810282488038323 -0.62100366692781117 0.026432667084707935 0.061404054044773421 -0.09530956394409372 -0.12036389876593337 -0.51690316395045532 0.053656940161286609 -0.12090705497639186
leaf_weight=5.0749144956935224 13.807421575300394 4.220205331221222 32.273854210972786 47.675994435558096 0.029802372679116895 3.0846930011175564 16.482459986349568 20.305668650195003 74.325755092781037 8.2565707657486218 11.305509638739748 17.454873852431774 7.808972622267901 30.697572909295559 55.762812275905162 12.955502044875177 253.76553802285343 16.409707862418145 8.9049059008248133 3.9022094104439011 82.783939538989216 21.381659189239144 0.58939478918910027 44.937482614535838 0.40845620259642501 18.651494534220546 2.2969819651916614 0.28523436747491349 65.343393919989467 8.0905231966171396
leaf_count=78 284 81 1787 621 1 135 1047 1020 1112 73 427 283 94 266 607 342 4306 510 157 40 2735 288 7 494 8 994 33 3 544 236
internal_value=-0.000241396 0.0014981 -0.017722 0.0234719 -0.0379379 0.0475747 -0.12164 0.00712962 -0.00115467 -0.00901598 -0.00417778 0.0250524 -0.00356457 0.0456394 0.0234175 0.0442119 -0.000247104 -0.0666331 -0.117504 -0.038409 -0.0259256 0.0167741 -0.0059172 0.0184364 -0.34167 -0.0636987 0.068201 0.0104598 0.00475747 0.0344245
internal_weight=889.274 865.547 196.138 64.5681 131.57 50.7607 16.5123 669.409 457.803 383.477 363.171 211.606 88.5363 123.07 92.3724 74.9175 351.866 24.6663 13.4103 16.8577 115.058 75.126 53.7443 45.9353 0.997851 23.7264 58.0598 4.50544 327.199 73.4339
internal_count=18613 17541 6610 1040 5570 756 1048 10931 8228 7116 6096 2703 1132 1571 1305 1022 5669 583 241 382 4522 891 603 509 15 1072 640 84 5086 780
is_linear=0
shrinkage=0.1


Tree=44
num_leaves=31
num_cat=0
split_feature=2 6 4 3 1 2 4 8 8 3 3 0 1 0 7 1 3 6 1 4 4 4 0 5 5 3 2 0 6 6
split_gain=9.14179 10.8765 8.86051 8.59579 7.39492 12.3963 14.3237 10.9572 19.3998 12.5209 12.166 11.5371 11.0363 10.7579 11.6233 10.143 9.44952 9.39591 23.7411 9.62 9.17676 10.0726 23.1896 25.1726 14.0416 12.2559 9.7406 15.805 12.6321 12.1747
threshold=-4.1874568006805015 -0.18937342861424647 -0.87742818093127883 -1.6572036574586306 3.833552147990317 1.2440099465934131 1.2763433654751082 0.70096686624254934 -0.37004184529760925 -1.417882779076679 -0.15301760835570674 -0.78918420037342318 -0.71960129207986723 -0.9958715954689138 -0.52978138065229585 3.6327676932244297 1.4662387378943122 -0.1238420484917756 -0.56971361179821256 -0.52531949332946615 -0.84031809985756645 -0.32248071396089778 1.3918623803261392 2.9917341198872291 -0.94767188855769946 -1.229772554055431 0.87589328343277428 1.8685975989457326 -0.10690831771003854 0.0048825011449326007
decision_type=2 2 2 2 2 2 2 2 2 2 2 2 2 2 2 2 2 2 2 2 2 2 2 2 2 2 2 2 2 2
left_child=-1 -2 -3 -4 5 6 7 8 10 11 13 -9 -11 17 -15 16 -12 18 -5 -20 -14 24 23 -23 -22 -26 27 29 -28 -27
right_child=1 2 3 4 -6 -7 -8 9 -10 12 15 -13 20 14 -16 -17 -18 -19 19 -21 21 22 -24 -25 25 26 28 -29 -30 -31
leaf_value=0.084545034387453241 -0.10113723801224289 -0.1191497795410697 -0.11871946117706469 -0.1402159815149471 0.033718185503850577 -0.094278039168646924 -0.10884300366721229 -0.1312872672799151 0.10571981232869654 -0.12380326929709198 0.036856247179126576 0.058967150980386712 -0.11018672894926113 0.034631378047233534 -0.12694079624112728 -0.39761328950777175 -0.08354782228744001 0.066887288778640266 -0.15401196817551935 0.088841725880897879 -0.085613683867902815 -0.098095157315277834 0.026309255234292978 0.10062190964328582 -0.077278889548685351 0.00030100372084250222 0.069453469099806125 -0.1170133955346498 -0.08228075338407953 0.070471729668633201
leaf_weight=12.546645831316708 10.804110482335089 6.2127109037246546 5.9832578415516755 11.265982214827089 65.902678356040269 14.042788154212756 11.783631131052969 3.4473971708212039 24.197102434933186 8.3951517397072148 119.44635630724952 42.248315914999694 8.6522318138740939 6.1867313785478482 15.883093121694401 0.55640630889683862 6.8944288392085573 15.314683785662053 1.8906080699525762 11.884145945310594 17.708131395746022 52.198710302356631 37.84633260127157 7.261448453180491 16.965346487006173 247.12698864354752 43.880658290814608 10.619007116649298 6.2707403353415421 27.474326119758189
leaf_count=222 1387 537 268 205 867 652 860 108 373 358 2450 574 356 62 1141 8 397 150 57 113 291 2456 511 32 226 3093 301 150 136 272
internal_value=-0.000197348 -0.00143605 -0.000165099 0.000713534 0.00156899 -0.00118459 0.000546007 0.00227943 0.0214059 -0.0054246 0.0106298 0.0446139 -0.010145 -0.0255127 -0.081648 0.0284096 0.0302858 0.00518688 -0.0325485 0.0555096 -0.00814041 -0.00625119 -0.0348802 -0.0738272 0.00127705 0.00564409 0.00983889 0.0026926 0.0504812 0.0073217
internal_weight=870.89 858.344 847.539 841.327 835.343 769.441 755.398 743.614 213.52 530.095 189.322 45.6957 484.399 62.4252 22.0698 126.897 126.341 40.3554 25.0407 13.7748 476.004 467.352 97.3065 59.4602 370.045 352.337 335.372 285.22 50.1514 274.601
internal_count=18613 18391 17004 16467 16199 15332 14680 13820 4956 8864 4583 682 8182 1728 1203 2855 2847 525 375 170 7824 7468 2999 2488 4469 4178 3952 3515 437 3365
is_linear=0
shrinkage=0.1


Tree=45
num_leaves=31
num_cat=0
split_feature=2 6 6 3 1 2 4 4 4 0 8 8 1 3 3 0 3 4 0 5 5 4 2 3 6 7 6 0 2 0
split_gain=8.05715 9.70741 7.99007 7.84481 6.54319 10.5641 12.229 8.74582 21.4527 9.3666 8.67175 18.1594 11.1962 10.4219 10.3216 10.6561 9.14494 10.3531 20.8986 22.8674 11.5055 11.7056 32.8607 21.9414 19.4027 17.3587 11.8653 9.16597 9.13113 12.3549
threshold=-4.1874568006805015 -0.18937342861424647 0.31347841363562512 -1.6572036574586306 3.833552147990317 1.2579663796267733 1.2763433654751082 -0.25075336981709589 -0.26631772655653285 -0.22790949122836646 0.70096686624254934 -0.37004184529760925 -0.71960129207986723 -0.15301760835570674 -1.3625588321753817 -0.80302439984806984 -1.229772554055431 -0.32248071396089778 1.3918623803261392 2.9917341198872291 -0.94767188855769946 -0.7606507543586517 -0.11455016425867959 0.9898931039172173 0.0048825011449326007 0.40714536059099543 -0.1337683384642063 -1.1585286163139754 -2.5781160611897525 -1.1790489864575375
decision_type=2 2 2 2 2 2 2 2 2 2 2 2 2 2 2 2 2 2 2 2 2 2 2 2 2 2 2 2 2 2
left_child=-1 -2 3 -3 5 6 10 8 -6 -9 11 13 -12 -5 15 -14 -16 20 19 27 -18 22 -22 -23 -25 26 -24 -19 -15 -30
right_child=1 2 -4 4 7 -7 -8 9 -10 -11 12 -13 14 28 16 -17 17 18 -20 -21 21 23 25 24 -26 -27 -28 -29 29 -31
leaf_value=0.082513610220828371 -0.099746476286604935 -0.1173960441693289 -0.11284646080847059 -0.025206767545405524 0.0063625406902469888 -0.094876846318526969 -0.10254518600657531 -0.18813489210353754 -0.41625102828946087 0.069390197088920844 -0.12136109021796765 0.10518822635564845 -0.13058970366888176 0.085630336478387636 -0.074854426577613736 0.051193140097623727 -0.08338353765809596 0.0031737696702154776 0.024706446735350638 0.094238688094807607 -0.12054861674312019 0.026508868658743658 -0.15959545548707263 -0.10981427476476247 0.076145596120299711 -0.073117498072629461 0.076567173074413353 -0.11864114695727052 -0.24156612840935707 0.018021009495418221
leaf_weight=11.618107825517653 9.9055110292974842 5.5873127281665793 6.2450907425954929 59.943374651251361 22.04619456129149 11.826354298973454 11.365294986637307 1.4650256375316519 1.2703563030809153 39.281860528513789 8.1234655114822072 21.999456476420164 3.4535632366314521 21.011129006743431 19.478568277321756 48.667057486716658 14.833779449574648 7.3199559547938398 35.097432020585984 6.9923365926370016 25.457234412198886 236.60866902302951 2.2861814871430388 22.7676613223739 7.4456547773443154 13.894627173198385 30.638779193162918 39.559911597520113 1.8668044190853823 102.66834813426249
leaf_count=222 1387 269 762 1685 270 578 862 28 19 537 391 373 97 459 374 654 264 75 480 32 450 2725 18 422 53 352 209 2227 113 2226
internal_value=-0.000192381 -0.00133751 -0.000161934 0.000693185 0.00150041 -0.00110878 0.000386794 0.0321812 -0.0166627 0.0601311 0.00198908 0.0192855 -0.00487782 0.00909723 -0.00303866 0.039148 -0.00779404 -0.00484477 -0.0353392 -0.0744587 0.00282076 0.00659175 -0.0291063 0.0162617 -0.063987 0.0206136 0.060169 -0.0996206 0.025476 0.0133853
internal_weight=850.725 839.107 829.201 822.956 817.369 753.306 741.479 64.0634 23.3166 40.7469 730.114 207.489 522.625 185.49 514.501 52.1206 462.381 442.902 88.9696 53.8722 353.933 339.099 72.2768 266.822 30.2133 46.8196 32.925 46.8799 125.546 104.535
internal_count=18613 18391 17004 16242 15973 15119 14541 854 289 565 13679 4856 8823 4483 8432 751 7681 7307 2814 2334 4493 4229 1029 3200 475 579 227 2302 2798 2339
is_linear=0
shrinkage=0.1


Tree=46
num_leaves=31
num_cat=0
split_feature=4 2 6 1 1 1 1 1 1 1 2 2 6 3 0 6 0 0 6 4 3 1 1 3 3 7 3 8 7 4
split_gain=7.26567 7.56487 15.226 15.0994 13.2491 29.3088 15.4254 16.9758 14.742 12.6945 13.9035 12.3218 17.6356 20.3322 17.8956 15.5261 11.9287 10.6862 22.1756 10.2883 10.8274 10.0387 9.97437 9.82077 9.88688 9.69049 9.66478 8.72953 8.57197 9.21762
threshold=-0.87742818093127883 -1.0858740611825397 -0.18635131676677166 -0.35537054151484276 -0.56971361179821256 -0.5766445095825059 -0.50650858130711873 -0.5017368998571976 -0.58815063176830773 -0.58904393497432161 -2.4292940488900974 0.72208134843245919 -0.11697092895536913 -0.24410450425740302 1.555399530983915 -0.045726986962341225 -1.0287102571191395 -1.0219064819371269 -0.16828487586387056 -0.44841425251066674 0.28228931551408759 -0.60660890044052651 -0.50225133925713228 -1.5206643888453446 1.5754183610723336 -0.52978138065229585 1.5561796946941799 -1.1124482307035823 -1.0000000180025095e-35 -0.30716313398208783
decision_type=2 2 2 2 2 2 2 2 2 2 2 2 2 2 2 2 2 2 2 2 2 2 2 2 2 2 2 2 2 2
left_child=-1 3 -3 4 5 8 -6 22 9 17 28 12 13 -4 21 23 -7 -2 -19 20 -15 26 -8 -13 -25 -17 -14 -23 29 -11
right_child=1 2 11 -5 6 16 7 -9 -10 10 -12 15 14 19 -16 25 -18 18 -20 -21 -22 27 -24 24 -26 -27 -28 -29 -30 -31
leaf_value=-0.11718850666767844 0.039120023138431881 -0.099618807256109221 -0.120844435193315 -0.087679206736643145 0.10327695561359021 -0.20312677872409887 0.058881066252406335 0.043597992529839591 0.11551654671801465 0.067739450528602932 -0.19439093621043127 -0.16075470372510162 -0.15260251943723882 -0.00024744200811206712 -0.07004587732382328 0.076808978107040363 -0.049162819471576996 -0.16286975012848737 0.013303202888481719 0.0033765511362476037 -0.10619918048418249 -0.11057477004644733 -0.14659612220468674 0.025026303330317318 -0.11093185261960059 -0.13283273744410282 0.12185710778485931 0.033437074444445783 -0.22634586280698704 -0.47402981919138898
leaf_weight=5.2738433193881056 83.604141291929409 17.009582907659933 27.963798657525331 14.042689802357925 33.4182323589921 8.0976895466446894 3.2782816048711529 53.609871794236824 13.929030285216866 7.1137037090957156 6.174376603215932 2.9894812242127946 5.7878989404998711 16.309688194422051 26.184495087945834 2.763728386722506 13.292557332897557 8.8806531482841802 36.555855553131551 56.669598440639675 23.603597603039816 4.3724462697282425 8.456231326563282 218.56821293383837 5.4828804451972237 10.90470201312564 1.6484406064264474 112.70556048583239 1.3944312534295011 0.32854787586256851
leaf_count=537 965 2049 2041 561 392 109 29 666 119 115 74 128 189 357 583 20 217 264 467 1845 684 403 140 3365 263 540 15 1453 15 8
internal_value=-0.000187182 0.000560627 -0.00652879 0.0134926 0.0186006 0.00240542 0.0480141 0.0197517 0.0172794 0.00778045 -0.0792569 -0.00345987 -0.0179115 -0.0457551 0.00510005 0.0130653 -0.107449 0.0179053 -0.0211301 -0.0240143 -0.0629043 0.0209027 -0.0891918 0.0192968 0.0216992 -0.0904436 -0.091762 0.0280587 0.00118972 0.0438223
internal_weight=830.414 825.14 532.964 292.176 278.134 179.371 98.7626 65.3444 157.981 144.052 15.0111 515.955 275.246 124.547 150.699 240.709 21.3902 129.041 45.4365 96.5829 39.9133 124.514 11.7345 227.041 224.051 13.6684 7.43634 117.078 8.83668 7.44225
internal_count=18613 18076 13935 4141 3580 2353 1227 835 2027 1908 212 11886 7570 4927 2643 4316 326 1696 731 2886 1041 2060 169 3756 3628 560 204 1856 138 123
is_linear=0
shrinkage=0.1


Tree=47
num_leaves=31
num_cat=0
split_feature=2 6 3 6 3 1 3 2 0 4 6 4 1 2 6 5 1 1 1 1 1 1 0 1 2 2 3 0 2 0
split_gain=6.93231 7.93766 6.60001 6.44976 5.72605 5.56865 7.93077 7.04791 9.44867 8.36456 7.93068 7.43279 9.912 8.84003 25.1547 17.3744 16.4185 12.9924 22.9586 13.3963 12.8672 14.8312 11.8961 11.7748 11.1296 11.0249 10.2767 10.2591 10.1488 9.36246
threshold=-4.1874568006805015 -0.18937342861424647 -1.6572036574586306 0.31347841363562512 1.9539305894731429 4.3192193320699586 1.1470368741952168 1.2440099465934131 3.039480138735565 1.2763433654751082 -0.17057626924663008 0.16475814154490395 -0.46807267276629383 -0.98273529036270746 -0.14153335492181982 2.4142790689024132 -0.41202401597413002 -0.56971361179821256 -0.5766445095825059 -0.58815063176830773 -0.50650858130711873 -0.5017368998571976 -0.63898185681812902 -0.58904393497432161 -1.773721612803149 -2.3655097495229618 -0.2683219718886789 -1.0765766370537309 0.91837202087001113 -1.0082697581629654
decision_type=2 2 2 2 2 2 2 2 2 2 2 2 2 2 2 2 2 2 2 2 2 2 2 2 2 2 2 2 2 2
left_child=-1 -2 -3 4 5 7 -7 9 -9 11 -11 13 -13 16 15 28 17 18 19 23 -19 -22 -20 29 27 26 -25 -23 -15 -4
right_child=1 2 3 -5 -6 6 -8 8 -10 10 -12 12 -14 14 -16 -17 -18 20 22 -21 21 24 -24 25 -26 -27 -28 -29 -30 -31
leaf_value=0.080052823481323254 -0.09801745688368052 -0.1150635885355968 0.035064817040004671 -0.11118833973640374 -0.11933862395857289 0.047646464028836072 -0.15088939193767575 -0.11947799548196479 0.058452268489800008 -0.11585716497722783 0.14605734676730994 -0.091060302954226569 0.04231777179859459 -0.10555317549281228 0.0033022666915950918 0.040233687308900409 -0.091479176907946491 0.10191882536800288 -0.14813997171873303 0.11395630854399817 -0.082907985236920598 0.020251272367332651 0.014750211492055016 -0.19036846487467396 0.072148603266769099 -0.18296598772732067 0.070306156690352659 -0.19095024518010817 -0.02298459184291984 -0.024564845157990498
leaf_weight=10.623061839491127 8.3903018757700902 4.974272906780242 84.136187606491148 5.1377503166440865 3.9197252485901108 39.334504189901054 2.1205135500058523 10.484531570691614 4.1721202284097663 9.7884640018455666 1.3109173513948906 6.0454548613633952 71.108429799322039 48.005300066433847 275.52516803401522 14.543038522591813 14.374515380361116 30.468133520334959 14.161785404663535 12.710951500572262 10.988236494828014 7.7698989603668451 6.5604485319927326 2.0877037830650806 37.016593131236732 6.0031845699995738 5.4878197982907295 3.2669923426583392 21.577349952422082 38.32481053005904
leaf_count=222 1387 283 948 748 181 546 39 612 36 854 15 574 1610 2826 4458 237 481 377 181 119 140 110 67 17 329 63 101 47 435 570
internal_value=-0.000197904 -0.00126381 -0.000238051 0.000488235 0.00122262 0.00183052 0.0374909 -0.000178269 -0.0688289 0.00121677 -0.0849232 0.00256308 0.0318668 -0.00100859 -0.0113112 -0.0591726 0.0125463 0.0183202 0.00204238 0.01578 0.0491396 0.0219032 -0.0965706 0.00660684 0.04587 -0.0817445 -0.00153197 -0.0422658 -0.0799489 0.0164034
internal_weight=810.418 799.795 791.405 786.431 781.293 777.373 41.455 735.918 14.6567 721.261 11.0994 710.162 77.1539 633.008 359.651 84.1257 273.357 258.983 169.473 148.751 89.5099 59.0417 20.7222 136.04 48.0535 13.5787 7.57552 11.0369 69.5827 122.461
internal_count=18613 18391 17004 16721 15973 15792 585 15207 648 14559 869 13690 2184 11506 7956 3498 3550 3069 2066 1818 1003 626 248 1699 486 181 118 157 3261 1518
is_linear=0
shrinkage=0.1


Tree=48
num_leaves=31
num_cat=0
split_feature=1 1 1 1 1 1 1 2 7 7 1 1 1 1 1 1 1 1 2 4 1 1 1 1 1 1 3 7 3 0
split_gain=6.13123 20.8621 37.4036 28.2568 24.8561 23.3115 12.9083 9.90082 7.99255 9.5781 7.95855 15.6738 20.4721 38.6601 15.8088 30.8758 18.8353 13.6999 11.9103 11.592 10.4864 13.7912 10.1009 7.98027 7.72717 7.38445 10.7795 6.77888 6.4754 6.34016
threshold=-0.71950200301673173 -0.67229925113587796 -0.67192178118666124 -0.60664499023768459 -0.60660890044052651 -0.59720402125200656 -0.59651493331095984 -2.9115205774295263 0.40841740954183336 1.3364688167677514 -0.58904393497432161 -0.58815063176830773 -0.5766445095825059 -0.57647010697579926 -0.50650858130711873 -0.56628467509495317 -0.57029740603007417 -0.5017368998571976 -2.4292940488900974 -0.83684719925322837 -0.48882716652468045 -0.48873981544267014 -0.59496684497988894 -0.47910052521261687 -0.50225133925713228 -0.71938040512663537 1.2012865025887132 0.40714536059099543 0.36068302891302706 -0.29388809770169805
decision_type=2 2 2 2 2 2 2 2 2 2 2 2 2 2 2 2 2 2 2 2 2 2 2 2 2 2 2 2 2 2
left_child=7 25 8 -4 -5 29 -7 -1 -3 -10 22 18 -13 -14 15 16 -15 24 27 -19 -21 -22 -8 -23 28 26 -2 -12 -16 -6
right_child=1 2 3 4 5 6 10 -9 9 -11 11 12 13 14 17 -17 -18 19 -20 20 21 23 -24 -25 -26 -27 -28 -29 -30 -31
leaf_value=0.056914348930856652 -0.13676580256026732 -0.14526254869168503 0.10639310818298892 -0.11689693720714743 0.12113222543522047 -0.11888983025052993 -0.046425364995619986 -0.073237500356589144 0.10656418637639511 -0.12521506310056638 0.040756911605149777 0.10496346389112915 -0.15615428120605629 0.080436574580799947 0.056599446074143293 0.11155257991540564 -0.10705517947745075 -0.11425315026855809 -0.1593587524742886 0.1159248994416477 -0.16242173521124836 0.11533127508064378 0.11893753499375748 0.00051917266963100249 -0.12272232159372896 0.102669955888469 0.11455851293324988 -0.20981935979010147 -0.2138753676857412 -0.13133552268592011
leaf_weight=7.6369567158399141 3.4907466229051343 21.216721091419462 25.305908804759383 18.08418654743582 19.058041861280802 9.2170818173326534 5.3676663846708861 24.906729329260997 3.1750473007559767 4.0662988484837115 6.7926221801899391 18.454943871824071 15.827517156256361 8.4910775511525589 5.1699131270870593 34.646149218082428 14.521499411435796 8.7074526618234795 10.881797510664908 7.9694146011024705 5.1548162016551933 6.1369096394628277 11.846167787909506 448.08595201710705 14.565272195730357 26.607367456657812 3.3390045291744173 1.2836679469328371 1.0679935319349168 1.0494661056436587
leaf_count=116 124 815 311 412 158 274 65 991 27 130 123 196 677 134 61 448 668 890 299 94 198 64 130 10258 528 330 15 15 19 43
internal_value=-0.00019096 0.0016301 -0.00192618 0.00265754 -0.00124669 0.00194979 -0.00141121 -0.042695 -0.114302 -0.0235889 0.000321367 -0.00157779 0.00130382 -0.00205035 0.00234822 0.0519134 -0.0378753 -0.00340365 -0.0910747 6.75492e-05 0.00219753 0.000224559 0.0673736 0.00207037 -0.0828377 0.0788607 -0.0138956 0.000929624 0.0102914 0.107955
internal_weight=792.124 759.581 726.144 697.686 672.38 654.295 634.188 32.5437 28.4581 7.24135 624.971 607.757 588.799 570.344 554.516 57.6587 23.0126 496.858 18.9581 476.055 467.347 459.378 17.2138 454.223 20.8032 33.4371 6.82975 8.07629 6.23791 20.1075
internal_count=18613 17506 17037 16065 15754 15342 15141 1107 972 157 14867 14672 14235 14039 13362 1250 802 12112 437 11504 10614 10520 195 10322 608 469 139 138 80 201
is_linear=0
shrinkage=0.1


Tree=49
num_leaves=31
num_cat=0
split_feature=1 2 1 1 1 1 1 1 3 1 1 1 1 1 1 1 1 1 1 4 2 1 1 1 1 1 7 7 0 4
split_gain=5.91185 9.51416 7.74155 32.2831 25.4214 20.4055 20.8967 18.3074 11.1416 10.9242 6.91425 13.3086 18.3635 24.2276 13.8824 27.8368 15.8221 11.7431 10.4918 10.4002 10.2918 9.26641 12.4788 9.18893 7.12155 6.80606 6.72895 8.37869 6.65836 6.97881
threshold=-0.72443215334433009 -2.9652812865580542 -0.67229925113587796 -0.67192178118666124 -0.60664499023768459 -0.60660890044052651 -0.59720402125200656 -0.71938040512663537 -0.2683219718886789 -0.59651493331095984 -0.58904393497432161 -0.58815063176830773 -0.57887849084183407 -0.57647010697579926 -0.50650858130711873 -0.56628467509495317 -0.57029740603007417 -0.5017368998571976 -0.5766445095825059 -0.83064096298262757 -2.3164220174420387 -0.48882716652468045 -0.48873981544267014 -0.59496684497988894 -0.47910052521261687 -0.50225133925713228 0.40841740954183336 1.3364688167677514 -1.1991995115458263 -0.79103747224213083
decision_type=2 2 2 2 2 2 2 2 2 2 2 2 2 2 2 2 2 2 2 2 2 2 2 2 2 2 2 2 2 2
left_child=1 -1 7 26 -5 -6 -7 8 -2 -8 23 20 -13 18 15 16 -15 25 -14 -19 28 -21 -23 -11 -24 -16 -4 -28 -12 -30
right_child=2 -3 3 4 5 6 9 -9 -10 10 11 12 13 14 17 -17 -18 19 -20 21 -22 22 24 -25 -26 -27 27 -29 29 -31
leaf_value=0.057152697551628884 -0.13659217799769699 -0.13307986890476739 -0.13823186030397022 0.10578264409978039 -0.10649473809589785 0.10700036234313695 -0.11149609171535467 0.10098152581743876 0.016817829777545555 -0.041116298715429128 -0.34540227708066962 0.11465596015752366 0.047988990583452733 0.076114566354736471 0.009656675476583422 0.11078397672849359 -0.099225463272757816 -0.10190069979655361 -0.1516615933431753 0.11480872424760678 -0.15500321412311718 -0.1621723904329451 0.11407861508808313 0.11820283567247086 0.00071103512575325443 -0.11751348055827787 0.10590497573924368 -0.11939032748196376 -0.19857862132758974 0.060231982361089231
leaf_weight=3.9288532237987965 6.1813682437641573 7.9468057035701332 20.12459793465678 23.02313682064414 17.877330147661269 18.348937968257815 8.8645882434211654 24.457744352053851 20.219989981735125 5.4500625198707011 0.53490099683403958 13.92527645640075 3.2050954576116082 8.0969756594859081 6.0678862468339529 31.555583864450455 14.122735555982215 9.7973718242719752 14.724252695683388 7.1956706177443257 9.8330839381087554 4.6710083631332955 5.6107757128775111 10.782139854505656 446.29783788439818 13.733705071266739 2.8898706510663024 3.8496729317121208 1.2377437837421892 6.5840187575668114
leaf_count=54 230 575 815 311 412 201 274 330 387 65 7 130 66 134 80 448 668 980 677 93 295 198 64 130 10169 528 27 130 12 123
internal_value=-0.000134334 -0.0701448 0.000960702 -0.00174489 0.00249338 -0.00111783 0.00182276 0.0386462 -0.0191002 -0.00127852 0.000314227 -0.00143611 0.00120983 -0.00158583 0.00216244 0.0504101 -0.0353307 -0.00309631 -0.115972 5.84094e-05 -0.0856602 0.00221232 0.000437808 0.0647104 0.00211858 -0.0785442 -0.109269 -0.0227852 -0.00406585 0.0192769
internal_weight=771.139 11.8757 759.263 708.404 681.54 658.517 640.64 50.8591 26.4014 622.291 613.426 597.194 579.004 565.079 547.15 53.7753 22.2197 493.374 17.9293 473.573 18.1897 463.775 456.58 16.2322 451.909 19.8016 26.8641 6.73954 8.35666 7.82176
internal_count=18613 629 17984 17037 16065 15754 15342 947 617 15141 14867 14672 14235 14105 13362 1250 802 12112 743 11504 437 10524 10431 195 10233 608 972 157 142 135
is_linear=0
shrinkage=0.1


Tree=50
num_leaves=31
num_cat=0
split_feature=2 6 3 3 1 2 1 1 1 1 1 1 1 3 2 0 7 7 7 1 1 1 1 1 1 1 1 2 4 1
split_gain=5.52322 6.13918 5.09782 4.87277 4.89891 8.61428 6.37136 27.3327 21.7248 15.3063 14.6171 18.4406 9.66817 9.53668 9.22976 8.69846 6.37456 6.86195 6.1735 5.05933 11.9182 15.8507 20.4589 12.4143 23.4447 13.3252 9.52991 9.51581 8.56765 8.43807
threshold=-4.1874568006805015 -0.18908012764688142 -1.6572036574586306 1.9539305894731429 -0.72443215334433009 -2.9652812865580542 -0.67229925113587796 -0.67192178118666124 -0.60664499023768459 -0.71938040512663537 -0.60660890044052651 -0.59720402125200656 -0.59651493331095984 -0.2683219718886789 -3.2500711436464589 -1.0629872175912232 0.40841740954183336 1.3364688167677514 -0.52978138065229585 -0.58904393497432161 -0.58815063176830773 -0.57887849084183407 -0.57647010697579926 -0.50650858130711873 -0.56628467509495317 -0.5709647310023489 -0.5766445095825059 -1.8941049815071327 -0.83064096298262757 -0.59496684497988894
decision_type=2 2 2 2 2 2 2 2 2 2 2 2 2 2 2 2 2 2 2 2 2 2 2 2 2 2 2 2 2 2
left_child=-1 -2 -3 4 5 -4 9 16 -9 13 15 -12 14 -6 -13 18 -8 -18 -10 29 -21 -22 26 24 25 -24 -23 -25 -29 -14
right_child=1 2 3 -5 6 -7 7 8 10 -11 11 12 19 -15 -16 -17 17 -19 -20 20 21 22 23 27 -26 -27 -28 28 -30 -31
leaf_value=0.076535766703119415 -0.091821235438761917 -0.1118714329575351 0.054536522168615723 -0.11715467812273 -0.1300674453517722 -0.13483414679410927 -0.13473182324979421 0.10502310658999428 0.022529143587481676 0.099050730562081732 0.10728891837617671 -0.61117095088578921 -0.043468592417757308 0.017490790660802853 -0.085952142893781044 -0.15974291336783358 0.10531509615641224 -0.11071850273856956 -0.21507713789384539 -0.084865495023576584 0.11360248218203089 0.044795449504007531 0.099048842770843235 -0.077362279818925114 0.11021119716858777 -0.080162879929378261 -0.14972375769133378 -0.088212537442040911 0.002926728695540681 0.11897131844894951
leaf_weight=9.2913467828184348 7.3762446164619169 4.0606158310547462 3.744620967656374 3.5041526238201177 5.6258358204504502 6.7001545053208229 18.077340755844492 20.386894403025508 6.7215191693976521 21.788165807723999 16.395616263151169 0.34963222034275521 4.9792785169556728 19.778069843538105 7.775740481913088 8.8850574828684312 2.6287614703178397 3.3363601458258927 1.3059512861073033 16.143863019999117 12.505875356495379 3.1313891927711692 5.7597245294600752 16.103156927856617 28.285283518955112 14.836059498833491 12.87091997778043 10.55622185114771 450.56123066553846 8.9382975511252862
leaf_count=222 1468 279 52 197 160 460 678 308 58 319 183 4 53 333 235 247 27 106 43 349 127 65 63 301 426 601 508 967 9667 107
internal_value=-8.71501e-05 -0.00104519 -0.000135098 0.000485011 0.00105112 -0.0669417 0.0020406 -0.000458948 0.00343454 0.0375557 0.000126666 0.00267252 -0.000220964 -0.0151868 -0.108552 -0.0915756 -0.105153 -0.0155149 -0.0161259 0.00128455 -0.000168056 0.00229736 -0.000270355 0.00311774 0.0511148 -0.0300453 -0.11166 -0.00179853 0.000840305 0.0608553
internal_weight=752.403 743.112 735.736 731.675 728.171 10.4448 717.726 670.534 646.492 47.1921 626.105 609.192 592.797 25.4039 8.12537 16.9125 24.0425 5.96512 8.02747 584.671 570.754 554.61 542.104 526.102 48.8811 20.5958 16.0023 477.221 461.117 13.9176
internal_count=18613 18391 16923 16644 16447 512 15935 15123 14312 812 14004 13656 13473 493 239 348 811 133 101 13234 13074 12725 12598 12025 1090 664 573 10935 10634 160
is_linear=0
shrinkage=0.1


Tree=51
num_leaves=31
num_cat=0
split_feature=2 7 7 7 5 7 6 4 1 2 4 0 3 1 2 5 7 3 4 1 3 5 3 3 0 2 6 6 2 5
split_gain=4.87008 4.79621 41.3651 15.0851 21.9016 20.8299 12.2343 23.7587 18.1251 15.6421 12.7348 9.6734 14.1742 9.48267 36.8327 19.7241 9.43009 9.25759 8.88795 8.44396 8.42692 11.6522 8.20612 9.43889 11.8547 11.4763 18.993 11.4413 8.23558 8.12435
threshold=1.3932926308193547 1.3364688167677514 0.40841740954183336 0.40714536059099543 -0.50957114626930256 -0.51959946746971752 -0.11770330046311152 -0.15959989039021691 0.54726518288879611 0.76554542563821604 -0.31727063888773294 -0.5363865736129253 0.67657140746215794 0.40308083222934993 0.26187164082694891 -0.7926187645365782 -1.4821352249473769 -1.5948046123124311 2.7735915292542477 -0.5017368998571976 0.94963518784369561 -1.0159792538667787 1.2745228895294078 -0.25742702713976245 1.3564472331823039 1.0395226280391798 -0.082602346648052757 -0.054536973789028706 -1.8559072900249727 -1.0631327106244004
decision_type=2 2 2 2 2 2 2 2 2 2 2 2 2 2 2 2 2 2 2 2 2 2 2 2 2 2 2 2 2 2
left_child=1 2 3 5 6 11 7 -5 13 29 -10 -1 16 14 15 -8 -13 -6 -18 -14 -11 -22 23 24 25 26 -3 -25 -29 -9
right_child=-2 22 -4 4 17 -7 8 9 10 20 -12 12 19 -15 -16 -17 18 -19 -20 -21 21 -23 -24 27 -26 -27 -28 28 -30 -31
leaf_value=0.01402866484174831 -0.11206570084222299 -0.12688159457986581 0.10436726273713925 -0.15780414394319275 0.056723773870456108 0.10971156103868629 -0.14655948739354888 -0.88129473812516435 -0.11872087198912083 0.062038619789866835 0.12340189097104715 0.077821276024028344 -0.1187625930002644 0.1125578186222273 -0.15242069138810699 0.090056140871055804 -0.089110967924142317 -0.12014970173827616 0.061902950849450945 0.015362469603184978 -1.3203833193568206 -0.12976170768858902 -0.1124955318021981 0.018501786076217799 -0.1884604150239215 0.054254142777146332 0.030284849651244644 -1.5716429780005809 -0.10907503366915705 -0.12900897412730572
leaf_weight=249.1399563679006 3.8602374095935366 18.13811495131813 38.837128447368741 14.227695576380937 3.2925426275469354 19.048593644052744 3.9520317437127224 0.14787577278912145 13.591306793969126 18.057306237984452 2.5855557471513739 4.4385169241577378 5.0144907357171169 13.634302282705901 9.9874817321542633 32.449973966693506 41.314822348067537 29.227910275803879 4.3032714007422319 73.399204611661844 0.090987734496593475 0.85085465991869469 8.2216381367761624 86.980379857006483 5.1783458760473868 12.121727292193098 13.347198189701887 0.038725648075342067 6.6107514684554181 4.9149565203115362
leaf_count=5108 354 989 596 310 77 217 46 3 164 286 13 53 206 46 101 160 2354 2162 107 1467 2 23 459 1916 164 133 349 1 279 468
internal_value=-3.92568e-05 0.000550599 0.0046637 -0.00245864 -0.0298202 0.00768218 -0.00924909 -0.0553643 0.0139231 0.0052077 -0.0800223 0.00253529 -0.0197536 0.0392421 0.0176939 0.0643677 -0.0613267 -0.102242 -0.0748654 0.00678528 0.0468286 -0.244783 -0.0153546 -0.00974666 -0.0454118 -0.0284248 -0.0602559 0.00883651 -0.117593 -0.150982
internal_weight=737.004 733.144 582.507 543.67 147.011 396.659 114.49 38.2897 76.2007 24.062 16.1769 377.61 128.47 60.0238 46.3895 36.402 50.0566 32.5205 45.6181 78.4137 18.9991 0.941842 150.637 142.415 48.7854 43.607 31.4853 93.6299 6.64948 5.06283
internal_count=18613 18259 13969 13373 3861 9512 1622 1092 530 782 177 9295 4187 353 307 206 2514 2239 2461 1673 311 25 4290 3831 1635 1471 1338 2196 280 471
is_linear=0
shrinkage=0.1


Tree=52
num_leaves=31
num_cat=0
split_feature=2 6 3 6 2 8 8 0 0 1 1 2 6 4 4 3 6 1 0 3 6 1 7 7 2 1 4 2 2 5
split_gain=4.71966 5.28529 4.4505 4.27215 4.23189 4.22436 16.2018 9.8232 11.4248 10.8257 9.95603 12.4615 8.82009 8.22774 11.0861 7.98305 10.2481 7.70726 7.49053 7.04603 6.99101 10.0661 7.35154 32.7331 12.831 12.443 27.0621 11.5254 10.0467 9.18856
threshold=-4.1874568006805015 -0.18937342861424647 -1.6572036574586306 0.31347841363562512 1.3932926308193547 0.70096686624254934 -0.37004184529760925 0.35213902393273372 2.354899549840177 2.9995721923299277 -0.5698400121927677 -2.3164220174420387 -0.18139067693469507 -0.1504462073802065 0.54567435094492711 0.044881025092880882 -0.08859979683910954 -0.71960129207986723 -1.0082697581629654 0.25903358434653329 -0.18114162087405508 -0.58904393497432161 1.3364688167677514 0.40841740954183336 0.58506821362589456 0.54726518288879611 -0.24496057564674142 0.75012866731414229 -2.690769076671641 -0.51730306311062302
decision_type=2 2 2 2 2 2 2 2 2 2 2 2 2 2 2 2 2 2 2 2 2 2 2 2 2 2 2 2 2 2
left_child=-1 -2 -3 4 5 6 7 10 9 -9 11 12 19 -12 -15 16 -13 -7 -17 -4 21 -19 23 25 -24 28 -27 -28 -22 -26
right_child=1 2 3 -5 -6 17 -8 8 -10 -11 13 15 -14 14 -16 18 -18 20 -20 -21 22 -23 24 -25 29 26 27 -29 -30 -31
leaf_value=0.073801888627910595 -0.093938063831708718 -0.11051082070727168 -0.37247444509283728 -0.10879227341428024 -0.11181370732563545 -0.11798206497062813 0.10355530068343322 -0.040779892989015187 0.038557500106463777 -0.19818738093367674 0.020311129011809096 -0.14985539257494407 0.060650735563958974 0.11608614178273279 -0.10564123160376473 0.019723140480642106 0.032622799988122612 0.007691780738000047 -0.14445813049177714 0.1050235477727912 -0.082099448241521905 -0.08478661273290955 -0.090821041693053495 0.10407620774091592 0.0060330208908816393 -0.12940362777738054 -0.15261244788539396 0.060782965573996088 0.011480880172124867 -0.11328252965709196
leaf_weight=8.5535275191068632 6.0571823022328308 3.6335329174762583 0.8686786619946385 3.5616701727267346 3.3088090247474602 5.8049301505088797 18.27308997604996 31.288876783102751 16.037479861872271 5.0783982023131093 45.037150966236368 11.45240277785342 22.673554683104157 21.477343050763015 2.5195001291576764 17.522403036477044 4.208716648630797 23.46818094921764 3.3026077277027097 0.47967293113470078 12.036408361513166 23.612636948237196 21.098804231849499 32.774107970297337 78.624986674403772 21.702862851321697 2.9514202391728785 17.766253039240837 244.805594695732 7.0315904070157549
leaf_count=222 1387 283 11 748 275 417 425 1428 269 73 1417 408 484 272 193 400 57 428 183 12 126 1620 1456 534 974 273 86 202 3543 407
internal_value=-3.55738e-05 -0.000927045 -0.000124962 0.000449035 0.0010087 0.00154824 0.0137929 0.00477797 -0.0317541 -0.0627606 0.0195566 -0.0100551 0.0458741 0.0455111 0.0928063 -0.046878 -0.100817 -0.003438 -0.00631413 -0.202606 -0.00206949 -0.0386893 0.00185968 0.0091991 -0.0209678 -0.00119148 -0.0513659 0.0303829 0.00709542 -0.00376165
internal_weight=717.012 708.459 702.402 698.768 695.206 691.898 200.22 181.947 52.4048 36.3673 129.542 60.508 24.0219 69.034 23.9968 36.4861 15.6611 491.678 20.825 1.34835 485.873 47.0808 438.792 332.037 106.755 299.263 42.4205 20.7177 256.842 85.6566
internal_count=18613 18391 17004 16721 15973 15698 5632 5207 1770 1501 3437 1555 507 1882 465 1048 465 10066 583 23 9649 2048 7601 4764 2837 4230 561 288 3669 1381
is_linear=0
shrinkage=0.1


Tree=53
num_leaves=31
num_cat=0
split_feature=1 2 1 1 1 1 1 1 3 1 3 2 6 0 1 1 1 1 1 1 1 1 2 1 1 1 4 1 1 1
split_gain=4.2614 7.01253 5.60127 23.6773 19.6529 13.9399 13.7133 16.0247 7.24052 6.89031 6.11501 6.93791 6.65753 5.82969 5.0365 8.28847 14.4951 17.1771 11.2983 20.774 11.348 8.94492 8.8491 8.36981 10.6051 8.293 7.76795 7.59628 6.44098 6.28013
threshold=-0.72443215334433009 -2.9652812865580542 -0.67229925113587796 -0.67192178118666124 -0.60664499023768459 -0.71938040512663537 -0.60660890044052651 -0.59720402125200656 -0.2683219718886789 -0.59651493331095984 -0.32629745548571615 -2.0237580263441477 -0.17057626924663008 -0.29388809770169805 -0.58904393497432161 -0.58815063176830773 -0.57887849084183407 -0.57647010697579926 -0.50650858130711873 -0.56628467509495317 -0.5709647310023489 -0.5017368998571976 -2.3164220174420387 -0.48882716652468045 -0.48873981544267014 -0.5766445095825059 -0.83522649915369473 -0.59496684497988894 -0.50225133925713228 -0.47910052521261687
decision_type=2 2 2 2 2 2 2 2 2 2 2 2 2 2 2 2 2 2 2 2 2 2 2 2 2 2 2 2 2 2
left_child=1 -1 5 -4 -5 8 10 13 -2 -9 12 -12 -6 -8 27 22 -17 25 19 20 -19 28 -16 -23 -25 -18 -26 -11 -20 -28
right_child=2 -3 3 4 6 -7 7 9 -10 14 11 -13 -14 -15 15 16 17 18 21 -21 -22 23 -24 24 26 -27 29 -29 -30 -31
leaf_value=0.048372813678958487 -0.1159308192947945 -0.13207323247206679 -0.10099158501329281 0.10474031774221038 0.040005467295445914 0.097735933553385404 0.11822960796587015 -0.092044581773360556 0.014002324208555048 -0.034052953102679584 -0.32646603566012011 -0.10223252265348944 -0.12813500056615318 -0.12758941426690815 0.0045600604042624606 0.11223327196153446 0.0446536050447447 0.098017667683057141 0.013221041335415443 0.10921300266547694 -0.071394913790353995 0.11148138944840835 -0.1405028027351414 -0.16242597081310778 -0.11137703663664511 -0.14156031463833083 0.11281494627140165 0.11651805231856092 -0.11217091968788524 -8.6382783165694392e-05
leaf_weight=3.3652824780438095 5.4995023134397369 5.9819032086525095 23.066676280577667 18.140300365164876 5.1613596663810313 19.801814841572195 14.500102331861852 8.2043581762118247 19.480269995285198 5.4178180464077732 1.8374582380056388 5.5403605855535698 4.3308297329349461 1.0335137164220203 8.1451418753713387 11.448299376294015 2.9626811284106216 5.3818823592737344 6.0970943695865598 25.452891032211483 14.902239332674069 6.6097067114897063 8.6935204191831854 4.0769042972242451 6.2148893564008167 12.407063360908067 4.9851262532174578 8.7811247874051315 12.484610875253564 421.58296873071231
leaf_count=54 230 575 972 311 115 330 158 274 387 65 16 200 81 43 142 130 66 64 80 448 738 110 295 205 875 677 64 130 528 10250
internal_value=-3.77073e-05 -0.0671069 0.000867915 -0.00149778 0.00217778 0.0350715 -0.000891099 0.00165341 -0.0146035 -0.00105949 -0.0897878 -0.158078 -0.0367089 0.101874 0.000260201 -0.00125395 0.000921867 -0.00151397 0.0016385 0.0490492 -0.0264455 -0.00305454 -0.0703335 -0.000206446 -0.00189629 -0.105666 -0.000384065 0.0590654 -0.0710269 0.00123305
internal_weight=701.588 9.34719 692.241 647.459 624.392 44.7816 606.252 589.382 24.9798 573.848 16.87 7.37782 9.49219 15.5336 565.644 551.445 534.606 523.158 507.788 45.737 20.2841 462.051 16.8387 443.47 436.86 15.3697 432.783 14.1989 18.5817 426.568
internal_count=18613 629 17984 17037 16065 947 15754 15342 617 15141 412 216 196 201 14867 14672 14235 14105 13362 1250 802 12112 437 11504 11394 743 11189 195 608 10314
is_linear=0
shrinkage=0.1


Tree=54
num_leaves=31
num_cat=0
split_feature=3 1 3 2 0 4 6 3 4 1 1 2 3 2 6 0 6 0 1 6 0 5 5 6 0 3 3 2 4 6
split_gain=4.12276 3.97946 5.44713 5.24808 8.56628 8.29989 6.38182 5.01185 4.83355 8.03271 6.47682 8.29318 6.46426 5.84054 12.5405 11.7463 6.81584 7.09552 10.4176 6.28077 12.0726 10.0718 9.19471 26.7865 15.0583 10.3276 10.1256 11.2488 9.34276 9.4816
threshold=1.9539305894731429 4.3192193320699586 1.1470368741952168 1.2579663796267733 3.039480138735565 1.2763433654751082 -0.17057626924663008 0.84421440435286144 0.16475814154490395 -0.46807267276629383 3.4411073354398236 0.81524761879657437 -1.3829489014631513 0.93603159807976855 -0.10550625351282593 1.6922811232543515 -0.13873363178404671 0.8019613158031641 0.58857995825450915 -0.079787869468887468 -1.0219064819371269 -0.75100964696186867 -0.73201957249777783 -0.1260173734851375 -0.39809681849100259 -1.1508796939594794 0.97057888381699498 -1.0583996170959249 -0.81768043621142916 -0.16828487586387056
decision_type=2 2 2 2 2 2 2 2 2 2 2 2 2 2 2 2 2 2 2 2 2 2 2 2 2 2 2 2 2 2
left_child=1 3 -3 5 -5 8 -7 -6 10 -10 13 -12 -13 15 16 19 17 18 -15 20 -1 -21 23 -22 26 -25 27 28 -24 -30
right_child=-2 2 -4 4 7 6 -8 -9 9 -11 11 12 -14 14 -16 -17 -18 -19 -20 21 22 -23 24 25 -26 -27 -28 -29 29 -31
leaf_value=0.013696631714985722 -0.11418514424474474 0.041656551927690161 -0.12471126834290214 -0.12913758855952401 0.10051945932612479 -0.10993660623668654 0.14430489516299899 -0.23761566673369525 -0.08822176511557514 0.03536200134444302 -0.0046988171852855127 0.060074286984996589 -0.19474334870869059 -0.072924376785185804 -0.086542476684806677 -0.070282632446426269 0.062276537561523661 -0.11694715246006943 0.090809464568222253 -0.052794165591976222 -0.10885887831654779 0.034716904594753073 -0.17889566879451835 -0.14006175531717388 -0.10389933765226539 0.068719500771652495 0.084679153091003712 -0.083580222842277285 -0.078004604544883172 0.021361942334135756
leaf_weight=153.12529787234962 3.1472750289249225 35.11921799229458 2.0848499054554841 7.6646499061025661 3.2594410441815858 10.156052344711496 1.0936198495328415 0.50645748525857914 5.7070717179449266 67.054950017598458 9.807729189051317 1.2144939266145227 5.5221228054724625 6.5444108131341698 8.7538846778916177 25.322664055041969 45.842844413942657 4.5643890602514139 9.5658218478783947 15.501642381539567 13.653315542964263 86.75512628495926 3.0147612576838574 2.5406446619890621 27.910177474026568 35.12467616260983 8.3435155749320966 27.681019239011228 12.000645708292721 48.061660396168001
leaf_count=2892 221 550 40 678 30 1508 15 5 1051 1743 165 12 55 363 390 717 413 61 58 629 667 1945 37 49 1437 358 126 1438 326 634
internal_value=5.12925e-06 0.000530937 0.0323336 -0.00129979 -0.0684569 -9.06461e-05 -0.0852209 0.0550453 0.00144506 0.0256687 -0.00175465 -0.0633764 -0.148804 0.000153417 0.0259724 -0.00408031 0.0407797 -0.00688633 0.0242964 -0.000215035 -0.00689907 0.0214506 -0.0245838 0.0111386 -0.0390173 0.0546365 -0.0207444 -0.0304362 -0.0071142 0.00150818
internal_weight=686.644 683.497 37.2041 646.293 11.4305 634.863 11.2497 3.7659 623.613 72.762 550.851 16.5443 6.73662 534.306 75.2714 459.035 66.5175 20.6746 16.1102 433.712 331.456 102.257 178.33 51.3186 127.012 37.6653 99.1016 90.7581 63.0771 60.0623
internal_count=18613 18392 590 17802 713 17089 1523 35 15566 2794 12772 232 67 12540 1285 11255 895 482 421 10538 7964 2574 5072 1074 3998 407 2561 2435 997 960
is_linear=0
shrinkage=0.1


Tree=55
num_leaves=31
num_cat=0
split_feature=2 0 0 0 0 3 0 0 0 0 6 8 1 2 5 0 1 5 4 6 2 6 5 5 3 2 1 2 3 7
split_gain=3.88191 4.16013 8.36711 8.96712 7.62447 4.89955 4.70707 7.38023 5.52321 10.5799 5.82125 11.9626 14.054 17.8227 12.5024 7.9368 10.3741 6.62457 6.39151 14.2259 8.42344 8.34295 7.05309 16.0822 7.74516 6.93478 6.46793 8.03395 6.28122 9.38578
threshold=-4.1874568006805015 -1.1790489864575375 -1.1722584671325122 -1.1722090911817056 -1.1996307170998908 -0.20323749205274008 -1.1656665775182868 -1.1652890004631036 -1.1585919727527829 -1.1585286163139754 -0.18114162087405508 -0.37133351249373114 -0.56971361179821256 -0.15689442050387453 2.9917341198872291 -1.0219064819371269 -0.45606598605111642 1.5814374736916974 0.16475814154490395 -0.16828487586387056 1.2579663796267733 -0.15285385643326399 -1.0061083479962596 -0.64820172980574065 1.091626322200584 0.97975109808478911 3.4411073354398236 0.99836583012520286 -0.18672165665992718 1.3364688167677514
decision_type=2 2 2 2 2 2 2 2 2 2 2 2 2 2 2 2 2 2 2 2 2 2 2 2 2 2 2 2 2 2
left_child=-1 4 -3 -4 5 -2 -5 -8 -9 -10 11 12 17 -14 -13 16 -12 -11 19 -17 -21 22 28 26 -25 -26 -24 -28 29 -20
right_child=1 2 3 6 -6 -7 7 8 9 10 15 14 13 -15 -16 18 -18 -19 21 20 -22 -23 23 24 25 -27 27 -29 -30 -31
leaf_value=0.070597301437799687 0.098318097669268537 0.10429257344086562 -0.16090611290010179 0.10521125771686819 -0.09957572036396789 -0.23809674697723962 -0.15595179777351642 0.11026138601003738 -0.18358979651620058 -0.18811737412686402 0.037661565234859869 -0.099176663645264937 0.12776215481364697 -0.10400376339513878 0.064090505696666425 -0.093390376736968317 -0.13613718091292989 0.018648318201204512 0.026764542181369307 -0.0012814259456400804 -0.13240047876678657 0.10786822515204385 -0.12438367472485186 -0.076324847172622445 0.086185655842001843 -0.11544780487322939 0.07534557878813164 -0.38530476027256605 0.082513838702780562 -0.22016556869707538
leaf_weight=7.6953832646831861 3.7512978576123714 7.6533040143549433 3.4829863007180384 4.2229719273746005 10.410356946988029 0.48939701216295262 3.0478469843510529 4.5133006311953059 3.1492134778527534 3.7971526948967975 85.231462432071567 26.539145838178229 13.130275282892402 4.4399530953960467 5.69709112367127 18.250603007501923 3.5786515632644287 2.6177978069754317 10.934740262106057 373.7755853869603 4.9646480627707197 10.24456149805337 13.044715965632347 4.8088356615044239 16.930716289207343 1.8968189521692682 3.3809088598936792 0.42634867876768101 19.288807869888842 1.7914868975058205
leaf_count=222 48 133 99 63 389 43 72 62 77 283 1491 2911 216 501 104 1365 154 117 173 8189 367 115 451 323 164 67 53 5 328 28
internal_value=-1.99942e-05 -0.000836575 0.000349685 -0.000887136 -0.0535335 0.0594942 -1.58823e-05 -0.00071515 3.29728e-05 -0.000759317 0.000162258 -0.0305337 0.0229428 0.0691955 -0.0703226 0.00319765 0.0306583 -0.103741 -0.00188591 -0.00715563 -0.00300018 0.0233961 0.0114603 -0.0162743 0.0369417 0.0658717 -0.0909144 0.0237605 0.0465354 -0.00799612
internal_weight=673.186 665.491 650.84 643.187 14.6511 4.24069 639.704 635.481 632.433 627.92 624.77 56.2214 23.9852 17.5702 32.2362 568.549 88.8101 6.41495 479.739 396.991 378.74 82.7479 72.5034 40.4883 23.6364 18.8275 16.852 3.80726 32.015 12.7262
internal_count=18613 18391 17911 17778 480 91 17679 17616 17544 17482 17405 4132 1117 717 3015 13273 1645 400 11628 9921 8556 1707 1592 1063 554 231 509 58 529 201
is_linear=0
shrinkage=0.1


Tree=56
num_leaves=31
num_cat=0
split_feature=1 2 1 1 1 1 1 1 3 1 0 0 3 3 4 1 1 1 1 1 2 1 1 1 4 1 1 1 1 1
split_gain=3.94894 5.91917 4.18311 18.4399 17.0281 12.4134 11.0908 13.8986 5.84023 5.00303 4.81614 4.75568 4.87852 5.23392 4.39005 4.1909 6.96625 25.225 10.6785 18.8463 7.71706 7.1273 6.98864 9.53643 6.89821 6.5908 6.52543 14.7985 5.76331 5.27132
threshold=-0.72443215334433009 -2.9652812865580542 -0.67229925113587796 -0.67192178118666124 -0.60664499023768459 -0.71938040512663537 -0.60660890044052651 -0.59720402125200656 -0.28179345636282432 -0.59651493331095984 -0.29388809770169805 -1.0629872175912232 -0.315332740785078 1.5561796946941799 -0.7606507543586517 -0.58904393497432161 -0.56971361179821256 -0.50650858130711873 -0.5766445095825059 -0.58815063176830773 -2.3164220174420387 -0.5017368998571976 -0.48882716652468045 -0.48873981544267014 -0.83522649915369473 -0.59496684497988894 -0.57647010697579926 -0.57029740603007417 -0.50225133925713228 -0.47910052521261687
decision_type=2 2 2 2 2 2 2 2 2 2 2 2 2 2 2 2 2 2 2 2 2 2 2 2 2 2 2 2 2 2
left_child=1 -1 5 -4 -5 8 11 10 -2 -9 -8 12 -6 -14 -10 25 18 -18 19 20 -17 28 -23 -24 -25 -11 -20 -28 -19 -26
right_child=2 -3 3 4 6 -7 7 9 14 15 -12 -13 13 -15 -16 16 17 21 26 -21 -22 22 23 24 29 -27 27 -29 -30 -31
leaf_value=0.041634879451077453 -0.11748045834525359 -0.13225583496529078 -0.091353450010477358 0.10422259648229526 0.036309201097630805 0.095687441176761201 0.11675287061159745 -0.081501760044072599 -0.082988257979832267 -0.030331718749261102 -0.12364705589495283 -0.13725104053266951 -0.19074377747607835 0.12552486703748864 0.033357987366241348 0.0042824067368100981 0.098787688242894134 0.013927017037058696 -0.13759052770193875 0.096543667533674216 -0.13423697334687762 0.10967315748277853 -0.16362432608417832 -0.1104708020982155 0.11155268368582266 0.11491801929270806 0.074119749073885813 -0.12363309318004918 -0.10675647787978507 8.144508532256133e-05
leaf_weight=3.1017016342375427 4.5245809444459182 5.3066031691269 21.886606910265982 15.894793350249527 4.7323580732336268 17.477648299187422 12.8103038854897 7.5865326841594642 4.1161158960312649 5.2319878141861409 0.89134094235487182 8.0217613095883262 2.4895829742308702 0.66250050836242724 15.291415586369109 8.0306220196653175 25.901793151628226 6.0330231115222004 11.358542577130722 13.077746503520755 8.0570140794152412 5.7144809922901905 3.6043745310744262 5.602438226225785 4.2871708469465366 7.7535653067752701 6.6935698082670561 8.7061851122416538 11.500036446377633 404.67587120586541
leaf_count=54 227 575 972 311 60 330 158 274 76 65 43 288 52 12 314 142 512 80 677 196 295 110 205 875 64 130 134 604 528 10250
internal_value=-1.65016e-05 -0.0681101 0.000860819 -0.0012231 0.00212425 0.0316192 -0.000705832 0.00164325 -0.0151699 -0.000862958 0.101114 -0.0830418 -0.0278883 -0.124271 0.00868228 0.000277916 -0.00111478 0.00287674 -0.0344695 0.00738598 -0.0650909 -0.00275119 -0.000166885 -0.0016679 -0.000259794 0.0563957 -0.0800901 -0.037679 -0.06523 0.00125
internal_weight=661.022 8.4083 652.614 611.204 589.318 41.4098 573.423 557.517 23.9321 543.815 13.7016 15.9062 7.88444 3.15208 19.4075 536.228 523.243 467.319 55.9237 29.1654 16.0876 441.417 423.884 418.17 414.565 12.9856 26.7583 15.3998 17.5331 408.963
internal_count=18613 629 17984 17037 16065 947 15754 15342 617 15141 201 412 124 64 390 14867 14672 12624 2048 633 437 12112 11504 11394 11189 195 1415 738 608 10314
is_linear=0
shrinkage=0.1


Tree=57
num_leaves=31
num_cat=0
split_feature=4 3 7 7 7 7 6 5 2 1 1 2 0 0 2 4 3 5 1 5 4 6 6 2 3 3 0 2 6 6
split_gain=3.55737 3.53781 3.47451 32.3186 10.1361 17.4813 17.3601 19.8079 10.3631 8.37606 14.6345 26.9434 17.7261 13.1682 10.5555 8.75629 7.56131 6.99118 9.84707 7.38883 6.82134 6.76964 6.56923 17.2629 6.36145 6.89753 10.2049 9.2147 13.505 7.88386
threshold=-0.87742818093127883 1.9539305894731429 1.3364688167677514 0.40841740954183336 0.40714536059099543 -0.51959946746971752 -0.11697092895536913 -1.0061083479962596 0.76554542563821604 0.54726518288879611 0.2990287421095314 0.044706620014663363 -0.097786126376738239 -0.24604020825683273 0.024873093360088083 -0.31727063888773294 -1.5519839874772761 -0.58936934314146605 0.85320991562364579 -0.76924991483772265 -0.10770131954233056 0.04623129024106485 -0.15476881427321296 1.200167748582857 1.2745228895294078 -0.19667320582404343 1.3564472331823039 1.1077035086905582 -0.082602346648052757 -0.054536973789028706
decision_type=2 2 2 2 2 2 2 2 2 2 2 2 2 2 2 2 2 2 2 2 2 2 2 2 2 2 2 2 2 2
left_child=-1 2 3 4 5 17 7 8 -6 10 11 12 13 16 -12 -11 -8 18 -2 22 -10 -19 23 -20 25 26 27 28 -4 -27
right_child=1 -3 24 -5 6 -7 9 -9 20 15 14 -13 -14 -15 -16 -17 -18 21 19 -21 -22 -23 -24 -25 -26 29 -28 -29 -30 -31
leaf_value=-0.11197291662068456 -0.084325527924588681 -0.11261922747994933 -0.10719834368480044 0.10360325882886078 -0.25770222207701859 0.10833488516543482 0.082270690111763134 -0.11619899864170496 -0.22392918805627718 -0.099741594718303031 -0.13982185587186516 -0.13814335839719802 -0.12849408204173468 0.14004218555247946 0.089459706651678836 0.11985758427198633 -0.11731095961403754 0.0050034928633766081 -0.21293124392850737 0.12827830410561322 0.066493328366487178 0.069395079270199334 0.016092231915215745 0.028779226893440042 -0.1119227308928704 0.016919479219583988 -0.18142386729879204 0.056444362976192354 0.030950538873762479 -0.10658695693015335
leaf_weight=2.8243653465760863 20.724538060254417 2.7529106221045359 17.893703623034526 31.055607536807656 1.2076105792075384 16.297387808561325 3.516997630475089 33.173381546279415 0.86373795568942924 12.177806075429542 2.1745339974295375 13.287400168250313 5.1650867443531778 12.966863876208663 26.200364959659055 2.1339391693472853 4.1243145932676279 252.85390372865368 5.1445258676540089 4.066538748680613 12.701393277384339 17.454058514791541 24.328692394890822 6.9417835995554924 6.24434683646541 76.870486469357274 4.5894892140058792 10.506899455678647 11.705007006530652 5.5409989706240586
leaf_count=537 1356 218 1063 596 30 217 40 2750 7 155 26 197 74 37 107 12 160 6493 109 36 182 414 522 94 399 1880 181 138 329 254
internal_value=1.08595e-05 0.000501476 0.000986607 0.00475396 -0.00167493 0.00722186 -0.0255343 -0.0733068 0.0230112 0.002485 0.0172314 -0.0224733 0.0371603 0.0786788 0.0718885 -0.0669985 -0.0254513 0.0022511 -0.0282669 0.000432309 0.0480011 0.00916132 -0.0138445 -0.0741046 -0.0133809 -0.00853989 -0.0401719 -0.0240077 -0.0525664 0.00861543
internal_weight=647.489 644.664 641.911 508.56 477.505 347.811 129.693 47.9461 14.7727 81.7473 67.4356 39.0607 25.7733 20.6082 28.3749 14.3117 7.64131 331.514 61.2061 40.4815 13.5651 270.308 36.415 12.0863 133.351 127.107 44.6951 40.1056 29.5987 82.4115
internal_count=18613 18076 17858 13614 13018 9241 3777 2969 219 808 641 508 311 237 133 167 200 9024 2117 761 189 6907 725 203 4244 3845 1711 1530 1392 2134
is_linear=0
shrinkage=0.1


Tree=58
num_leaves=31
num_cat=0
split_feature=1 2 1 1 1 1 1 1 3 2 3 0 0 2 1 7 7 6 2 7 0 7 4 0 2 4 2 6 0 5
split_gain=3.41902 5.35609 3.59842 15.341 15.2172 10.8726 9.09213 12.4882 5.05894 5.64345 5.99018 4.23816 4.12596 4.21875 4.00908 3.86978 4.48973 3.83822 4.2806 3.74336 3.55 3.54137 3.45168 3.39529 3.36922 3.30962 12.4839 6.86395 6.79727 8.70274
threshold=-0.72443215334433009 -2.9652812865580542 -0.67229925113587796 -0.67192178118666124 -0.60664499023768459 -0.71938040512663537 -0.60660890044052651 -0.59720402125200656 1.2012865025887132 -0.58592686320217024 -0.2683219718886789 -0.29388809770169805 -1.0559286848708191 -2.6344958719749871 -0.59651493331095984 0.40841740954183336 1.3364688167677514 -0.18937342861424647 -4.1874568006805015 -1.4821352249473769 -0.41279158910954689 -0.52978138065229585 -0.52078816869145106 -1.0082697581629654 -2.0237580263441477 -0.024575872971547848 1.1877823276448758 -0.14892482823644379 -0.56331440280488743 -1.0061083479962596
decision_type=2 2 2 2 2 2 2 2 2 2 2 2 2 2 2 2 2 2 2 2 2 2 2 2 2 2 2 2 2 2
left_child=1 -1 5 15 -5 8 12 11 9 10 -2 -8 13 -6 -9 -4 -17 -16 -19 22 -7 24 -20 -12 -15 26 -21 28 -27 -30
right_child=2 -3 3 4 6 20 7 14 -10 -11 23 -13 -14 21 17 16 -18 18 19 25 -22 -23 -24 -25 -26 27 -28 -29 29 -31
leaf_value=0.038731319201439358 -0.10016074796734381 -0.13224949257955412 -0.10904624226175466 0.103789384607287 -0.20751223080648531 0.1043797494989458 0.11574315401724528 -0.07397310884296969 0.074041815655728621 -0.12914381009113052 0.068228463152892591 -0.12056251294123106 -0.13407353031750852 0.095782297358776691 -0.11268842730684792 0.10410869575339327 -0.088286606679619906 0.089908555963241807 0.084296677647133764 -0.0030108254595254645 -0.11095830201351214 -0.16375506866992995 -0.11789527917071957 -0.108316815770913 -0.053013097237943542 0.10552190288070601 -0.12969320480748847 0.078283899111005806 0.034197335519881258 -0.029262393690924385
leaf_weight=2.9876034228364006 4.3569977284059904 4.7370815301546818 16.007821033359509 14.307211651466785 1.1524098012596367 15.209413811564445 11.665613423101602 7.3948027148144311 5.1530669901985666 4.9624720776337208 7.6162300549913224 0.81179368775337835 6.8855831120163193 3.3611717820167537 2.9949161873664698 2.0778332911431781 2.9138638352742419 5.3405246948823324 8.1732703046873194 377.42679933382897 0.80615221522748548 1.1363866361789394 0.94157884083688159 1.2711535418638913 2.780779649270698 6.2031398351537055 7.9425806428189381 14.453204995952545 37.11683576751966 51.726591830432881
leaf_count=54 138 575 815 311 11 286 158 274 43 279 115 43 280 25 997 27 130 185 118 8966 44 52 17 42 44 343 534 202 662 2843
internal_value=-1.15623e-06 -0.0661209 0.00081974 -0.00115697 0.00197971 0.0300779 -0.000680732 0.00150542 -0.0134321 -0.0381898 -0.00411071 0.100369 -0.0766424 -0.029737 -0.000868111 -0.0850747 -0.00820054 0.000187084 0.000850811 -9.28993e-05 0.0935406 -0.00158911 0.0634099 0.0429774 0.0284149 -0.00126254 -0.00562179 0.0140792 0.00431599 -0.00275031
internal_weight=629.915 7.72468 622.19 582.815 561.815 39.3755 547.508 532.192 23.3599 18.2069 13.2444 12.4774 15.3163 8.43075 519.714 20.9995 4.9917 512.319 509.325 503.984 16.0156 7.27834 9.11485 8.88738 6.14195 494.869 385.369 109.5 95.0466 88.8434
internal_count=18613 629 17984 17037 16065 947 15754 15342 617 574 295 201 412 132 15141 972 157 14867 13870 13685 330 121 135 157 69 13550 9500 4050 3848 3505
is_linear=0
shrinkage=0.1


Tree=59
num_leaves=31
num_cat=0
split_feature=3 3 1 2 7 7 7 7 6 5 2 4 0 3 5 3 1 4 6 4 2 0 6 0 1 6 2 3 2 2
split_gain=3.25747 3.08784 3.02722 4.91056 3.18538 27.959 8.25917 15.3844 15.3046 17.826 8.81681 8.48333 6.75918 8.80077 6.48292 8.87728 7.61327 9.63992 6.98613 7.0466 6.61228 6.35586 7.94408 6.11963 26.2833 5.93569 6.11418 6.08067 6.13364 6.52885
threshold=-1.6572036574586306 1.9539305894731429 -0.72443215334433009 -2.9652812865580542 1.3364688167677514 0.40841740954183336 0.40714536059099543 -0.51959946746971752 -0.12551513016946431 -1.0022738581670658 0.76554542563821604 -0.10770131954233056 0.35213902393273372 -0.24410450425740302 -0.55354184798357953 -1.5206643888453446 0.54726518288879611 -0.31727063888773294 -0.11163475006912178 -0.77229234335882979 -0.74565860462062783 2.354899549840177 0.04623129024106485 -0.097786126376738239 0.2990287421095314 -0.0052908135339026965 -2.9652812865580542 1.2745228895294078 1.2440099465934131 1.0995133689836238
decision_type=2 2 2 2 2 2 2 2 2 2 2 2 2 2 2 2 2 2 2 2 2 2 2 2 2 2 2 2 2 2
left_child=-1 2 3 -2 5 6 7 12 9 10 -8 -12 -4 -14 16 -16 18 -18 -10 20 -20 22 -15 -21 -25 26 -6 28 29 -28
right_child=1 -3 4 -5 25 -7 8 -9 14 -11 11 -13 13 21 15 -17 17 -19 19 23 -22 -23 -24 24 -26 -27 27 -29 -30 -31
leaf_value=-0.10850577615703552 0.03658462004766002 -0.11115996702309082 0.010643309865676043 -0.13260087522491276 -0.2135907549555085 0.10320815548860258 -0.24150161308980095 0.10754393299210502 -0.18187867514062359 -0.1246656989200603 -0.21444245830007375 0.063850859455487366 -0.10293362541570272 -0.05341422876368071 0.094400114249785116 -0.11245469420448531 -0.092510313141432821 0.086422296803928295 0.10877762474060525 0.11731875742207035 -0.099137101223545673 0.049879599298993424 0.046634663314784337 -0.14074065794698812 0.080996830557048385 -0.11037828779318418 -0.0078101894260722412 -0.11153615048921693 -0.17645583001275048 0.057324834752895064
leaf_weight=2.7534492119448251 2.8883836040040478 2.4664963840623377 247.57019188656705 4.224982018757145 1.4232603559503321 27.588364391587675 1.2292284299619485 14.729218943044541 1.4765624105930317 25.171409635862801 1.205212827771901 12.018571521155534 11.937956686597316 31.117859552847221 2.6769709277432403 9.2209806924802233 11.758352043456396 4.0472359135746947 2.0459773257607594 11.516418635845175 6.0606899478007019 14.037675365339963 10.653355034475679 6.863377111032622 24.174026627093554 5.8762377297971389 97.141345109441318 5.1445368892163961 1.9473846020409826 18.285680816159584
leaf_count=315 53 221 6617 555 21 596 28 217 11 2480 10 182 844 876 22 368 162 24 21 31 82 181 350 61 102 466 3051 332 132 202
internal_value=2.02735e-05 0.000504981 0.000953526 -0.0639031 0.00171368 0.0054927 -0.000504506 0.00765062 -0.0230347 -0.0738414 0.0146742 0.0384873 0.00298437 -0.025004 0.00218039 -0.0659135 0.0141048 -0.0466922 0.0325357 0.0387851 -0.0466632 -0.00833429 -0.0278977 0.0550633 0.0319635 -0.0121747 -0.00751877 -0.0051249 -0.000460884 0.00250835
internal_weight=619.251 616.498 614.031 7.11337 606.918 477.1 449.511 330.046 119.465 39.6244 14.453 13.2238 315.317 67.7468 79.8406 11.898 67.9426 15.8056 52.1371 50.6605 8.10667 55.8089 41.7712 42.5538 31.0374 129.818 123.942 122.519 117.374 115.427
internal_count=18613 18298 18077 608 17469 13265 12669 9085 3584 2700 220 192 8868 2251 884 390 494 186 308 297 103 1407 1226 194 163 4204 3738 3717 3385 3253
is_linear=0
shrinkage=0.1


Tree=60
num_leaves=31
num_cat=0
split_feature=4 3 3 2 0 0 0 0 6 4 4 8 4 5 6 6 5 2 1 0 1 4 0 6 0 0 3 0 2 2
split_gain=2.92555 2.86169 2.7857 2.7494 3.19926 6.52874 6.12598 5.45712 3.81269 6.75021 6.29549 6.30873 9.31688 10.5382 8.22514 7.20693 6.96977 6.33748 6.13622 5.76649 7.4098 7.07025 6.00817 5.87623 5.63 10.1873 6.82385 7.82368 4.61609 4.52353
threshold=-0.87742818093127883 -1.6572036574586306 1.9539305894731429 -4.1874568006805015 -1.1790489864575375 -1.1722584671325122 -1.1722090911817056 -1.1996307170998908 -0.17515170153154036 -0.60234349817966215 1.2763433654751082 -0.37133351249373114 -0.41620824366366538 -0.52492990766607794 -0.18139067693469507 -0.18525325124471173 0.12331714715335655 -1.7378339735139243 -0.67229925113587796 -1.0219064819371269 -0.45606598605111642 -0.70972358457911799 -1.1243419779971224 -0.14576836835334286 -1.0902167777483067 0.51538113185593082 0.51675900334402691 0.63337626408854242 0.93603159807976855 -2.6344958719749871
decision_type=2 2 2 2 2 2 2 2 2 2 2 2 2 2 2 2 2 2 2 2 2 2 2 2 2 2 2 2 2 2
left_child=-1 -2 3 -3 7 -6 -7 -5 9 -8 11 12 14 -14 17 -13 28 -11 -17 20 21 22 29 -24 -20 -26 -27 -28 -15 -10
right_child=1 2 -4 4 5 6 8 -9 19 10 -12 15 13 16 -16 18 -18 -19 24 -21 -22 -23 23 -25 25 26 27 -29 -30 -31
leaf_value=-0.10978374747248876 -0.10785913496136668 0.065817747290052062 -0.11023938057919631 0.057476565092593891 0.10360174596325565 -0.13875489970305205 -0.19690303499099898 -0.088071082166087722 0.02365884652239016 -0.52578841890159822 -0.10381374765292106 -0.10108586686348686 -0.11135919136595743 0.11128316377086211 -0.0038272950375310383 0.066094889146151345 -0.014212241515374507 -0.12379847022528055 0.030492715374070018 0.00037470008351798257 -0.13499290163283004 0.073255460295084632 -0.046075063429549125 0.052839236549699964 -0.11924537379682945 0.073407421505757589 -0.73976181425973586 -0.0065175117821462576 -0.10703489013156667 -0.15140575660198238
leaf_weight=2.4172848273301488 2.4296648128656662 6.5340222185477606 2.2473186387796877 3.5393052601721129 6.2191898208111516 3.1377532148035234 2.0479396749287835 9.4651117141474952 2.4491966618224978 0.66479233279824257 7.0690601244568816 10.791165757458655 3.7236076195258674 18.34474077960477 2.707074972218833 8.5444011260988137 7.4223012869479126 0.9563742938917128 9.7105417916318348 407.45402585907141 2.5767631551716468 30.66544231120497 8.2009628955274803 22.439075714326467 11.680551894183749 5.6539498225320122 0.22912290133535851 0.39879089104942977 1.0224700074177224 3.7144676361931479
leaf_count=537 300 222 218 86 133 92 67 359 56 9 1521 1089 203 285 117 191 418 33 152 9715 104 567 172 380 1300 121 7 18 62 79
internal_value=7.9422e-06 0.000448774 0.000887646 0.00130571 0.000592269 0.0016962 0.000587444 -0.0484586 0.00135657 -0.0174067 -0.0132726 -0.00545292 0.0267951 0.0462711 -0.110506 -0.0293542 0.0681809 -0.288643 -0.00798135 0.00493109 0.0314354 0.0377916 0.00824257 0.0263643 -0.0308534 -0.0640173 0.0386743 -0.274075 0.0997573 -0.081842
internal_weight=604.456 602.039 599.61 597.362 590.828 577.824 571.605 13.0044 568.467 90.9669 88.9189 81.8499 34.8414 30.5131 4.32824 47.0085 26.7895 1.62117 36.2174 477.5 70.0459 67.4691 36.8037 30.64 27.673 17.9624 6.28186 0.627914 19.3672 6.16366
internal_count=18613 18076 17776 17558 17336 16891 16758 445 16666 5593 5526 4005 1127 968 159 2878 765 42 1789 11073 1358 1254 687 552 1598 1446 146 25 347 135
is_linear=0
shrinkage=0.1


Tree=61
num_leaves=31
num_cat=0
split_feature=6 1 0 1 1 1 1 1 1 3 1 4 0 2 0 6 4 7 1 1 1 1 1 1 1 1 1 1 3 2
split_gain=2.72118 2.62479 4.413 3.19151 12.3618 13.0659 9.78363 7.82028 10.7384 4.19024 5.02521 3.63983 3.56601 4.35718 3.56179 3.48299 3.89305 3.34604 3.24942 21.6668 10.7183 11.922 5.87564 12.6422 5.60857 6.05035 8.29402 4.87074 4.91575 5.08847
threshold=0.31347841363562512 -0.72443215334433009 -1.1108910411721331 -0.67229925113587796 -0.67192178118666124 -0.60664499023768459 -0.71938040512663537 -0.60660890044052651 -0.59720402125200656 1.2012865025887132 -0.7198028155921784 -0.72751562511385715 -1.0082697581629654 -2.6344958719749871 -0.29388809770169805 -0.18489907782770293 -0.46199487390717159 -0.52978138065229585 -0.56971361179821256 -0.50650858130711873 -0.5766445095825059 -0.58815063176830773 -0.57647010697579926 -0.57019086337089109 -0.5017368998571976 -0.48882716652468045 -0.48873981544267014 -0.50225133925713228 0.36068302891302706 -0.11455016425867959
decision_type=2 2 2 2 2 2 2 2 2 2 2 2 2 2 2 2 2 2 2 2 2 2 2 2 2 2 2 2 2 2
left_child=1 2 -1 6 17 -6 9 12 14 10 -3 -12 13 -7 -9 -13 -17 -5 20 -20 21 -10 -22 -24 27 -26 -27 28 -21 -30
right_child=-2 3 -4 4 5 7 -8 8 18 -11 11 15 -14 -15 -16 16 -18 -19 19 24 22 -23 23 -25 25 26 -28 -29 29 -31
leaf_value=0.026303132808929305 -0.10690061344775129 0.10129640962357558 -0.13958727556798084 -0.12805263535575848 0.1033505097660834 -0.21779143958499564 0.095812235672771168 0.11423869414587068 -0.022074299720282315 0.069685152068239636 -0.1440784390119916 -0.13705020820065578 -0.14865610247041014 -0.015770593745876939 -0.116414988629995 -0.053314068783606908 0.086671134142365949 -0.043776772822393485 0.097745820721963333 0.05634474137896528 -0.13283944002232095 0.094702271443863881 0.050498771530749609 -0.14333133551096822 0.11050028419171572 -0.16679875952760728 -0.00016386946108430434 -0.1001646814881767 -0.66579487380059799 -0.08266870145908671
leaf_weight=2.978894065017812 2.3713286975398651 2.2988441435154554 3.4733233258011742 8.1458086719503644 12.451674785465 1.2147108819335688 13.84673286648467 10.328123003244398 34.142116426257417 4.8559903905261299 3.6559408211032887 2.3103186668595308 4.3487432950059874 8.8161094847018813 0.71590159391052921 5.0528099568327889 3.2739078158047015 11.173030338017268 22.779747477965429 4.8213087776675847 10.07821060717106 11.751770443981512 7.87486209301278 5.8756160094635543 4.8868857212364665 3.0107549364329307 378.35687591630267 10.592874682741238 0.17968419753015041 0.89512326894327976
leaf_count=92 762 70 513 319 311 12 319 158 882 43 84 163 253 147 43 154 85 632 506 61 652 196 171 516 94 205 10623 528 4 15
internal_value=9.25844e-06 0.000435923 -0.0629981 0.00113231 -0.000730287 0.00211729 0.0302862 -0.000303677 0.00176172 -0.0120175 -0.0359297 -0.0580008 -0.0730242 -0.0402349 0.0992871 -0.028416 0.00172546 -0.0793118 -0.000413106 0.00286571 -0.020424 0.00782797 -0.0748372 -0.0323254 -0.00250084 -6.26247e-05 -0.00147939 -0.059616 0.0132331 -0.180155
internal_weight=596.558 594.187 6.45222 587.734 552.44 533.121 35.2945 520.669 506.29 21.4478 16.5918 14.293 14.3796 10.0308 11.044 10.637 8.32672 19.3188 495.246 425.523 69.7226 45.8939 23.8287 13.7505 402.744 386.255 381.368 16.489 5.89612 1.07481
internal_count=18613 17851 605 17246 16328 15377 918 15066 14654 599 556 486 412 159 201 402 239 951 14453 12036 2417 1078 1339 687 11530 10922 10828 608 80 19
is_linear=0
shrinkage=0.1


Tree=62
num_leaves=31
num_cat=0
split_feature=7 5 3 0 1 1 2 3 1 0 5 0 5 0 1 2 2 4 3 2 2 8 2 6 6 3 6 2 3 2
split_gain=2.53132 3.60817 3.54036 8.5973 14.4536 11.1182 10.9243 9.13445 9.90378 7.81896 7.4397 9.48816 9.14329 8.87216 7.8185 7.27266 6.92743 6.89036 6.54718 6.41195 6.35663 5.92491 7.12669 6.75154 8.74233 9.45143 12.2401 8.37691 8.05329 7.68948
threshold=-1.4821352249473769 0.61638960219109473 -0.2683219718886789 -0.097786126376738239 0.40308083222934993 -0.56971361179821256 0.044706620014663363 -0.99942433612146009 0.54726518288879611 -0.24604020825683273 -1.0061083479962596 0.95706513052795839 -0.94035983513118115 1.8154464538279889 4.1854000107223843 -0.95312216102827152 -1.773721612803149 0.88876367133521705 -1.5109315081374206 0.59152843470131899 0.81524761879657437 0.70096686624254934 1.0701754312763285 0.0048825011449326007 -0.10690831771003854 -0.071782784370741828 -0.14153335492181982 0.044706620014663363 1.5144681615884179 0.6223107118133776
decision_type=2 2 2 2 2 2 2 2 2 2 2 2 2 2 2 2 2 2 2 2 2 2 2 2 2 2 2 2 2 2
left_child=1 -1 3 5 -5 16 9 18 -9 15 11 14 13 -12 -4 -7 -2 21 -6 -13 -16 22 -14 24 25 -23 28 -26 -27 -28
right_child=2 -3 10 4 7 6 -8 8 -10 -11 12 19 17 -15 20 -17 -18 -19 -20 -21 -22 23 -24 -25 27 26 29 -29 -30 -31
leaf_value=0.063960740857613149 -0.011823507176581772 -0.14736541860155625 -0.16184953173324676 -0.11238933565527068 -0.14866130768256755 0.036266957914476372 -0.090607338312431729 0.0760104879786212 -0.09404765533651456 0.11389389225138911 -0.12044758515098899 -0.11382856260441053 0.032079091492967775 0.023057572559623964 -0.20279793836793367 -0.10971756102128674 -0.099694611480692794 -0.10442488028145387 0.035378210963416222 0.078279553217803929 0.053801632274347366 0.053871636994163398 -0.080071374908612575 0.04679355637154381 -0.13129728583858177 -0.065854356953271534 -0.027886403615663427 -0.024874866471994956 0.046543783434599056 0.04438204255170939
leaf_weight=10.242321655503471 47.795071079628542 0.87713188538327891 3.4734096438623956 19.627482895186404 2.0715641195420202 48.362744223180925 6.754070963477715 4.2437953878543366 17.74014546739636 12.553222421207463 11.885073427460158 1.8334513437002886 95.593525861797389 6.7578017063206053 1.1229390031658093 3.6716290879994622 11.04513082950143 5.7834849063656284 28.899261641316116 33.162581851705909 6.8822493497282267 26.941224189533386 6.0231276333215638 22.967376218992285 10.155797918676397 42.478414386685472 23.537494050804526 27.221388233825564 7.5001592890475868 39.315860120055731
leaf_count=198 794 17 52 1739 46 970 624 77 599 164 248 62 3081 129 23 420 1447 1208 435 583 126 544 501 615 266 2216 401 456 186 386
internal_value=3.27392e-05 0.0472908 -0.000880511 -0.0115142 -0.0390911 0.00386113 0.0304015 -0.0119234 -0.0612195 0.0430557 0.00490568 0.0423377 -0.000428013 -0.0684288 -0.036557 0.0259661 -0.0283181 0.00369445 0.0230682 0.068215 0.0178068 0.00576682 0.0254316 -0.00421864 -0.0108323 0.000655398 -0.0120512 -0.053791 -0.048987 0.0173188
internal_weight=586.519 11.1195 575.399 202.764 72.5822 130.182 71.3417 52.9548 21.9839 64.5876 372.635 46.4746 326.161 18.6429 11.4786 52.0344 58.8402 307.518 30.9708 34.996 8.00519 301.734 101.617 200.118 177.15 139.773 112.832 37.3772 49.9786 62.8534
internal_count=18613 215 18398 7315 2896 4419 2178 1157 676 1554 11083 846 10237 377 201 1390 2241 9860 481 645 149 8652 3582 5070 4455 3733 3189 722 2402 787
is_linear=0
shrinkage=0.1


Tree=63
num_leaves=31
num_cat=0
split_feature=2 4 3 0 1 6 3 0 2 5 0 6 7 7 6 1 1 3 7 7 1 5 7 6 1 5 4 0 8 3
split_gain=2.48996 3.17976 2.70723 7.33427 12.803 11.5814 8.77158 7.71927 10.1273 7.14441 8.62236 6.014 5.92176 10.8642 15.5892 17.3879 16.8813 12.3778 8.37112 8.15332 7.5409 5.8451 11.2334 8.60085 6.8757 6.27732 6.93015 8.23001 7.21735 5.65786
threshold=-4.1874568006805015 -0.73381301687661671 -0.19667320582404343 -0.090898827160685217 0.40308083222934993 -0.082602346648052757 -0.62889060910749695 -0.15934145854360213 -1.0583996170959249 -1.0061083479962596 0.81709063718525787 -0.038045440302545613 0.40714536059099543 0.40841740954183336 -0.11163475006912178 0.2990287421095314 0.54726518288879611 0.83226221974420922 1.3364688167677514 -0.51959946746971752 3.525587885896023 0.27222375153026013 -1.4295923582661412 0.058667555405333055 -0.48882716652468045 -0.99307328876407996 -0.44841425251066674 0.16201501686347511 -1.2415646412400707 0.47373568132290056
decision_type=2 2 2 2 2 2 2 2 2 2 2 2 2 2 2 2 2 2 2 2 2 2 2 2 2 2 2 2 2 2
left_child=1 -1 3 5 -5 7 -6 8 -2 10 29 -12 19 14 -14 -16 -17 -15 -19 21 -20 22 23 24 -11 -24 28 -28 -27 -4
right_child=2 -3 9 4 6 -7 -8 -9 -10 12 11 -13 13 17 15 16 -18 18 20 -21 -22 -23 25 -25 -26 26 27 -29 -30 -31
leaf_value=-0.47319009490807873 -0.0063445884325119247 0.07348184892649505 0.035243104646991118 -0.10506636366940868 0.012384451954197779 0.053205914864290507 -0.08020538474385086 0.10363174748038367 -0.098782563274681212 0.029285445023091567 0.075213180476323138 -0.13088439145512085 -0.1324728204579726 0.031979716590264537 -0.12872033258049267 0.076944525935820296 -0.12979767823978691 0.10302300568373075 -0.12388503182921096 0.10889325971910919 0.032697422106674166 0.023323699207680886 -0.21803749987035415 0.025492317963321409 -0.1362113195774218 -0.099011060623570513 0.083312435473832713 -0.0019620178936313928 0.10935043439375532 -0.12187638902299669
leaf_weight=0.10833352059125889 87.074832512298599 5.9610894564539185 4.5955177813302708 19.26690356124891 41.613222724932712 35.632447117881384 13.567803990910759 5.4152463490026994 13.719375976652371 3.0386788549367383 32.390941123478115 1.4805701609002415 16.697755604458507 53.165808048273902 9.3856252391124126 18.338491690345112 5.0336481924168757 2.6920553930103805 12.973046869330576 8.084663672372697 4.0314185523893675 93.919741022255039 1.1790289885830123 6.7461120231309897 14.438918178202584 8.4959505024307855 18.556033925910015 29.014513341826387 2.0668557584285727 4.5720684945117682
leaf_count=1 1755 221 80 1787 738 801 500 132 1995 67 638 36 1522 1490 276 87 77 55 905 101 80 2692 18 103 348 882 385 744 21 76
internal_value=1.36885e-05 0.0637243 -0.000668073 -0.00946784 -0.0348856 0.00387304 -0.0103814 -0.0126778 -0.0189266 0.00475602 0.0429185 0.0662044 -0.000579161 -0.0176606 -0.0538348 -0.0137503 0.0324185 0.00689275 -0.0608232 0.0106818 -0.0867625 0.00620742 -0.0130364 -0.0704178 -0.107438 0.0103986 0.0150316 0.0313013 -0.0582403 -0.0431157
internal_weight=573.257 6.06942 567.187 216.29 74.4479 141.842 55.181 106.209 100.794 350.897 43.0391 33.8715 307.858 122.318 49.4555 32.7578 23.3721 72.8623 19.6965 185.54 17.0045 177.456 83.5361 24.2237 17.4776 59.3124 58.1334 47.5705 10.5628 9.16759
internal_count=18613 222 18391 7708 3025 4683 1238 3882 3750 10683 830 674 9853 4492 1962 440 164 2530 1040 5361 985 5260 2568 518 415 2050 2032 1129 903 156
is_linear=0
shrinkage=0.1


Tree=64
num_leaves=31
num_cat=0
split_feature=4 7 7 7 7 5 6 4 2 1 1 2 5 4 3 2 2 3 3 6 1 4 0 3 6 5 1 3 0 0
split_gain=2.44714 2.39933 24.2557 5.40567 13.0745 11.448 7.30056 12.9581 9.0415 7.4647 6.52214 22.7724 11.2599 6.28482 4.98103 4.84988 6.58482 8.24852 5.90391 12.3358 7.79572 4.93396 5.15023 14.8782 7.60336 6.25219 5.68987 4.63451 4.62429 4.57695
threshold=-0.87742818093127883 1.3364688167677514 0.40841740954183336 0.40714536059099543 -0.51959946746971752 -0.50957114626930256 -0.11770330046311152 -0.15959989039021691 0.76554542563821604 0.54726518288879611 0.40308083222934993 0.33724368624009599 -0.7926187645365782 -0.31727063888773294 -1.5948046123124311 1.2440099465934131 1.0995133689836238 0.52476947529804285 -0.15301760835570674 -0.082602346648052757 -0.58904393497432161 1.2763433654751082 0.75558369297867867 0.5723912205048941 -0.12082087564153081 -0.78600721636443927 0.85320991562364579 0.94963518784369561 1.555399530983915 -0.32457108691919012
decision_type=2 2 2 2 2 2 2 2 2 2 2 2 2 2 2 2 2 2 2 2 2 2 2 2 2 2 2 2 2 2
left_child=-1 2 3 4 -2 6 7 -5 -9 10 11 12 -8 -11 -7 16 18 -18 19 20 -3 22 23 25 26 -20 -24 -10 29 -14
right_child=1 15 -4 5 -6 14 9 8 27 13 -12 -13 28 -15 -16 -17 17 -19 21 -21 -22 -23 24 -25 -26 -27 -28 -29 -30 -31
leaf_value=-0.10894717259320137 0.00067861281689185178 0.0022460694910384368 0.10287740581287658 -0.13783380039319043 0.10614453819850773 0.051349049676820219 -0.13703894331929309 -0.15945604911386638 0.051714874930664484 -0.085368924762205228 0.1013004264041053 -0.15354255119542715 -0.13494228139625583 0.11576058383466303 -0.11265725341777029 -0.16748613585795991 0.070847529729863121 -0.13671871821218243 -0.16244479350974414 0.026256028108512099 -0.14230181208677581 -0.21642037832138367 -0.10827261791969654 -0.13821837942423371 -0.083425077981151369 0.026590152535807956 0.061105332446757012 -0.19106887735200018 -0.13141572522989084 0.086870213426053847
leaf_weight=2.0550170335918656 297.41886984140729 5.0446029634040359 23.391413781791925 10.265300927101636 12.238081138581036 2.0936674904660348 2.9167841877788261 2.8002383684506666 13.239870681019962 10.540993815753607 10.442297916859387 6.7889461111626579 0.96675937250256794 1.8221705853939045 16.030882676073816 1.9776884680613864 15.924979735107629 2.176153377047739 1.8934642344247539 11.451065996836403 14.329038268362638 1.0695030500064593 2.1459971952717778 8.9270835444913228 5.1879129321896462 23.033677357307173 26.160008620703593 0.83589736872818399 1.0943241780623782 24.640014851465832
leaf_count=537 9155 239 596 311 217 75 39 471 289 157 46 74 22 13 2144 201 143 108 71 381 982 188 97 569 266 721 343 26 13 119
internal_value=-2.36461e-05 0.00037833 0.00380627 -0.00178952 0.00484678 -0.0214585 -0.00629336 -0.0492399 0.00464976 0.0133922 0.0316317 0.0116492 0.0495141 -0.055725 -0.093712 -0.0121912 -0.00957391 0.0458935 -0.0196908 -0.0560284 -0.104664 -0.00331935 6.47355e-05 -0.0274412 0.0278666 0.0122311 0.0482641 0.037297 0.0698928 0.0784959
internal_weight=558.903 556.848 437.527 414.135 309.657 104.478 86.3536 27.1413 16.876 59.2123 46.8491 36.4068 29.6179 12.3632 18.1246 119.321 117.343 18.1011 99.2424 30.8247 19.3736 68.4176 67.3481 33.8542 33.4939 24.9271 28.306 14.0758 26.7011 25.6068
internal_count=18613 18076 13767 13171 9372 3799 1580 1097 786 483 313 267 193 170 2219 4309 4108 251 3857 1602 1221 2255 2067 1361 706 792 440 315 154 141
is_linear=0
shrinkage=0.1


Tree=65
num_leaves=31
num_cat=0
split_feature=3 3 2 5 1 1 1 1 1 1 0 0 2 4 6 0 6 2 4 1 1 3 3 1 2 1 5 5 4 2
split_gain=2.31607 2.33473 3.68857 2.32797 3.23185 10.1427 10.1145 11.5958 5.84544 10.0903 5.59682 4.39347 5.04857 4.48769 4.62921 3.73354 3.21375 6.71683 5.23308 5.03058 5.11398 10.1946 6.78166 6.11649 7.08098 7.95077 9.59509 7.92886 5.70977 5.20552
threshold=1.9539305894731429 1.8903121226405915 0.14108638530786827 4.0947462087318733 -0.71938040512663537 -0.67229925113587796 -0.67192178118666124 -0.60664499023768459 -0.60660890044052651 -0.59720402125200656 -1.0082697581629654 -1.0423461308568955 -2.9115205774295263 -0.46199487390717159 -0.18489907782770293 -1.0629872175912232 -0.15476881427321296 1.1877823276448758 0.105373618843861 -0.59668122654870059 4.8103888629009939 0.43947535283835176 0.92228677722949992 3.833552147990317 -0.52559624767123747 -0.12516983879970014 -0.58936934314146605 -0.37547400530655611 -0.73728264811080113 0.95739157709940537
decision_type=2 2 2 2 2 2 2 2 2 2 2 2 2 2 2 2 2 2 2 2 2 2 2 2 2 2 2 2 2 2
left_child=1 3 -3 4 10 -6 -7 -8 15 -10 11 12 -1 -14 -15 -9 19 18 -18 -11 23 -22 -23 24 27 -26 -27 -21 -29 -28
right_child=-2 2 -4 -5 5 6 7 8 9 16 -12 -13 13 14 -16 -17 17 -19 -20 20 21 22 -24 -25 25 26 29 28 -30 -31
leaf_value=0.055546680798125005 -0.10966511659605915 0.12591707865291554 -0.13389765830075764 0.078826565392952352 0.092501709481909444 -0.075027913388248588 0.103066288305798 -0.01339967087058911 0.10172775377999017 -0.14053109790120158 -0.12351258149163005 0.13467250354102453 -0.11812153320045396 -0.11692659714747125 0.11457783892693994 -0.11763868097659563 0.0046175073428127841 -0.098066259855428717 0.076618088048608243 -0.089958375434725416 -0.80483199391930693 0.039923795307131339 -0.43309896783050122 0.053321382823104294 -0.09727894572833197 -0.044316418990432239 0.075978988217708709 -0.25329673702941879 0.023195221092052569 -0.10869995244655335
leaf_weight=4.9532530871219942 1.9202995978994284 3.0491363580804314 0.66572766879107792 3.7027198909199788 11.806791868992148 17.926726306031924 10.978383447043596 6.9208254194818437 9.7398723762016726 3.0207201613811767 5.6938534921791861 1.8936741123907292 6.4014467817323739 1.4443151579471307 2.1488183084875354 6.8240924021520168 276.27543662360404 6.186685822234721 10.477333068149163 7.3811281194793983 0.22705507185310025 1.128284767270088 0.41441397927701462 14.584361030953003 16.812480641121496 37.663387555570807 12.179282901983269 0.7562501427019005 60.307486977311768 1.744931848370469
leaf_count=107 221 24 33 63 325 959 311 120 199 147 733 28 191 98 22 287 6453 419 195 680 7 35 7 320 2992 1518 327 18 1634 140
internal_value=-3.62808e-05 0.000351197 0.0793566 -0.00019272 -0.0007387 0.000888384 -0.00126825 0.00146584 -0.000894092 0.00103057 -0.0378037 -0.00882688 -0.0270062 -0.0679189 0.0215211 -0.0651524 -0.00115302 0.00502408 0.00724825 -0.0127362 -0.0102164 -0.179222 -0.0871439 -0.00824119 -0.0148023 -0.0375571 -0.0180937 0.00793771 0.019771 0.0528357
internal_weight=545.229 543.309 3.71486 539.594 535.891 513.356 501.549 483.622 472.644 458.899 22.5354 16.8415 14.9478 9.99458 3.59313 13.7449 449.159 292.939 286.753 156.22 153.199 1.76975 1.5427 151.429 136.845 68.4001 51.5876 68.4449 61.0637 13.9242
internal_count=18613 18392 57 18335 18272 17093 16768 15809 15498 15091 1179 446 418 311 120 407 14892 7067 6648 7825 7678 49 42 7629 7309 4977 1985 2332 1652 467
is_linear=0
shrinkage=0.1


Tree=66
num_leaves=31
num_cat=0
split_feature=7 6 5 4 5 1 6 6 4 2 5 2 0 2 0 0 7 6 0 5 4 0 3 0 5 2 5 4 4 4
split_gain=2.23818 3.11725 2.94457 2.34314 8.2689 9.49158 6.56474 6.04019 6.50665 7.32781 7.84111 6.30434 5.40047 5.11322 4.65532 4.42287 6.93987 5.12572 4.21014 12.4865 10.5527 8.38085 7.74205 6.51835 8.07962 7.23473 6.46164 6.35156 5.50559 4.64915
threshold=-1.4821352249473769 -0.16828487586387056 0.76637898719865816 -0.59456432257254799 -0.7926187645365782 4.1854000107223843 -0.17270027265010554 -0.12712029026033322 -0.48854639185206156 0.58506821362589456 -0.53917867448489953 1.1299415393327892 1.7643911403841201 -2.065817097680148 -1.1585286163139754 1.3771458106446219 1.3364688167677514 -0.014376251029381027 0.18459079674695572 -1.0061083479962596 -0.25075336981709589 1.4116358480641524 1.3243046657067017 0.11998438698711615 -0.64820172980574065 0.81524761879657437 -1.0411702581193145 0.11925219634933722 -0.50672484905360216 0.48463317381792043
decision_type=2 2 2 2 2 2 2 2 2 2 2 2 2 2 2 2 2 2 2 2 2 2 2 2 2 2 2 2 2 2
left_child=1 -1 -3 4 5 -2 13 18 15 10 -10 -11 14 -6 -8 16 -9 -17 23 20 21 26 28 24 -5 -25 -20 -24 -21 -26
right_child=3 2 -4 7 6 -7 12 8 9 11 -12 -13 -14 -15 -16 17 -18 -19 19 22 -22 -23 27 25 29 -27 -28 -29 -30 -31
leaf_value=-0.10787371792495332 -0.099850040231751341 0.080763094267290572 -0.15278074316088278 -0.09570968050924121 -0.20576637887132265 0.037569638024272052 -0.094554737707704506 0.066518187666672571 -0.12214970168235771 0.07242552243577903 0.077622812509541173 -0.21478984265878351 -0.11417983862824926 -0.028252821046843055 0.0061168023299791319 -0.12411092083362277 -0.097267839878346668 0.11168306441242125 -0.21509282787009362 0.097125907571476988 0.037349172841913629 -0.51061877972670344 -0.11892363239753795 -0.11092204562696227 0.014412550377885051 0.1293319562738425 0.03735064433068986 0.04704149403209603 -0.077595434360165139 -0.10434735673389113
leaf_weight=1.1635711673879985 18.412326603196565 8.5173852676525676 0.57639971375465471 7.6994266879046327 2.6879671530332416 6.913453555549494 4.7051362700876771 8.509277037810536 4.6244903722545132 40.701711730333045 3.4160965641494823 0.77885432227048923 3.9623833144432856 4.0943636591546229 193.45457752866787 5.5195325585082173 3.7170829584356389 1.1067730858921994 1.8327174335718153 1.8860223740339268 41.182921336265281 0.49602468730881799 2.8715043307747683 1.4950645165226868 99.691270655341214 7.7532569881295785 2.2695864222478113 11.70759991800878 41.210113139735768 3.4090754545177324
leaf_count=59 977 152 4 827 37 81 213 185 208 454 77 29 190 218 4967 157 108 7 16 16 849 8 175 142 4265 51 40 288 2353 1460
internal_value=-2.25217e-05 0.0462408 0.0659602 -0.000924503 -0.00837424 -0.0623371 -0.00183225 0.00505386 0.0310628 0.0500966 -0.037275 0.0670327 0.00141502 -0.0986048 0.00372644 -0.0189341 0.0167236 -0.0847269 -0.00290272 -0.0176871 0.0213064 -0.122373 -0.0486393 0.00983836 0.00310621 0.090493 -0.0754293 0.014353 -0.0699491 0.0104857
internal_weight=536.366 10.2574 9.09378 526.109 234.23 25.3258 208.904 291.878 68.3738 49.5212 8.04059 41.4806 202.122 6.78233 198.16 18.8527 12.2264 6.62631 223.505 103.456 45.7812 4.59833 57.6752 120.048 110.8 9.24832 4.1023 14.5791 43.0961 103.1
internal_count=18613 215 156 18398 6683 1058 5625 11715 1225 768 285 483 5370 255 5180 457 293 164 10490 3745 913 64 2832 6745 6552 193 56 463 2369 5725
is_linear=0
shrinkage=0.1


Tree=67
num_leaves=31
num_cat=0
split_feature=3 3 0 2 4 3 4 6 3 0 5 0 0 6 2 2 2 1 1 5 0 2 5 5 3 1 8 3 2 1
split_gain=2.17851 2.67498 4.23021 6.11593 8.30582 5.64279 4.16499 3.77591 2.75019 7.87647 8.44952 7.34236 7.30921 6.15559 6.89848 6.01992 5.071 5.16933 4.95615 4.89641 7.04454 5.33367 4.87293 4.67629 4.41737 4.51854 4.38818 6.62614 8.41274 8.97167
threshold=-1.6572036574586306 -1.417882779076679 -0.80302439984806984 -0.86913560523263844 -0.46725569026698333 -1.5206643888453446 -0.85870989534752218 -0.13291053387518989 -0.19667320582404343 -0.090898827160685217 -1.0705817559443884 -0.22790949122836646 -0.72677958388728692 -0.041398939679641603 -3.6097147935279246 1.0489398633506284 -0.4720467538697522 -0.5698400121927677 -0.58904393497432161 -1.0061083479962596 0.81709063718525787 0.59152843470131899 -0.41784522960352316 -1.0526103155386675 0.47373568132290056 4.1854000107223843 0.70096686624254934 -0.087553260461295232 0.015222741852564801 -0.48882716652468045
decision_type=2 2 2 2 2 2 2 2 2 2 2 2 2 2 2 2 2 2 2 2 2 2 2 2 2 2 2 2 2 2
left_child=-1 2 -2 7 -5 -6 -3 -4 9 11 -11 12 16 14 -14 -12 17 18 -8 20 24 -22 -19 -17 25 -10 -21 -28 29 -29
right_child=1 6 3 4 5 -7 8 -9 19 10 15 -13 13 -15 -16 23 -18 22 -20 26 21 -23 -24 -25 -26 -27 27 28 -30 -31
leaf_value=-0.10682379233128754 -0.11526241813669424 -0.09443110212854415 -0.1358236922358885 -0.11570973072561015 -0.14085267505344942 0.071218778154815726 0.0067729563454416736 0.099281114216196051 -0.14529031778556137 0.030857148403492931 -0.085498346819519497 0.077969264601049901 0.082154751755612238 0.060525302941308548 -0.12312512622148471 -0.12713455015552019 -0.11024974052680135 -0.060698253620391496 -0.072377849870930641 0.017142455141712198 -0.11312418266486338 0.07260193603782121 0.053395369076892955 0.041850525593071057 -0.11351258922587387 0.093846045248772797 0.056698738240128735 -0.021320117617099343 -0.00093582151555509979 -0.11805581939566552
leaf_weight=1.9031799736840174 1.9152925430971688 4.7696741961699436 0.72107168263755816 4.704484319197948 1.4457635141443468 9.4924353488895488 37.417277060507331 12.979889660142364 1.0666368663078154 12.059868504293261 31.461306566750864 11.95743966498412 1.9031346039846546 3.1588407453382379 11.70851432782365 2.0947174585890025 3.5489134762901804 4.236093860003165 10.03211804750026 100.83047249197261 1.638512603938582 27.460314171388745 32.185769321629778 7.5039516047982016 4.2486089502926916 3.0481858253479004 14.201130429573821 30.539423857175279 122.64380473113852 13.97442883547046
leaf_count=315 159 814 83 245 198 321 802 138 24 160 1984 268 30 75 918 23 633 198 280 3817 54 614 543 166 76 56 373 961 3565 720
internal_value=-2.81342e-05 0.00035905 0.0287279 0.0381263 -0.00459989 0.0431881 -0.00143718 0.0869077 -0.000529976 -0.0108365 -0.042734 0.00375163 -0.00476595 -0.0652379 -0.0944236 -0.0643487 0.00683484 0.0117891 -0.00996172 0.00492775 0.0388961 0.062144 0.0401256 0.00497291 -0.0419902 0.0318576 0.00041826 -0.00887993 -0.0144513 -0.0516888
internal_weight=526.851 524.948 31.2589 29.3436 15.6427 10.9382 493.689 13.701 488.919 169.268 53.1198 116.148 104.191 16.7705 13.6116 41.06 87.4202 83.8713 47.4494 319.652 37.4623 29.0988 36.4219 9.59867 8.36343 4.11482 282.189 181.359 167.158 44.5139
internal_count=18613 18298 1144 985 764 519 17154 221 16340 6080 2333 3747 3479 1023 948 2173 2456 1823 1082 10260 824 668 741 189 156 80 9436 5619 5246 1681
is_linear=0
shrinkage=0.1


Tree=68
num_leaves=31
num_cat=0
split_feature=2 6 0 0 4 4 0 6 0 0 0 0 0 0 6 0 7 1 4 6 6 2 2 8 4 1 2 0 3 2
split_gain=2.08711 2.25025 2.24358 5.46529 4.75233 7.89281 3.88605 3.3341 3.32081 5.03218 4.11118 7.80125 3.2566 5.09743 3.28208 4.89404 4.72344 3.87068 3.93676 5.56009 4.95247 6.48094 4.03748 8.76459 3.41551 3.36258 7.19968 6.32463 10.3304 10.1378
threshold=-4.1874568006805015 -0.084154939264303674 -1.1790489864575375 -1.1722584671325122 -0.30716313398208783 -0.44841425251066674 -1.1722090911817056 -0.18702862466357612 -1.1656665775182868 -1.1652890004631036 -1.1585919727527829 -1.1585286163139754 -1.144934439927346 -1.1448673462793788 -0.17515170153154036 -1.0219064819371269 1.3364688167677514 -0.45606598605111642 -0.7606507543586517 -0.13458492357125815 -0.15788260675149282 -1.3174081295837994 0.48656290563104659 -1.0000000180025095e-35 -0.60234349817966215 0.2990287421095314 0.024873093360088083 -0.097786126376738239 1.6206905537647123 0.34751006760756792
decision_type=2 2 2 2 2 2 2 2 2 2 2 2 2 2 2 2 2 2 2 2 2 2 2 2 2 2 2 2 2 2
left_child=1 -1 4 -4 5 -2 7 -5 -8 -10 -11 -12 -13 -14 16 17 24 18 19 -16 21 -20 23 -21 -15 27 -27 -17 -29 -30
right_child=2 -3 3 6 -6 -7 8 -9 9 10 11 12 13 14 15 25 -18 -19 20 22 -22 -23 -24 -25 -26 26 -28 28 29 -31
leaf_value=0.070438952772755845 -0.096803117350255805 -0.34444547924823399 0.10317224880240916 0.065161021166643338 -0.17480227883269231 0.084554103272785605 0.10362308187025593 -0.18153444663293053 -0.1502266545456509 0.1100749562560379 -0.17518975279000715 0.066273850736275258 -0.13008454873863962 -0.2486797444189795 -0.1020980778283245 0.0018960177921030471 -0.10682446056154767 -0.14306592742094568 0.05878775546929757 0.041164935715970664 0.11868626441174218 -0.083638041702478183 0.11125748781443488 -0.15764840723113724 -0.0099927232900312336 -0.090800941065341215 0.013111534426999831 -0.062434615727759914 0.085927005212281637 -0.12246116677670552
leaf_weight=5.4893299266695976 5.2036848779243874 0.13391987979411979 5.1138531006872645 0.74075465410715002 2.2411948771332382 4.4535026384983203 3.0694505693390957 2.1036372928065239 2.2408947992953463 3.3678190847858778 2.5515365854080292 7.330130908463615 3.0345822906820095 0.60605131811462243 4.0699552251026061 125.85961842173128 5.8725034660310476 1.2420990472892288 16.677758609410379 10.867958956281656 9.5236454606056231 3.9520025555975726 4.3470991629874325 2.7857567999744779 55.562239707360277 6.9469974591629571 165.86365792358993 42.740687430487014 10.263126960024236 3.0218832017853847
leaf_count=221 269 1 133 20 140 71 63 79 72 62 77 168 114 16 107 3541 964 77 347 250 214 134 64 60 4398 679 3329 2667 128 148
internal_value=-3.2383e-05 0.0605583 -0.000698295 0.000323461 -0.0436141 -0.0131685 -0.000739841 -0.117288 -6.57628e-05 -0.000716979 -2.82963e-05 -0.000795825 0.000130106 -0.000894416 -6.06525e-05 0.00319662 -0.02149 0.0314003 0.0355498 0.00345803 0.0590393 0.0315035 0.0273241 0.000601207 -0.0125681 -0.00105475 0.00893425 -0.0105454 -0.0384945 0.0385259
internal_weight=517.277 5.62325 511.654 499.756 11.8984 9.65719 494.642 2.84439 491.797 488.728 486.487 483.119 480.568 473.238 470.203 408.162 62.0408 53.4663 52.2242 22.0708 30.1534 20.6298 18.0008 13.6537 56.1683 354.696 172.811 181.885 56.0257 13.285
internal_count=18613 222 18391 17911 480 340 17778 99 17679 17616 17544 17482 17405 17237 17123 11745 5378 1253 1176 481 695 481 374 310 4414 10492 4008 6484 2943 276
is_linear=0
shrinkage=0.1


Tree=69
num_leaves=31
num_cat=0
split_feature=1 0 6 5 7 3 7 2 5 4 3 5 2 0 1 1 5 7 7 7 2 0 1 6 5 3 6 3 4 4
split_gain=1.99824 3.84445 2.57526 2.15052 2.0869 2.5473 4.80213 2.22641 2.13396 2.07719 3.18971 2.81181 1.88763 1.78472 4.88582 5.00834 4.87525 9.59919 6.1169 7.84278 7.19813 9.51099 7.8939 7.78883 8.27253 5.16825 7.46897 5.92728 5.05219 10.4244
threshold=-0.72443215334433009 -1.1108910411721331 -0.10935449346505978 4.0947462087318733 -1.4821352249473769 -1.229772554055431 -3.3036991036206245 -0.17275068211769237 -0.45182518123658394 -0.85402780845736481 -1.2414587254405782 1.0301652716147101 1.3932926308193547 -1.0219064819371269 -0.59496684497988894 -0.59720402125200656 0.32973415272385748 0.40714536059099543 -1.4506429737386981 -0.52978138065229585 -1.1410430598654222 -0.56331440280488743 -0.46809888907186331 0.082456757283424817 1.0000000180025095e-35 1.3537106529654157 0.013135971010384913 1.3243046657067017 -0.83684719925322837 -0.8333973172244189
decision_type=2 2 2 2 2 2 2 2 2 2 2 2 2 2 2 2 2 2 2 2 2 2 2 2 2 2 2 2 2 2
left_child=1 2 -1 4 5 -2 7 8 -7 10 -6 -12 13 -11 15 -15 18 -18 20 -20 21 22 -16 -22 -25 27 -27 -21 -19 -30
right_child=3 -3 -4 -5 9 6 -8 -9 -10 12 11 -13 -14 14 16 -17 17 28 19 25 23 -23 -24 24 -26 26 -28 -29 29 -31
leaf_value=-0.10095730614359888 0.10840380772190535 -0.14368043508621653 0.1030310133379186 0.0796399956737259 0.033767843068311001 -0.4622935623238667 0.077009647972483011 0.00063811675727984895 -0.13536262792609655 0.011508992254370735 -0.1331615470940406 0.021664610879903658 -0.10564645912833995 -0.02276911174966962 0.055756291892295841 -0.13020736126138963 0.056948422162083324 0.087995486856907834 0.1080312378665568 0.0002986050821562323 -0.12418525467522699 -0.14454487711089137 -0.11658085928057456 -0.13883669047036989 0.11314526266778313 -0.10721672819809197 0.054505803531354494 0.098786760624255537 -0.72429425370538958 -0.1100452030011855
leaf_weight=0.99714885128196362 3.9117707593832165 2.7368149544054168 1.6314647793769834 3.4213516933377823 3.1102934324298985 0.25245649367570877 3.4120879973052052 0.9544697772944345 0.95453966874629281 111.93148810690036 4.3314215156424307 1.6086351380217818 1.6827396804874286 25.031252507294997 16.17189060442616 5.2486593179055481 29.081858500780072 0.98417224944569204 6.8305751681327811 235.18582207668805 13.726809143001448 3.8566007003246332 3.1806077737128353 2.112793654203414 3.3986755385994911 9.7862174866604601 4.0324736523907623 6.2736518459860227 0.30791012197732959 2.6903090458363286
leaf_count=54 64 537 38 38 159 3 104 28 11 3267 748 93 335 1429 205 228 661 48 69 8443 560 114 70 26 25 651 151 40 5 409
internal_value=-1.8701e-05 -0.060723 0.0256493 0.000628216 8.76163e-05 0.0465462 0.00313171 -0.113492 -0.203744 -0.000810684 -0.0482744 -0.0912329 8.14251e-05 0.000452206 -0.00291176 -0.0413922 0.000539416 0.0370096 -0.00341999 0.00228319 -0.0386366 -0.0011446 0.0274325 -0.083867 0.0165493 -0.000546351 -0.060024 0.00285755 -0.108596 -0.173127
internal_weight=508.837 5.36543 2.62861 503.472 500.05 9.48532 5.57355 2.16147 1.207 490.565 9.05035 5.94006 481.515 479.832 367.9 30.2799 337.62 33.0642 304.556 262.109 42.4474 23.2091 19.3525 19.2383 5.51147 255.278 13.8187 241.459 3.98239 2.99822
internal_count=18613 629 92 17984 17946 210 146 42 14 17736 1000 841 16736 16401 13134 1657 11477 1123 10354 9354 1000 389 275 611 51 9285 802 8483 462 414
is_linear=0
shrinkage=0.1


Tree=70
num_leaves=31
num_cat=0
split_feature=3 3 0 2 4 3 6 4 5 2 3 4 1 5 8 0 7 7 0 2 5 0 2 4 8 2 5 0 7 0
split_gain=1.88115 2.23288 3.6247 5.09859 7.07788 4.82019 3.3656 3.30787 2.628 2.42447 2.27888 7.17357 6.69067 7.90902 5.00221 4.63776 4.50819 5.2017 4.55152 4.24425 4.18695 6.05098 4.59352 4.09391 7.91544 5.28406 4.06736 5.56409 5.50563 3.68366
threshold=-1.6572036574586306 -1.417882779076679 -0.80302439984806984 -0.86913560523263844 -0.46725569026698333 -1.5206643888453446 -0.13291053387518989 -0.85870989534752218 -0.96089575805956251 -3.4249745292095723 -0.19667320582404343 -0.31273819352209226 5.4820897539366786 -1.0705817559443884 -1.1206282451140999 -1.0902167777483067 1.3364688167677514 -0.52978138065229585 -1.0973137701873441 0.67108171330716482 -1.0061083479962596 0.81709063718525787 0.59152843470131899 -0.73728264811080113 0.70096686624254934 -2.6344958719749871 -0.96818026603078555 1.8154464538279889 -0.52978138065229585 -1.0902167777483067
decision_type=2 2 2 2 2 2 2 2 2 2 2 2 2 2 2 2 2 2 2 2 2 2 2 2 2 2 2 2 2 2
left_child=-1 2 -2 6 -5 -6 -4 9 -7 -3 11 14 13 19 15 -9 17 -15 -19 -13 21 -12 -23 24 25 -16 27 28 -22 -25
right_child=1 7 3 4 5 8 -8 10 -10 -11 20 12 -14 16 23 -17 -18 18 -20 -21 26 22 -24 29 -26 -27 -28 -29 -30 -31
leaf_value=-0.10618370817157399 -0.11360943371900195 0.088734946417662622 -0.1350549723101965 -0.11252199445867804 -0.13863353886360055 0.083274129466220842 0.095931132380854267 0.0076993787573091778 -0.10557889129096652 -0.12298228822874491 -0.038879666109997012 -0.29508861494452004 -0.70918824020220728 -0.15288333591734127 -0.26283866971407444 -0.10834121273100013 -0.15272759955292761 0.056222948841390424 -0.063513769417117741 0.06212067592069357 0.10559488973119298 -0.11220732229386846 0.069528443323514169 0.052163440448170742 -0.063596299906034687 0.057197839479146174 0.00322796243444757 0.032220423186198284 -0.12596880652273432 0.0055184986055700205
leaf_weight=1.6635598819411814 1.7149048355058791 0.63966433890163887 0.66664130327990356 4.240795487829021 1.3100829313625588 8.3012260710820556 11.732115510851147 6.2399093198473565 0.80862359641468096 3.5025923509383565 8.0944619578076509 0.35022989846766606 0.15462824515998264 4.0201143078738921 0.54181724041700263 7.6873085129482188 5.9030559115926726 4.7246968861436569 9.6770530127978258 6.6172440256923437 1.1735233962535847 1.470668133348229 25.610172268934548 23.40042634808924 19.11669483591686 10.786873196251692 257.03272976915468 5.1662607023026785 8.2096149860881251 61.234557241899893
leaf_count=315 159 17 83 245 198 112 138 164 209 797 156 10 2 471 4 726 602 97 1366 111 18 54 614 478 534 156 9172 86 160 1359
internal_value=-2.11684e-05 0.000331956 0.0273755 0.0363104 -0.00360831 0.0407183 0.0835118 -0.00131895 0.0665108 -0.090288 -0.000530156 -0.0101868 -0.053013 -0.0497705 0.000252581 -0.0563507 -0.0766768 -0.0523073 -0.0242325 0.044165 0.0045209 0.0369835 0.059659 0.00710281 -0.0243444 0.0418915 0.000316345 -0.0511209 -0.0970078 0.0184152
internal_weight=501.792 500.129 28.7744 27.0595 14.6607 10.4199 12.3988 471.354 9.10985 4.14226 467.212 160.455 31.447 31.2924 129.008 13.9272 24.3249 18.4219 14.4017 6.96747 306.757 35.1753 27.0808 115.08 30.4454 11.3287 271.582 14.5494 9.38314 84.635
internal_count=18613 18298 1144 985 764 519 221 17154 321 814 16340 6080 2659 2657 3421 890 2536 1934 1463 121 10260 824 668 2531 694 160 9436 264 178 1837
is_linear=0
shrinkage=0.1


Tree=71
num_leaves=31
num_cat=0
split_feature=3 2 0 3 2 6 7 6 4 2 5 8 3 0 4 5 4 4 5 5 2 6 0 5 6 5 6 5 4 3
split_gain=1.79839 1.80998 5.36251 3.16127 1.93387 5.92554 6.16131 4.48841 5.37258 7.34182 7.52101 5.82815 8.90175 5.16655 5.87395 4.67065 4.92547 4.51072 4.35194 5.08774 4.61461 4.39635 4.26017 9.33128 5.45862 4.59556 4.12874 4.0187 5.48713 4.72689
threshold=1.9539305894731429 1.2970570350590986 3.039480138735565 1.1470368741952168 0.72208134843245919 -0.045726986962341225 -0.52978138065229585 -0.064962874724300623 -0.7606507543586517 0.08813114714765323 -0.77511744266767724 0.70096686624254934 1.2012865025887132 1.555399530983915 -0.53489656686565679 -0.70688334606517333 -0.67371769195805242 -0.85402780845736481 0.05542585976483335 1.5228079309516778 -3.0559415652982591 -0.10070882006647548 -0.54993654647821888 0.38873499700877301 -0.12468975181754056 0.78452481370769223 -0.1368442216984668 -0.76307912552103174 -0.43915880629302789 0.70866520928494336
decision_type=2 2 2 2 2 2 2 2 2 2 2 2 2 2 2 2 2 2 2 2 2 2 2 2 2 2 2 2 2 2
left_child=1 4 -3 -4 7 26 -7 8 11 10 -10 18 -13 17 -15 16 -12 -9 -1 20 -20 -21 24 -24 -17 -25 -6 28 -11 -30
right_child=-2 2 3 -5 5 6 -8 13 9 27 15 12 -14 14 -16 22 -18 -19 19 21 -22 -23 23 25 -26 -27 -28 -29 29 -31
leaf_value=-0.1451621039835452 -0.10777472520052025 -0.12698810067186056 0.090904686682335423 -0.29214363813667443 -0.00081568357035549915 0.071593629536922762 -0.12821077037498463 -0.033689701278712902 -0.11434429945950145 0.032748410541255296 0.11820547847186993 -0.10947316749277002 0.083266145787942669 -0.072701444000189519 0.098688438512955778 0.0094030708325189821 -0.10901368051785797 0.045369986395746763 -0.18685238931870252 -0.20005460653494628 0.039810611285168621 0.10243416402104628 -0.10018278358404026 0.070173247621175452 0.099399323368338482 -0.1069242133113896 0.033028084636240893 -0.059088565245056651 -0.11869958463453485 -0.002498223706226107
leaf_weight=2.0552385949995395 1.543867904721991 3.8792388201691201 2.4383212625980382 0.23633668571710575 77.489920045190956 2.1130101711023599 5.724598565226187 8.5496503867616394 4.8830143656523424 16.068066208623353 6.824674803414382 16.736095660540744 2.7966940464684731 9.9591904559929372 2.5020576748065642 125.0541367308324 1.1090549337386608 46.286486904515186 0.95074501633644715 1.9109964763629252 16.252681784855668 0.64185992628335853 10.511838820326377 7.706744578026699 7.1235074516735031 1.8092418307933256 67.398075046599843 29.683842533035204 6.1387678486062205 8.146046022186054
leaf_count=63 221 576 54 2 2645 21 525 778 657 302 33 417 41 413 42 3958 185 1159 8 50 406 20 1165 185 141 276 1099 2494 461 216
internal_value=-1.47699e-05 0.000322702 -0.0518785 0.057058 0.00102604 0.0103463 -0.0743437 -0.00323959 -0.00906863 -0.00298193 0.00791216 -0.0422017 -0.0818769 0.0198352 -0.0382886 0.01164 0.0864425 0.0330436 -0.0066716 0.00773551 0.0272841 -0.124 0.00774095 -0.0352385 0.0142533 0.0365023 0.0149275 -0.0329264 -0.00734086 -0.0524347
internal_weight=494.524 492.98 6.5539 2.67466 486.426 152.726 7.83761 333.701 266.403 225.059 165.022 41.3443 19.5328 67.2974 12.4612 160.139 7.93373 54.8361 21.8115 19.7563 17.2034 2.55286 152.205 20.0278 132.178 9.51599 144.888 60.0367 30.3529 14.2848
internal_count=18613 18392 632 56 17760 4290 546 13470 11078 10073 6600 1005 458 2392 455 5943 218 1937 547 484 414 70 5725 1626 4099 461 3744 3473 979 677
is_linear=0
shrinkage=0.1


Tree=72
num_leaves=31
num_cat=0
split_feature=7 7 7 7 5 2 4 1 1 4 6 2 5 3 3 2 2 3 3 6 1 0 3 6 6 5 2 2 4 0
split_gain=1.72053 20.2723 4.03926 11.396 9.2225 6.27283 13.2391 12.3179 7.19387 8.77929 6.59601 6.13912 5.83168 4.34926 3.78631 3.81013 5.35721 5.5155 4.7851 9.4717 5.56445 3.85265 11.3083 5.20834 5.50386 4.76933 3.76398 4.01219 9.17739 3.75616
threshold=1.3364688167677514 0.40841740954183336 0.40714536059099543 -0.51959946746971752 -0.50957114626930256 0.160340417267504 -0.67371769195805242 0.34005897588629297 0.54726518288879611 -0.24496057564674142 -0.11163475006912178 0.75012866731414229 -0.78600721636443927 0.94963518784369561 1.2745228895294078 1.2440099465934131 1.0995133689836238 0.52476947529804285 -0.15301760835570674 -0.082602346648052757 -0.58904393497432161 0.75558369297867867 0.5723912205048941 -0.12082087564153081 -0.17515170153154036 -0.78600721636443927 0.59152843470131899 1.0395226280391798 0.98468277562018125 0.35213902393273372
decision_type=2 2 2 2 2 2 2 2 2 2 2 2 2 2 2 2 2 2 2 2 2 2 2 2 2 2 2 2 2 2
left_child=1 2 3 29 5 6 12 -7 10 -10 -9 -11 -4 -13 15 16 18 -18 19 20 -2 22 25 24 -23 -20 -26 -28 -29 -1
right_child=14 -3 4 -5 -6 7 -8 8 9 11 -12 13 -14 -15 -16 -17 17 -19 21 -21 -22 23 -24 -25 26 -27 27 28 -30 -31
leaf_value=0.0058610757016975788 0.00040623527541222559 0.1027001376955194 -0.12001599296252596 0.1058130254419819 -0.09352854282074366 -0.13648903121246331 -0.11032471482076529 -0.13295742630593979 -0.095889443115134226 -0.18790037406645022 0.082743950676644626 0.054264005385212359 0.085574128783679301 -0.16727726665002768 -0.10803380043145845 -0.17684925265714624 0.067374626549255121 -0.14038593673081129 -0.1576387178777896 0.023970696286917496 -0.13255946798016893 -0.22002734111189476 -0.13915295326841645 -0.079845713594675516 -0.10695907422461959 0.022428796592726941 0.075894133137477032 -0.50549359236886404 0.10234099570996141 -0.023309487394353939
leaf_weight=207.89778497842781 4.2576085141772664 19.384320873301476 1.4899205259280304 10.517598558217285 14.575914012122665 8.5435799224942439 5.0769599795748936 1.6157242050394405 12.368297100067137 1.314520839019681 11.565396599471567 12.479955712566149 18.652771412103906 0.95387862529605705 3.9078255546919527 1.313876847445498 14.091170212603172 1.4052128606708709 1.5825031626736734 10.468743804260148 12.069195569332807 0.75026155274827644 6.602407502825371 3.8105595852830438 1.3426822575274879 20.859492747462369 19.862722069025043 0.3951851837337006 0.66874700784683228 56.041235405340558
leaf_count=7185 239 596 48 217 2266 416 462 49 179 50 59 218 129 17 474 154 143 82 72 411 982 34 461 165 67 798 273 4 14 2349
internal_value=-3.33587e-05 0.00306054 -0.00225888 0.00373506 -0.0208186 -0.00650859 0.033992 -0.0274214 -0.00429785 -0.0337556 0.0563036 0.0183513 0.070367 0.0385333 -0.011479 -0.00768612 -0.00542201 0.0485349 -0.0155361 -0.0502775 -0.0978854 0.00112464 -0.0241132 0.0284454 0.0463714 0.00973129 0.0553464 0.0657602 -0.123432 -0.000332606
internal_weight=485.866 382.478 363.094 274.457 88.6369 74.061 25.2197 48.8414 40.2978 27.1167 13.1811 14.7484 20.1427 13.4338 103.388 99.4804 98.1665 15.4964 82.6701 26.7955 16.3268 55.8746 29.0444 26.8302 23.0196 22.442 22.2693 20.9267 1.06393 263.939
internal_count=18613 14240 13644 9751 3893 1627 639 988 572 464 108 285 177 235 4373 3899 3745 225 3520 1632 1221 1888 1331 557 392 870 358 291 18 9534
is_linear=0
shrinkage=0.1


Tree=73
num_leaves=31
num_cat=0
split_feature=2 0 0 4 4 0 0 0 0 0 7 0 0 6 2 4 5 5 8 0 1 3 2 1 3 2 6 4 1 0
split_gain=1.67877 2.04534 4.70888 3.8879 6.23381 3.39792 2.85229 4.47963 3.4787 6.92897 2.83056 2.50111 4.49716 2.45368 5.3746 7.97562 6.70495 5.74423 4.37872 4.08109 5.96309 3.51017 5.63401 8.41748 5.61757 8.19717 5.69573 5.81933 5.909 5.21239
threshold=-4.1874568006805015 -1.1790489864575375 -1.1722584671325122 -0.30716313398208783 -0.44841425251066674 -1.1722090911817056 -1.1656665775182868 -1.1652890004631036 -1.1585919727527829 -1.1585286163139754 1.3364688167677514 -1.144934439927346 -1.1448673462793788 -0.18114162087405508 -1.7012817779487468 0.33259481565367094 0.04599692718527295 2.9917341198872291 -0.37133351249373114 -1.0219064819371269 -0.45606598605111642 0.54248224939900325 0.015222741852564801 -0.5766445095825059 0.27256275594499996 1.006799290224849 -0.14811747702683356 -0.69262645581360027 4.8103888629009939 2.164042740204597
decision_type=2 2 2 2 2 2 2 2 2 2 2 2 2 2 2 2 2 2 2 2 2 2 2 2 2 2 2 2 2 2
left_child=-1 3 -3 4 -2 10 -7 -8 -9 -10 -4 -11 -13 14 -14 16 18 -18 -16 20 -15 24 23 -23 26 -26 27 -21 -29 -28
right_child=1 2 5 -5 -6 6 7 8 9 11 -12 12 13 19 15 -17 17 -19 -20 21 -22 22 -24 -25 25 -27 29 28 -30 -31
leaf_value=0.056829280937776255 -0.087573139162959515 0.1027366579888077 -0.17399918715580637 -0.16562404761671271 0.079937771656846249 0.10310396604875523 -0.14732217227729519 0.10874634823393925 -0.17220403900597403 0.060948891421044038 0.057090115073185843 -0.12659710583358938 -0.097614548025791864 0.033358253415633456 0.1282536397795748 -0.087193467546826789 -0.094894939612742368 0.063756161796354724 -0.10426721005882074 -0.17297529637185111 -0.140112759611109 0.057198467438318891 0.016054108783151166 -0.12875093570503079 -0.081900786307392448 0.033457281428467316 0.00964142923771673 -0.021623772013429816 -0.44815094561588609 -0.15434544808572262
leaf_weight=5.1367913931608191 5.0942197777912943 4.4507772000506511 1.9852331278671038 2.0983378350792909 3.9397497163154176 2.6696011815220109 2.0703946959401938 2.9283858099952331 2.3406683972571036 6.6976607229153151 0.72310982673661772 2.8157605491287532 7.9561701734928638 55.026516666839598 7.0894849788746797 7.7933370151877162 5.0649747005081718 4.1537268653628416 0.91433739574859441 2.866916410974226 2.055633998301345 3.8548599100613501 129.82639908429701 6.6065311557322257 22.060997242806483 8.5460122186341305 127.40786314058641 37.993036952771945 0.32760411524213751 1.9682316105463531
leaf_count=222 269 133 83 140 71 63 72 62 77 168 16 114 333 1389 101 2656 537 64 298 72 117 117 3608 464 913 230 3600 2457 6 161
internal_value=-2.78977e-05 -0.000650201 0.000378793 -0.0430025 -0.014521 -0.000625237 4.53383e-05 -0.00056828 0.000112521 -0.000604993 -0.1123 0.000305739 -0.000629422 0.000192558 -0.026024 -0.00325498 0.0347279 -0.0234105 0.101691 0.0023615 0.0271112 -0.00177595 0.0103654 -0.0602315 -0.0102428 -0.0496908 -0.00316403 -0.0355514 -0.0252702 0.00714665
internal_weight=474.463 469.327 458.194 11.1323 9.03397 453.743 451.035 448.366 446.295 443.367 2.70834 441.026 434.328 431.513 32.972 25.0159 17.2225 9.2187 8.00382 398.541 57.0822 341.458 140.288 10.4614 201.171 30.607 170.564 41.1876 38.3206 129.376
internal_count=18613 18391 17911 480 340 17778 17679 17616 17544 17482 99 17405 17237 17123 3989 3656 1000 601 399 13134 1506 11628 4189 581 7439 1143 6296 2535 2463 3761
is_linear=0
shrinkage=0.1


Tree=74
num_leaves=31
num_cat=0
split_feature=6 8 0 1 6 8 2 4 8 1 2 6 5 1 0 6 0 3 3 1 3 2 6 2 1 3 3 7 7 7
split_gain=1.63427 3.47898 4.38147 4.64445 3.17098 3.60589 9.9204 11.839 9.89163 5.66038 5.19446 8.77859 4.86848 4.60268 6.95512 5.23894 4.59877 9.14752 4.19001 3.43121 3.40442 3.13947 3.11793 2.87999 3.12802 4.41278 2.84858 2.79589 16.6948 3.87424
threshold=-0.18635131676677166 -0.37133351249373114 -1.1585919727527829 -0.58904393497432161 -0.18460396730028522 -1.4379675927874975 -2.4292940488900974 -0.41620824366366538 -0.37133351249373114 4.8103888629009939 0.883079051471514 -0.18043110173624174 0.05542585976483335 0.13104749004878385 0.35213902393273372 -0.1378410019191931 3.5787398901529257 1.3243046657067017 1.3537106529654157 -0.71960129207986723 1.1470368741952168 0.17086254479003724 -0.18742794027678944 -1.1410430598654222 -0.5017368998571976 0.11081191501394592 0.72778343463255857 1.3364688167677514 0.40841740954183336 0.40714536059099543
decision_type=2 2 2 2 2 2 2 2 2 2 2 2 2 2 2 2 2 2 2 2 2 2 2 2 2 2 2 2 2 2
left_child=1 23 3 -3 21 6 12 -8 -7 10 11 26 -6 -12 -15 16 17 -16 -19 -10 -18 -2 -5 24 25 -1 -9 28 29 -21
right_child=4 2 -4 22 5 8 7 9 19 -11 13 -13 -14 14 15 -17 20 18 -20 27 -22 -23 -24 -25 -26 -27 -28 -29 -30 -31
leaf_value=-0.18005488066429282 0.072381731725286266 0.055209703722064941 -0.11892614866542553 -0.24877567673729117 -0.19670434346539517 0.10566048283181165 -0.093274331371846778 -0.018603074572052149 -0.11409656012118337 -0.30458200672566843 -0.10448458194642063 -0.10884603879223759 0.063922734687549804 0.11915830114316908 -0.14309558541441972 0.075392220565037193 0.063888483727085346 0.11955196795341082 -0.1140669049457958 0.01079143241615277 -0.17634869292036381 -0.075833925529250862 0.034843229292334875 -0.10191681634633894 0.085401657967113284 0.065997278135727908 0.1525556132390429 -0.012178595180889649 0.10245940789343107 -0.01652987021194367
leaf_weight=1.2996480608126151 10.367409464699447 4.2745295475469902 6.4512961285799975 1.031533229164779 0.75137133058160799 9.3938013743609172 23.133293538790895 1.8703691850532753 2.5428198912995859 0.62604260677471657 2.7657163996482259 9.1566169639700092 15.545148060191421 6.8303555778693434 6.2554218438454026 7.2690373014193019 5.7901873765513292 2.724514197558165 1.0689124413765965 142.77888171057566 0.65678908675909031 1.6576184035511676 0.62093529314734031 1.6954860998084775 5.5102059628115949 1.659689321182668 2.0252608332084492 93.501272829278605 17.429865411482751 81.544250404505874
leaf_count=51 402 119 1806 57 12 167 2399 155 369 13 270 829 569 39 101 68 78 10 52 2858 9 276 35 575 84 43 37 3746 595 2789
internal_value=-3.21769e-05 -0.0263008 -0.0619001 0.000170495 0.00129653 -0.000108069 -0.01838 -0.034703 0.00444262 -0.00589831 -0.00186953 -0.0553538 0.0519062 0.0190558 0.0302235 0.00466241 -0.0265053 -0.0687969 0.0537228 0.00162786 0.0394142 0.0519506 -0.142202 0.0170496 0.040865 -0.0420611 0.0703789 0.0025056 0.00818491 0.000859799
internal_weight=468.228 22.5433 12.3783 5.927 445.685 433.66 86.469 70.1725 347.191 47.0392 46.4132 13.0522 16.2965 33.3609 30.5952 23.7649 16.4958 10.0488 3.79343 337.797 6.44698 12.025 1.65247 10.165 8.46954 2.95934 3.89563 335.254 241.753 224.323
internal_count=18613 2770 2017 211 15843 15165 4641 4060 10524 1661 1648 1021 581 627 357 318 250 163 62 10357 87 678 92 753 178 94 192 9988 6242 5647
is_linear=0
shrinkage=0.1


Tree=75
num_leaves=31
num_cat=0
split_feature=5 1 1 1 1 1 1 0 0 2 0 4 2 6 3 7 0 2 2 6 0 2 3 3 3 5 0 6 8 0
split_gain=1.60921 2.29503 7.77799 7.96556 8.85566 4.9126 7.13156 4.47581 2.81882 2.98429 2.67551 2.6386 7.14984 4.74867 2.53422 2.63622 2.52674 2.39105 3.10223 3.05516 4.71986 4.48822 4.15913 2.3113 3.0899 2.26821 2.14756 2.12862 2.05489 1.89955
threshold=4.0947462087318733 -0.71938040512663537 -0.67229925113587796 -0.67192178118666124 -0.60664499023768459 -0.60660890044052651 -0.59720402125200656 -1.0017234426706227 -1.0082697581629654 -2.6344958719749871 -0.29388809770169805 -0.46199487390717159 -2.5246233575660804 -0.18525325124471173 -1.2414587254405782 -0.52978138065229585 -0.41279158910954689 -4.572868789365935 -2.7534455734585057 -0.18649520262156657 -1.1926157255840713 -3.6097147935279246 -0.045253792925626819 -0.29219125206688407 0.56232519712139017 0.57414672934525945 -1.1991995115458263 -0.11163475006912178 0.70096686624254934 -1.185809821304578
decision_type=2 2 2 2 2 2 2 2 2 2 2 2 2 2 2 2 2 2 2 2 2 2 2 2 2 2 2 2 2 2
left_child=1 7 16 14 -5 8 10 11 9 -6 -7 12 -1 -13 27 -16 -3 -8 19 20 -19 -21 26 -11 -25 -22 -23 -4 -24 -20
right_child=-2 2 3 4 5 6 17 -9 -10 23 -12 13 -14 -15 15 -17 -18 18 29 21 25 22 28 24 -26 -27 -28 -29 -30 -31
leaf_value=0.039074484872118301 0.07004763637572696 0.10264287111345838 -0.11362143292072165 0.10253253379392697 -0.18102480231177534 0.1105380398184876 0.10153242445012037 -0.12744943811380191 -0.14105094568440552 0.038572640455228902 -0.11523207700973906 -0.10185140595556273 -0.12946405829151889 0.12293212228223677 -0.1367658368334175 -0.048545152722423136 -0.10826950076823999 -0.64389775011184935 -0.087087224244338055 0.05899435837250188 -0.18644207048628597 0.10537267378938341 0.068573185991904026 -0.16074264076875433 0.030681242505601437 0.099367591138794106 -0.13556480726597364 0.10228987303118386 -0.09833419640205783 0.0012956286845323306
leaf_weight=5.5667763687670222 3.2547657836694261 9.0986247346736473 0.67507132302853312 8.5175681980326754 1.185351346619427 7.4713746723718941 2.2826030906289807 4.0789975113875689 3.355363983573624 4.2562299738056026 0.56455979077145269 1.3457865057571323 4.5945744029595508 3.1154765840619829 5.8621224386442909 8.0229365482809936 0.60583182814298098 0.1893588671227916 2.4480965383554567 3.9882521135732523 1.0833203859219782 0.39682359993457783 2.4547556480392814 1.8207172419351976 1.5706863929517565 0.3733700735028832 5.4615571985486877 1.4109883251949202 1.0544940531253817 363.69535450630065
leaf_count=137 71 282 113 311 12 158 131 704 253 71 43 117 196 25 272 557 44 7 183 93 32 5 101 37 39 16 89 30 11 14473
internal_value=-1.79205e-05 -0.000517424 0.000947889 -0.00105873 0.00162627 -0.000502981 0.00144363 -0.0348236 -0.0630239 -0.033384 0.0946767 -0.0089855 -0.0371322 0.0551238 -0.0703511 -0.085791 0.089476 -0.000510363 -0.00112148 -0.0456916 -0.174237 -0.0298489 -0.0676738 -0.0105003 -0.0720871 -0.113185 -0.119245 0.0324187 0.0184192 0.000704686
internal_weight=459.802 456.547 437.845 428.141 412.17 403.652 391.464 18.7016 12.1883 8.83298 8.03593 14.6226 10.1614 4.46126 15.9711 13.8851 9.70446 383.428 381.145 15.0019 1.64605 13.3559 9.36763 7.64763 3.3914 1.45669 5.85838 2.08606 3.50925 366.143
internal_count=18613 18542 17363 17037 16065 15754 15342 1179 412 159 201 475 333 142 972 829 326 15141 15010 354 55 299 206 147 76 48 94 143 112 14656
is_linear=0
shrinkage=0.1


Tree=76
num_leaves=31
num_cat=0
split_feature=3 3 0 2 4 3 6 4 1 3 2 6 5 4 3 2 4 5 1 3 4 4 7 6 4 8 6 2 4 2
split_gain=1.54974 1.96397 3.27337 3.57679 7.82144 3.82914 2.85648 2.79752 2.40767 2.16798 1.96431 1.79845 6.22552 3.17587 2.62052 6.6193 9.58064 9.35402 7.15089 5.07812 4.10872 4.01288 7.16529 8.356 6.58639 5.95095 6.67857 4.65919 6.22594 4.11889
threshold=-1.6572036574586306 -1.3516777032021903 -0.87807288807496053 -0.79425037408232713 -0.46725569026698333 -1.5206643888453446 -0.1337683384642063 -0.85870989534752218 0.51481779320560239 -1.3223139056581028 -3.4249745292095723 0.036435180034842952 -0.62798292244711229 -0.82802319547334846 0.90999170938298446 1.0222049598250103 -0.32951460455304088 1.1671599512316921 4.7491303906325104 0.72778343463255857 1.0631922227583026 -0.31273819352209226 -0.52978138065229585 -0.17228717081540298 -0.73130109516528397 0.70096686624254934 -0.15145487198734123 0.78930882595755902 -0.7606507543586517 -2.690769076671641
decision_type=2 2 2 2 2 2 2 2 2 2 2 2 2 2 2 2 2 2 2 2 2 2 2 2 2 2 2 2 2 2
left_child=-1 2 -2 6 -5 -6 -4 10 -7 -9 -3 14 -13 -14 19 16 17 -16 20 21 -18 24 -23 -24 25 26 29 28 -27 -11
right_child=1 7 3 4 5 8 -8 9 -10 11 -12 12 13 -15 15 -17 18 -19 -20 -21 -22 22 23 -25 -26 27 -28 -29 -30 -31
leaf_value=-0.10549588160985729 -0.11315560236102506 0.083857980175814584 -0.078486230954673858 -0.10756480629815889 -0.13609534681319488 -0.10424791419101301 0.085076344453212202 -0.077776443755638081 0.071993630121287608 -1.0383039395878639 -0.12418615297769738 -0.054651658509341589 -0.062871748308092418 0.078351543333804397 -0.095412306898705293 -0.083304683847108346 0.032899060548064553 0.030779020717906336 -0.37985668936086792 0.044965729480739305 -0.11985912785709361 -0.12074708163363174 0.019085097374580348 -0.065202207525308864 0.015622691609435481 -0.10814401628586533 0.021381154686699985 0.034630465788394314 -0.015219512334147768 -0.16724174169540096
leaf_weight=1.3882246359862609 1.6505621558899282 0.53845200687646899 1.1713091182173219 4.7650383506261305 1.0963389066018869 0.83490688074379882 12.0748406353232 3.6237939985294352 10.828365961438974 0.056571613997220882 2.888017487974138 6.4799191609199651 1.8008371019095655 13.757421095942842 17.568317321245562 12.865060051815815 42.749871973559493 8.8246521061810181 0.43707148474641044 25.939701433933806 1.8363859134551592 6.8604439278133205 32.051375956260017 18.580089500974282 159.94253318945994 16.02179525772226 27.998859869956505 5.4221667491365215 13.109864434954945 1.3431436020764547
leaf_count=315 153 17 135 335 202 292 175 140 161 1 783 454 226 256 727 744 1135 270 18 707 293 817 3026 1091 4532 509 770 91 185 53
internal_value=-1.40684e-07 0.000323068 0.0240385 0.0313976 0.00175633 0.042582 0.0706131 -0.00150458 0.0593775 -0.000765629 -0.0914931 -9.09671e-05 0.0277044 0.0620052 -0.00165518 -0.017276 -0.00538142 -0.0532195 0.0226616 0.00262866 0.0266074 -0.00127419 -0.0248407 -0.0118456 0.00477723 -0.0223469 0.0107243 -0.050484 -0.066326 -0.202447
internal_weight=454.506 453.118 32.4214 30.7708 17.5247 12.7596 13.2461 420.696 11.6633 417.27 3.42647 413.646 22.0382 15.5583 391.608 84.2814 71.4163 26.393 45.0233 307.327 44.5863 281.387 57.4919 50.6315 223.895 63.9524 29.3986 34.5538 29.1317 1.39972
internal_count=18613 18298 1453 1300 990 655 310 16845 453 16045 800 15905 936 482 14969 3187 2443 997 1446 11782 1428 11075 4934 4117 6141 1609 824 785 694 54
is_linear=0
shrinkage=0.1


Tree=77
num_leaves=31
num_cat=0
split_feature=1 0 6 5 1 6 1 1 1 4 0 3 6 2 6 4 2 1 4 7 7 1 0 0 2 5 3 6 2 2
split_gain=1.50719 3.11888 1.8935 1.80537 4.22112 6.06425 5.61747 4.98058 6.46938 4.60443 3.94402 3.3038 2.99049 2.24084 2.19273 5.00482 6.86627 3.46916 3.38281 3.37529 3.98264 3.70182 3.23531 4.71911 5.49377 4.12839 3.05675 8.52525 5.54261 4.99937
threshold=-0.72443215334433009 -1.1108910411721331 -0.10935449346505978 1.5814374736916974 -0.67192178118666124 -0.14153335492181982 -0.60664499023768459 -0.60660890044052651 -0.59720402125200656 -0.2262749191185158 -0.95552105334154147 -0.32629745548571615 -0.17057626924663008 -2.3164220174420387 -0.15550612123535626 0.19664918571511222 1.1877823276448758 -0.59668122654870059 -0.70238452214126446 1.3364688167677514 0.40841740954183336 4.8103888629009939 1.6166328323206121 -1.144934439927346 1.0489398633506284 -1.0631327106244004 0.86919128339796436 0.036435180034842952 0.015222741852564801 0.98994056037721689
decision_type=2 2 2 2 2 2 2 2 2 2 2 2 2 2 2 2 2 2 2 2 2 2 2 2 2 2 2 2 2 2
left_child=1 2 -1 4 5 9 -6 11 -9 -2 -5 12 -8 -7 17 16 26 -10 -19 20 21 -20 23 -21 -25 -24 29 -28 -29 -16
right_child=3 -3 -4 10 6 13 7 8 14 -11 -12 -13 -14 -15 15 -17 -18 18 19 22 -22 -23 25 24 -26 -27 27 28 -30 -31
leaf_value=-0.088976028052683939 -0.14384428711694958 -0.15442270197242899 0.10249543822921975 0.037593169227357316 0.10155626255913608 0.063962161419409178 0.051750091052845296 0.096599452489596005 -0.12454771922277375 0.051270335918907201 -0.081141512651521128 -0.12961560872646963 -0.088466468376338162 -0.056529153487770968 0.0038491974131138413 0.080781510573827139 -0.12699990152259008 -0.089030175501490019 0.00070529248669030117 0.059636193833000985 0.10114949961255147 -0.15404360394885216 -0.66308001775064707 -0.13114715247944012 0.0029903922550702615 0.047975450336884294 -0.042703289663726988 -0.18210108695286709 0.064856824752293263 0.050784225851277134
leaf_weight=0.88940450074733268 6.9137339162407434 1.8905960624106217 1.2317987727001307 25.770418650645301 5.4588364167138925 4.0987059983890504 3.0360434874601196 6.9942014976986675 2.634710685175377 1.4659164262557158 3.1382784282759522 4.7763538400322414 3.0481800124107394 2.4757934796507461 156.09347299770161 8.4351479837205243 4.0311911948811021 5.0254370575130443 96.210325253588962 2.6494351053406779 3.9093762123957267 1.5710649390239257 0.083241954445838817 9.1041959856229351 4.5940051889920133 4.2783806629595338 36.549634111172054 0.97478428957401675 13.425907631331937 26.555426844206522
leaf_count=54 337 537 38 792 264 84 115 195 146 291 360 192 81 159 4623 178 424 156 5665 88 182 36 1 1239 204 131 1145 74 440 382
internal_value=-1.02403e-05 -0.0610282 0.0222129 0.00054196 -0.00114359 -0.0533053 0.000809236 -0.000586675 0.00130637 -0.109711 0.0247035 -0.0673662 -0.018498 0.0185881 -0.000465637 0.00508538 0.0023984 -0.0109678 -0.00861938 -0.00531791 0.00217596 -0.00178108 -0.0421159 -0.0625319 -0.0861611 0.0344049 0.00463141 -0.0170271 0.0481402 0.0106731
internal_weight=447.314 4.0118 2.1212 443.302 414.394 14.9541 399.439 393.981 383.12 8.37965 28.9087 10.8606 6.08422 6.5745 376.126 246.066 237.63 130.06 127.425 122.4 101.691 97.7814 20.7093 16.3476 13.6982 4.36162 233.599 50.9503 14.4007 182.649
internal_count=18613 629 92 17984 16832 871 15961 15697 15309 628 1152 388 196 243 15114 7266 7088 7848 7702 7546 5883 5701 1663 1531 1443 132 6664 1659 514 5005
is_linear=0
shrinkage=0.1


Tree=78
num_leaves=31
num_cat=0
split_feature=3 3 4 0 2 4 6 3 3 0 7 5 0 1 2 0 3 2 6 5 0 7 6 1 6 4 0 1 2 2
split_gain=1.39415 1.57245 2.57467 2.55366 3.51745 5.31421 2.59825 2.45442 1.68986 4.66898 3.68736 3.52221 4.62932 3.86859 4.05375 3.43111 3.41698 4.49171 3.57611 3.20117 3.69128 4.26588 3.19427 3.57171 3.16905 5.78145 5.30638 7.14719 5.84361 4.48186
threshold=-1.6572036574586306 -1.417882779076679 -0.85870989534752218 -0.80302439984806984 -0.86913560523263844 -0.24496057564674142 -0.13291053387518989 -1.5008381051197188 -0.25742702713976245 1.3564472331823039 1.3364688167677514 -1.0061083479962596 0.95706513052795839 4.1854000107223843 0.81524761879657437 0.57089149689591678 1.0597588665960931 0.96418711779104171 -0.1337683384642063 -0.96818026603078555 1.8154464538279889 -0.52978138065229585 -0.10690831771003854 4.8103888629009939 -0.11537618770595108 -0.72751562511385715 -0.84487238292441458 -0.67192178118666124 1.0395226280391798 1.2440099465934131
decision_type=2 2 2 2 2 2 2 2 2 2 2 2 2 2 2 2 2 2 2 2 2 2 2 2 2 2 2 2 2 2
left_child=-1 3 -3 -2 6 -6 -5 -7 9 24 22 12 13 -10 15 -15 -14 18 -18 20 21 -13 23 -11 25 -4 27 -27 -28 -30
right_child=1 2 8 4 5 7 -8 -9 11 10 -12 19 16 14 -16 -17 17 -19 -20 -21 -22 -23 -24 -25 -26 26 28 -29 29 -31
leaf_value=-0.10504734198564475 -0.11068006656449861 -0.092076428305240071 -0.099689508576965472 -0.13339462548954892 -0.070921550309536605 -0.12875343851804466 0.088752003129572432 0.08337901105439037 -0.12557238111617317 0.0076078031423468242 -0.16389821639172353 0.10442784798267853 0.075023727973400123 -0.077098547986619428 0.051812926462411583 -0.56135310063142951 0.0941115964834041 -0.27179484945036553 -0.2039924373420243 0.0025932294755513932 0.024822593401528145 -0.11464567427045412 -0.11761585143140299 -0.30232618127901717 0.018709407122560567 -0.08835899724341871 -0.073869931050022306 0.031482901083453529 0.06616973780324821 -0.24395275437501615
leaf_weight=1.2598729508026725 1.3012377748382302 3.0891540222801259 7.3547258804173898 0.5569131360898617 5.8980281161493648 0.60569174222473687 9.64263505022973 5.4814842088671787 2.6990258271689545 8.4949223413132096 2.8681065006530835 1.011706762947141 19.396130459615964 0.66744033957365889 5.1733676269650459 0.18739489931613207 1.7502242056652908 0.65416476223617781 0.52256455598398965 238.89834253692243 4.4430539136519647 7.319615220243576 3.6004590139928032 0.38884390657767731 42.614297069318127 5.7669484556972739 17.351862088165948 36.303749334634631 5.5562857795448499 0.5086684415291528
leaf_count=315 159 814 213 83 364 219 138 181 55 285 160 18 561 20 125 3 45 9 19 9489 91 161 218 4 1040 369 2122 1199 79 55
internal_value=-3.36912e-06 0.000297335 -0.00112186 0.0254727 0.0334587 -0.00327416 0.0766224 0.0622712 -0.000442418 -0.00984037 -0.0616505 0.00390578 0.0356827 -0.0260712 0.0184788 -0.183256 0.0598255 -0.0408894 0.0255709 -1.47236e-05 -0.048787 -0.0880427 -0.0381602 -0.00595806 -0.00295115 -0.015623 -0.00618176 0.0150553 -0.0443363 0.0401597
internal_weight=441.367 440.107 416.621 23.486 22.1848 11.9852 10.1995 6.08718 413.532 130.809 15.3523 282.723 31.0503 8.72723 6.0282 0.854835 22.3231 2.92695 2.27279 251.673 12.7744 8.33132 12.4842 8.88377 115.457 72.8422 65.4875 42.0707 23.4168 6.06495
internal_count=18613 18298 17154 1144 985 764 221 400 16340 5744 667 10596 837 203 148 23 634 73 64 9759 270 179 507 289 5077 4037 3824 1568 2256 134
is_linear=0
shrinkage=0.1


Tree=79
num_leaves=31
num_cat=0
split_feature=3 3 2 5 1 1 1 0 5 3 0 0 0 2 2 6 5 4 3 0 3 2 2 6 4 4 2 1 2 4
split_gain=1.38957 1.54088 2.33294 1.5091 1.80722 7.10429 6.08335 3.81391 2.27065 2.90768 2.97924 2.66917 2.21435 2.55873 2.95353 4.53993 4.45367 2.49778 2.59544 2.31116 2.43055 9.7348 6.85061 5.57612 9.72733 5.41304 3.7879 3.32209 3.03154 3.93658
threshold=1.9539305894731429 1.8903121226405915 0.14108638530786827 4.0947462087318733 -0.71938040512663537 -0.67229925113587796 -0.67212610876496492 -1.0017234426706227 1.2111497229110839 1.6206905537647123 -1.185809821304578 -0.68596616887489603 -1.1996307170998908 -2.7534455734585057 -3.6097147935279246 -0.17228717081540298 0.27222375153026013 -0.27352566735835804 0.084032132049273955 -1.185809821304578 0.93977347116508991 1.0146785080891798 0.015222741852564801 0.036435180034842952 -0.33815644398648276 0.83023841011750188 0.56522311589498553 4.7491303906325104 0.91105318558183856 0.43757760746056701
decision_type=2 2 2 2 2 2 2 2 2 2 2 2 2 2 2 2 2 2 2 2 2 2 2 2 2 2 2 2 2 2
left_child=1 3 -3 4 7 -6 -7 -1 12 10 -10 -12 -8 14 17 -16 -17 -14 -19 -15 -21 22 -22 24 -24 27 -25 28 29 -26
right_child=-2 2 -4 -5 5 6 8 -9 9 -11 11 -13 13 19 15 16 -18 18 -20 20 21 -23 23 26 25 -27 -28 -29 -30 -31
leaf_value=-0.0085040758749364963 -0.10669445961495061 0.11737856130240881 -0.12358141668848593 0.070726697880644548 0.09167930258118169 -0.090830591132123717 0.091283783444218031 -0.12656695285668793 -0.16941635114957304 -0.17793112988765172 0.077430338272835686 -0.11481679543451964 0.038263328833651647 -0.096693693895216801 -0.1512675233457359 -0.10656393449829221 0.044572565863340352 -0.32301841590191516 0.0020466000815266591 0.0051329455044504778 -0.12667702260330094 -0.10944837851170147 -0.084327526106807923 0.083733256111635679 -0.026027032223031123 -0.12087655743971309 -0.11302486515280666 -0.3046483568874061 0.071996903188543349 0.066610683011469177
leaf_weight=13.20798084048147 1.2172902173624596 2.2723827265435825 0.48811176361050446 2.9809449735912485 8.3958592996932548 7.4426226436917196 2.5859090210869899 3.451103983417851 0.5731881961110038 0.57138767668220758 10.54733009805204 0.77528373395034478 6.0867139501497149 2.4391403140762113 4.1957235775043964 3.5074062357307385 4.3903100085444748 0.41611740551889187 0.59948362805880606 286.49459857013426 4.0708025737549169 9.5469100249320018 12.408632992825003 11.40549101209035 12.259547437570296 2.5687007881060699 1.0702505505905708 0.2939790328964581 12.287581084587144 7.3297047242522231
leaf_count=475 221 24 33 63 325 618 111 704 42 48 276 134 210 156 85 71 167 5 19 12005 345 668 473 247 431 271 108 8 129 141
internal_value=-1.30681e-06 0.000297491 0.0747719 -0.00017851 -0.000671291 0.000633543 -0.00125918 -0.032962 0.00042247 0.0424228 0.053007 0.0642668 -0.000941291 -0.00156663 -0.0371458 -0.0672061 -0.0225477 0.0140393 -0.131141 0.000319111 0.000976893 -0.0152801 -0.00116562 0.00740364 -0.00832738 0.0188192 0.0668541 0.0299733 0.0330593 0.00863519
internal_weight=435.88 434.663 2.76049 431.903 428.922 412.263 403.867 16.6591 396.424 12.4672 11.8958 11.3226 383.957 381.371 19.1958 12.0934 7.89772 7.10231 1.0156 362.175 359.736 73.2416 63.6947 59.6239 47.1481 34.7395 12.4757 32.1708 31.8768 19.5893
internal_count=18613 18392 57 18335 18272 17093 16768 1179 16150 500 452 410 15650 15539 557 323 238 234 24 14982 14826 2821 2153 1808 1453 980 355 709 701 572
is_linear=0
shrinkage=0.1


Tree=80
num_leaves=31
num_cat=0
split_feature=7 3 7 4 5 1 6 6 1 2 2 4 0 0 5 4 3 0 2 6 5 1 4 4 1 3 3 2 5 0
split_gain=1.35958 2.2363 3.27763 1.72977 4.82958 6.46899 4.67438 4.42155 3.83826 4.93925 4.18042 4.06282 3.40832 3.21301 7.30579 7.55333 5.13468 4.76199 4.65548 4.60297 3.90786 4.04571 4.44217 3.71736 3.66915 4.39505 4.0851 5.4777 3.45267 3.29482
threshold=-1.4821352249473769 -1.229772554055431 -3.3036991036206245 -0.59456432257254799 -0.7926187645365782 4.1854000107223843 -0.17270027265010554 -0.12712029026033322 0.40308083222934993 0.33724368624009599 1.1521362288330823 -0.31273819352209226 1.7643911403841201 0.18459079674695572 -1.0061083479962596 -0.25075336981709589 1.3007385896528281 1.4116358480641524 0.95205744300812112 -0.1711657367378514 -0.58936934314146605 -0.23724763311822328 0.222002863649193 -0.50672484905360216 1.5591296134441566 0.56232519712139017 0.94963518784369561 0.85958694037085781 -1.0411702581193145 -0.9958715954689138
decision_type=2 2 2 2 2 2 2 2 2 2 2 2 2 2 2 2 2 2 2 2 2 2 2 2 2 2 2 2 2 2
left_child=1 -1 -3 4 5 -2 -6 13 11 -10 -11 -9 -8 19 15 17 23 28 -18 20 -5 29 -23 -16 -25 -26 -27 -28 -15 -22
right_child=3 2 -4 7 6 -7 12 8 9 10 -12 -13 -14 14 16 -17 18 -19 -20 -21 21 22 -24 24 25 26 27 -29 -30 -31
leaf_value=0.1066656099763079 -0.091018260812044019 -0.10237754207236638 0.069547028280191742 -0.10109759539646433 -0.089960385441858345 0.035363083642482598 0.0027202267999679353 -0.073317048041961472 -0.10820219160964813 0.052741963874322909 -0.17662241720980726 0.091400469149387056 -0.10292293062030954 -0.17189006294154502 0.093388138814305036 0.032070170656437129 0.03975997464646408 -0.39338609315491979 -0.11331405160445324 0.047866986164662992 0.0048608568975975694 -0.11252710039190324 0.097761622766465439 -0.10026941822075804 -0.17063815086700962 0.054104955318161986 0.024713449874561252 -0.16837745204685917 0.029666702261825075 -0.055735860812947638
leaf_weight=3.1351294670021161 14.068521997920472 1.9208276548888532 2.623283331282436 3.8260978280595728 5.8873506689269552 5.6875087108637663 161.56607446651469 6.1532845832989551 2.1082225204445413 42.988209328264929 0.80960159638197993 1.9790496572386453 3.1127589269308364 1.7010834916727622 1.4312792499549676 32.688032645615749 10.327282124315387 0.53027201746590424 2.4601293666637494 23.952093133033486 48.519134351139655 1.1691043674945811 7.1359879999654368 18.438340643304404 1.9388550975127135 5.5127479603979719 3.1406089258380234 2.7605826305225492 1.6984547568717963 11.008822486510324
leaf_count=66 977 42 107 740 255 81 5180 346 175 629 28 47 190 16 16 849 301 8 196 1121 2020 144 188 2098 53 67 67 34 40 2532
internal_value=-2.53291e-06 0.0416972 -0.0031267 -0.000760276 -0.00782815 -0.0546347 -0.00240673 0.00503096 0.0300882 0.0413056 0.0485022 -0.0332321 0.00072336 -0.00256589 -0.0170085 0.0163226 -0.0435357 -0.114665 0.0103106 0.0099155 -0.00276979 0.00277635 0.0681594 -0.0642614 -0.0713589 -0.0314376 -0.00779202 -0.0656146 -0.0711896 -0.00634562
internal_weight=430.279 7.67924 4.54411 422.599 190.322 19.756 170.566 232.277 54.0384 45.906 43.7978 8.13233 164.679 178.239 82.6277 36.6178 46.0098 3.92981 12.7874 95.6112 71.6591 67.833 8.30509 33.2224 31.7911 13.3528 11.4139 5.90119 3.39954 59.528
internal_count=18613 215 149 18398 6683 1058 5625 11715 1225 832 657 393 5370 10490 3745 913 2832 64 497 6745 5624 4884 332 2335 2319 221 168 101 56 4552
is_linear=0
shrinkage=0.1


Tree=81
num_leaves=31
num_cat=0
split_feature=7 7 6 4 3 0 3 2 5 4 1 6 0 4 5 0 3 2 6 2 6 2 2 1 7 7 5 2 0 4
split_gain=1.33196 15.2168 3.14527 3.36494 5.53129 5.90209 6.78274 5.35009 9.48017 4.07196 4.03285 3.75346 5.74449 4.40571 3.70839 7.83964 4.7564 9.74704 4.86042 3.74654 2.93207 2.6858 3.23644 2.54904 2.3089 9.27882 7.51235 5.02239 10.5892 9.75197
threshold=1.3364688167677514 0.40841740954183336 -0.0052908135339026965 -0.44540232649100514 0.83226221974420922 0.72144994357795622 0.5723912205048941 0.98994056037721689 -0.15947683414854694 -0.6228668300844199 -0.5698400121927677 -0.08859979683910954 -1.0218073363587477 -0.81768043621142916 -0.99307328876407996 -1.144934439927346 0.52476947529804285 1.0395226280391798 -0.11537618770595108 1.2440099465934131 -0.17495733100272645 -2.2659210844552038 -0.30712701902004513 3.4411073354398236 0.40714536059099543 -0.51959946746971752 -0.55354184798357953 0.18291914924294014 0.42741267957333406 -0.67371769195805242
decision_type=2 2 2 2 2 2 2 2 2 2 2 2 2 2 2 2 2 2 2 2 2 2 2 2 2 2 2 2 2 2
left_child=1 24 3 4 5 6 7 8 -2 -9 11 12 20 -14 16 -16 17 18 -5 -19 -10 -13 -23 -18 25 -1 27 29 -29 -26
right_child=2 -3 -4 14 -6 -7 -8 9 10 -11 -12 21 13 -15 15 -17 23 19 -20 -21 -22 22 -24 -25 26 -27 -28 28 -30 -31
leaf_value=-0.00065110680516742203 -0.13541841339362332 0.10227650301906346 -0.10375374785570415 -0.19887781001041602 -0.1185772129287255 0.076931828053440024 -0.16835134773223595 -0.1307272720675077 -0.13258043536897318 0.099486873471537382 0.084340881340706622 -0.22097949205693423 -0.51489131410081757 -0.13105976081287113 0.068876649876405807 -0.11404219836291862 -0.16985193518640759 0.054371532076954679 0.070794755295400844 -0.23334201511519806 0.025857557346040852 0.11134579179212303 -0.14462106237572828 0.054247290501736545 0.070204728098131816 0.10498602147376213 -0.085974543314185192 -0.11572034176803919 0.0039528924541570084 -0.095829672523672499
leaf_weight=232.46254906394461 5.1773492350766857 14.724879633169619 3.5002120211865977 4.1606808734650258 3.1755875720846225 12.462491191108709 2.3195849768235339 0.85320650661014941 1.494980034651231 7.7220814812462759 6.0830856456887075 0.32131971418857563 0.36710043996572483 1.6130513827083639 3.0326968777808352 10.303223586866805 0.53475302504375477 5.8022354100830853 0.79624830401735547 0.49088531953748304 5.3409359935321854 3.8464253094280139 0.56675341926165757 9.9852734533487801 17.347862927155806 8.6234022444114071 13.027757076713895 9.505313834291881 33.285333820269443 4.4436229342536526
leaf_count=9534 292 596 488 119 280 195 86 36 54 60 223 2 4 105 102 1738 7 60 22 7 125 88 25 255 162 217 2386 460 458 427
internal_value=-2.32289e-05 0.0028901 -0.0108221 -0.0070595 0.00925419 0.0176817 -0.00299848 0.00848977 -0.0150444 0.0765815 0.016698 -0.0136681 -0.052237 -0.202218 -0.0309189 -0.072445 -0.00548089 -0.0506811 -0.155559 0.0319289 -0.00879203 0.0581506 0.0784738 0.0428559 -0.00170191 0.00312743 -0.0167037 -0.00273007 -0.0226308 0.0363477
internal_weight=423.371 333.421 89.9502 86.4499 51.344 48.1684 35.7059 33.3863 24.811 8.57529 19.6337 13.5506 8.81607 1.98015 35.106 13.3359 21.7701 11.25 4.95693 6.29312 6.83592 4.7345 4.41318 10.52 318.696 241.086 77.6099 64.5821 42.7906 21.7915
internal_count=18613 14240 4373 3885 1575 1295 1100 1014 918 96 626 403 288 109 2310 1840 470 208 141 67 179 115 113 262 13644 9751 3893 1507 918 589
is_linear=0
shrinkage=0.1


Tree=82
num_leaves=31
num_cat=0
split_feature=3 3 8 0 2 3 6 2 4 0 2 4 5 0 3 1 8 1 4 6 2 8 6 3 2 0 2 8 3 4
split_gain=1.21153 1.37021 2.19765 2.0811 2.23403 4.92259 2.13445 2.08009 2.06082 2.01813 1.79873 1.44936 5.23611 5.31046 3.58159 3.69064 4.95041 3.44838 4.89393 3.3404 5.82329 3.27638 3.06792 4.17856 3.53554 3.01913 3.65588 4.48346 3.96801 2.92388
threshold=-1.6572036574586306 -1.417882779076679 -0.20243956668854807 -0.80302439984806984 -0.86913560523263844 -1.4439945610137424 -0.13291053387518989 1.0594597032535551 -0.85870989534752218 0.63337626408854242 -3.4249745292095723 -0.73130109516528397 -0.042318636051281416 -1.1243419779971224 0.98050898591689628 -0.58815063176830773 0.70096686624254934 -0.58904393497432161 -0.82481580357197382 -0.11770330046311152 1.1521362288330823 -0.37133351249373114 -0.072962943761588878 -0.85507857257877751 0.81524761879657437 -0.99447756517574148 0.66366075069276786 0.70096686624254934 0.22165268112770983 -0.71350723708666453
decision_type=2 2 2 2 2 2 2 2 2 2 2 2 2 2 2 2 2 2 2 2 2 2 2 2 2 2 2 2 2 2
left_child=-1 2 -2 -4 6 7 -5 -6 10 -9 -3 12 22 -14 15 16 17 -15 -19 20 -16 -17 24 -24 -10 -23 27 28 -27 -13
right_child=1 8 3 4 5 -7 -8 9 11 -11 -12 29 13 14 19 21 -18 18 -20 -21 -22 25 23 -25 -26 26 -28 -29 -30 -31
leaf_value=-0.10451029677717363 -0.092247614434999126 0.082477992651631027 -0.10946922611164521 -0.13385839272230901 -0.10309928787426442 0.094095135218982981 0.086755941434466174 -0.12745459060779687 -0.11492525089777782 0.074267111066456171 -0.12414918345229792 0.048821644864425293 -0.091916141343207552 0.036607509805947298 -0.21809636266734592 -0.11288290073358759 -0.095500624544070337 -0.39325787305677795 -0.034078721168624711 0.093331552764520265 0.10850711925794042 0.086764085700562557 0.038786007409959494 -0.053104716459225612 0.10747084124576406 0.10472071321169617 0.089254360059043331 -0.11298189450642621 -0.29191720508695623 0.00073978488559974312
leaf_weight=1.1066021195874771 1.4909663229482273 0.51573366485536132 0.96732696524122985 0.46138751531543754 3.3121751276776239 3.8982617217261462 8.8601659135893041 0.68709470719477428 7.8916215177741815 1.7828419282450338 2.3008656260717535 13.231631097893112 5.002607552567496 10.481485259719191 1.0264658466912799 1.4211512033944007 7.00294911241508 0.42861514538526568 3.3001134480582541 8.9472510056075389 1.1660968879004938 8.8425407097674942 7.1115737686341189 16.270438828360057 0.78602574340766285 2.2691597510129253 3.3648097722325474 3.5638994419132359 0.28376361727714527 286.36396603024332
leaf_count=315 244 17 140 68 369 78 137 66 206 42 797 282 228 312 22 89 317 4 66 160 16 181 197 872 27 41 31 99 6 13184
internal_value=-1.67084e-05 0.000263252 0.0248664 0.0336105 0.0408942 0.00724742 0.0758362 -0.0513047 -0.00108513 0.0181515 -0.0863147 -0.000467627 -0.0116602 0.00649812 0.0159481 0.00227418 -0.0266865 0.00722587 -0.0753662 0.0662239 -0.0443949 0.0333877 -0.0440017 -0.0251564 -0.0947805 0.0447319 0.00553284 -0.0405216 0.0606334 0.00286332
internal_weight=414.14 413.033 21.4602 19.9693 19.0019 9.68037 9.32155 5.78211 391.573 2.46994 2.8166 388.756 89.1606 57.1009 52.0983 40.9585 21.2132 14.2102 3.72873 11.1398 2.19256 19.7453 32.0597 23.382 8.67765 18.3242 9.48163 6.11682 2.55292 299.596
internal_count=18613 18298 1144 900 760 555 205 477 17154 108 814 16340 2874 1572 1344 1146 699 382 70 198 38 447 1302 1069 233 358 177 146 47 13466
is_linear=0
shrinkage=0.1


Tree=83
num_leaves=31
num_cat=0
split_feature=2 5 5 6 1 6 4 6 0 2 6 6 3 2 6 1 1 1 1 1 2 0 1 1 1 1 2 0 3 3
split_gain=1.20759 1.56301 1.87557 2.95739 1.48241 1.32179 1.33337 4.82384 3.23882 2.53743 2.38074 2.37248 2.03766 4.20515 3.0465 1.92854 12.024 6.34877 7.31848 5.67158 5.42304 5.18596 4.93105 6.73815 3.61042 6.07435 5.92719 4.54396 4.1244 3.36359
threshold=-4.1874568006805015 0.30157874968163689 0.76637898719865816 -0.18757106813794813 -0.60238715968441936 -0.18937342861424647 0.19664918571511222 -0.15285385643326399 -0.56331440280488743 1.2579663796267733 -0.18596963026104099 -0.1837504902229006 1.7179744745737098 0.08813114714765323 -0.038045440302545613 -0.50225133925713228 -0.56628467509495317 -0.5766445095825059 -0.58815063176830773 -0.5017368998571976 -1.773721612803149 -1.0765766370537309 -0.57647010697579926 -0.57029740603007417 -0.58904393497432161 -0.59496684497988894 -2.3164220174420387 -0.94656836693572888 -0.41661476350576926 1.2012865025887132
decision_type=2 2 2 2 2 2 2 2 2 2 2 2 2 2 2 2 2 2 2 2 2 2 2 2 2 2 2 2 2 2
left_child=1 -1 3 -3 -5 -2 9 8 10 12 -8 -10 15 14 -14 16 17 18 24 -17 21 -21 -19 -24 25 27 28 29 -26 -7
right_child=5 2 -4 4 -6 6 7 -9 11 -11 -12 -13 13 -15 -16 19 -18 22 -20 20 -22 -23 23 -25 26 -27 -28 -29 -30 -31
leaf_value=0.10129191685259452 -0.089373804598317147 -0.43906488298914365 0.10319679848811732 -0.18409639027195759 0.10089756450539836 0.0029570482456634222 -0.1010246366315317 0.10581092350848048 -0.10464266127581096 -0.10151274077975872 0.16159958621312753 0.0038232124751186058 -0.11326655288399201 -0.14265377346813621 0.09931013601031749 -0.09009811731866943 0.085039112142032636 -0.12146554542154187 0.096608881881672548 -0.011804471323666722 0.00038897354698034007 -0.15425274812949108 0.080268836894070925 -0.071716295457200319 -0.14250381757597569 0.1119658486970246 -0.12095572852808414 -0.055006557691549676 0.064739061412303345 0.082122353493569361
leaf_weight=2.6020306516438714 1.6689637136696536 0.2159140333533287 0.68698310386389494 0.31504914164543152 0.4338563880883155 51.615699570917052 0.4157589475216813 5.1978244842030099 2.1063761618643175 2.5705988961926769 2.0332483649253836 47.303807976481039 1.0366132160415875 3.0211588714300888 1.9281777048890933 7.8711140946543301 17.824812132981606 7.1028550584596841 8.4008043955545855 5.8703951663337648 186.39475461325492 4.5262910386081767 4.5379211477993531 8.1665297435247304 1.2200579983182249 5.1324518769979468 6.111596737202488 12.64668695149158 4.5101952143013477 5.9898487218597429
leaf_count=163 1387 3 24 2 30 1702 257 93 1055 467 4 2034 85 301 45 298 504 381 190 140 7003 157 124 433 16 107 216 1163 105 124
internal_value=-7.55235e-06 0.0529956 -0.023084 -0.113 -0.0189935 -0.000563979 -0.000196675 0.0139684 0.00476301 -0.00252933 0.117015 -0.000800732 -0.00178946 -0.0596239 0.0249846 -0.00076498 0.00859718 -0.00320658 0.00746671 -0.00686085 -0.00353159 -0.0738206 -0.054736 -0.0174285 -0.00111859 0.0069449 -0.0524504 -0.000727665 0.0206139 0.0111887
internal_weight=409.458 4.25383 1.6518 0.96482 0.748906 405.205 403.536 57.057 51.8592 346.479 2.44901 49.4102 343.908 5.98595 2.96479 337.922 133.259 115.435 95.6273 204.663 196.791 10.3967 19.8073 12.7045 87.2265 75.3847 11.8418 70.2522 5.73025 57.6055
internal_count=18613 222 59 35 32 18391 17004 3443 3350 13561 261 3089 13094 431 130 12663 5065 4561 3623 7598 7300 297 938 557 3433 3096 337 2989 121 1826
is_linear=0
shrinkage=0.1


Tree=84
num_leaves=31
num_cat=0
split_feature=7 7 1 5 3 4 2 3 5 2 0 0 1 2 0 0 3 3 6 5 2 5 3 6 2 3 8 8 6 2
split_gain=1.16746 13.771 2.65181 3.77531 4.75465 3.1692 3.11254 5.34154 4.20452 3.13427 3.00255 3.19993 2.75177 2.42137 3.22361 7.09632 4.76187 4.66085 3.86256 3.67453 3.03324 3.1279 3.86791 2.68809 2.53213 2.52212 4.59846 2.40911 2.4071 2.13566
threshold=1.3364688167677514 0.40841740954183336 4.6798726737269014 -1.0578658948646391 -1.3516777032021903 -0.14391629026790168 1.0995133689836238 0.50607052051752877 -1.0369923723968844 1.1877823276448758 1.3918623803261392 2.2600053591888565 4.1854000107223843 -2.9652812865580542 -0.99447756517574148 0.75558369297867867 0.53479043578603525 1.0597588665960931 -0.1337683384642063 -0.99307328876407996 0.99836583012520286 -0.15947683414854694 0.27256275594499996 -0.1368442216984668 0.59781248308283175 0.37263683144208842 0.70096686624254934 0.70096686624254934 -0.13291053387518989 0.8237347511426657
decision_type=2 2 2 2 2 2 2 2 2 2 2 2 2 2 2 2 2 2 2 2 2 2 2 2 2 2 2 2 2 2
left_child=1 -1 3 4 -2 10 8 9 12 -8 -4 -12 -5 -10 -15 20 -17 24 19 29 21 -16 27 -22 -18 26 -24 -23 -20 -19
right_child=2 -3 5 6 -6 -7 7 -9 13 -11 11 -13 -14 14 15 16 17 18 28 -21 23 22 25 -25 -26 -27 -28 -29 -30 -31
leaf_value=-0.0015804455926587951 0.021963657197598158 0.10208689168775131 0.090607105858974787 -0.1578720335823918 -0.16715925154635305 -0.32206790013953634 0.083223796018222815 -0.12940687648758961 -0.15917459503502773 -0.11619071414387945 -0.015663093912719743 -0.65101436079254749 -0.69588928868674782 0.023725325676572546 -0.12559106386130042 -0.094290161007484885 -0.10355636032762301 0.097582213423208775 -0.47638988571022423 -0.1109918129785773 -0.14064506121865636 0.090428008635803747 -1.4373950557512423 0.078610340520308339 0.077494285884964278 -0.11974875539408335 -0.10070031142932812 -0.11043263643018203 -0.11980389789502251 -0.22618171051055513
leaf_weight=306.70667129979847 2.1611791753675789 13.372624572366474 5.0812243712134659 1.0708827127236862 3.4535944854433174 0.2140683401375999 9.0617411735583993 1.6307702458725533 1.1363444696616998 0.86326016606472045 0.27565168676665042 0.11126875516492873 0.10432592360302795 17.741361619133379 9.9249497852215374 3.7090153721073902 0.82740507551352749 2.8376610353589062 0.21404638141394006 1.6457698482554439 0.76670974241278633 2.2998972767964214 0.042073771357536205 2.06572191719897 11.636234774428884 1.4642078414690329 0.066279245336772874 0.80652909874333989 1.6378433812933426 0.21949914190918196
leaf_count=13644 29 596 77 50 57 10 100 235 22 97 16 8 6 711 1282 346 99 65 2 87 77 65 1 42 190 225 38 258 172 6
internal_value=9.23132e-06 0.00275068 -0.010554 -0.0153954 -0.0943641 0.0553825 -0.0092177 0.03832 -0.0183403 0.0658791 0.0701591 -0.198374 -0.205633 -0.0146123 -0.0117754 -0.0274569 0.00936035 0.0295745 -0.0386888 0.00948166 -0.0754464 -0.0938148 -0.0264117 0.0192602 0.0654751 -0.154199 -0.619743 0.0382781 -0.161019 0.0743365
internal_weight=403.149 320.079 83.0695 77.3873 5.61477 5.68221 71.7725 11.5558 60.2168 9.925 5.46814 0.38692 1.17521 59.0415 57.9052 40.1638 22.7275 19.0185 6.55482 4.70293 17.4364 14.6039 4.67899 2.83243 12.4636 1.57256 0.108353 3.10643 1.85189 3.05716
internal_count=18613 14240 4373 4262 86 111 4176 432 3744 197 101 24 56 3688 3666 2955 967 621 332 158 1988 1869 587 119 289 264 39 323 174 71
is_linear=0
shrinkage=0.1


Tree=85
num_leaves=31
num_cat=0
split_feature=7 3 2 8 4 3 0 6 4 7 2 5 5 2 2 2 6 2 1 3 7 4 3 6 0 1 0 2 1 5
split_gain=1.12365 1.92222 3.05752 2.03464 1.28247 4.43166 5.73133 6.15436 3.96231 3.53227 4.70225 2.91154 2.65221 2.89302 3.27497 3.13373 2.62096 2.4144 2.35674 2.24714 4.47805 4.86675 3.63614 2.528 10.9021 5.13722 7.10147 4.41942 6.22135 3.92337
threshold=-1.4821352249473769 -1.229772554055431 0.015222741852564801 -0.26417357545147085 -0.7606507543586517 1.0257868031979849 -0.21462144805893216 -0.067124164667530642 -0.85402780845736481 -1.2813430147797169 0.48656290563104659 1.5228079309516778 0.088181047766446627 -3.0559415652982591 -2.2659210844552038 -0.67837128655616785 -0.10070882006647548 0.85111078208881696 0.36402895199065671 1.3537106529654157 -0.52978138065229585 -0.53489656686565679 1.3243046657067017 -0.15476881427321296 -0.90422263886126009 -0.20430138714625892 -0.35540681270223923 -0.52559624767123747 -0.12516983879970014 -0.37547400530655611
decision_type=2 2 2 2 2 2 2 2 2 2 2 2 2 2 2 2 2 2 2 2 2 2 2 2 2 2 2 2 2 2
left_child=1 -1 3 -3 5 6 7 9 -9 10 -2 12 17 -14 -15 -16 -13 -11 -7 22 21 -21 23 27 -25 26 -26 29 -29 -6
right_child=4 2 -4 -5 19 18 -8 8 -10 11 -12 16 13 14 15 -17 -18 -19 -20 20 -22 -23 -24 24 25 -27 -28 28 -30 -31
leaf_value=0.10452549624563741 -0.12498403574647568 -0.15973623755875987 0.064776979112279739 0.10073103240692215 -0.083562857288819681 0.051417437784947242 -0.11465254569789828 -0.028895788621089453 0.069908007649271839 -0.098349399530463635 0.010213451975122252 -0.1837264234322486 -0.14040163510122317 0.10091883330654566 -0.087143473729301049 0.043070884510457215 0.10050965034753792 0.11840393296533445 -0.11378466700876472 -0.093984298485039419 -0.088017270827051977 0.046796647340671689 0.087769642869949385 0.1063523158015791 -0.0035363452956734273 0.014629973722062437 -0.10837869228417732 -0.089113982431462846 -0.010589708853656869 0.013053799532780656
leaf_weight=2.7696879488648847 8.2525836654240248 1.3917326001683248 2.7499243554193527 0.38228014018386502 4.443024773070646 12.039190273164419 6.363599824217089 6.3937238788057611 11.11442700281623 3.7875223361479646 3.7377433917717999 1.6360471512889492 1.0317740924656416 4.6007442278787511 2.9350545442139282 4.9909308802743819 0.40465671019046467 0.59457161236787204 0.93026169208315046 3.394610875286161 8.0804566333245003 8.8767332710558566 5.1085208972799583 11.229238740983417 26.091983349106158 110.29845177367679 8.5868033943697792 13.012004994634479 44.925373354140902 77.787648087771231
leaf_count=66 218 42 79 28 669 425 899 544 427 148 55 59 10 184 78 205 24 14 157 47 989 150 57 293 583 2731 762 3752 2155 2763
internal_value=2.60911e-05 0.0389151 -0.00125352 -0.103608 -0.00069999 -0.0130912 -0.0253211 -0.0138322 0.0338263 -0.0399307 -0.0828389 -0.0141824 -0.00130815 0.0205503 0.0338073 -0.00514851 -0.127364 -0.0689399 0.039568 0.00194942 -0.0302115 0.00785254 0.00412046 0.00267863 0.0114273 0.00407489 -0.0294963 -0.00707112 -0.0282253 0.00783348
internal_weight=397.941 7.29363 4.52394 1.77401 390.648 68.8128 55.8434 49.4798 17.5082 31.9716 11.9903 19.9813 17.9406 13.5585 12.5267 7.92599 2.0407 4.38209 12.9695 321.835 20.3518 12.2713 301.483 296.375 156.206 144.977 34.6788 140.168 57.9374 82.2307
internal_count=18613 215 149 70 18398 3447 2865 1966 971 995 273 722 639 477 467 283 83 162 582 14951 1186 197 13765 13708 4369 4076 1345 9339 5907 3432
is_linear=0
shrinkage=0.1


Tree=86
num_leaves=31
num_cat=0
split_feature=2 5 1 4 6 4 6 0 2 1 3 6 1 0 5 2 3 0 2 6 0 6 4 0 3 2 1 0 4 6
split_gain=1.14562 1.36831 1.54953 2.16363 1.1294 1.15237 3.55282 3.80193 2.88806 2.18023 1.90519 1.90396 1.8074 5.50432 2.69524 4.01434 2.58513 2.93183 2.32092 1.94579 3.63295 1.7928 5.30149 5.27526 2.96634 2.75433 3.48407 2.67468 5.85906 4.59424
threshold=-4.1874568006805015 0.30157874968163689 -0.58904393497432161 -0.30716313398208783 -0.18993281629524467 0.11925219634933722 -0.15285385643326399 -0.56331440280488743 1.2579663796267733 -0.37085865707199445 1.7877565047142536 -0.1837504902229006 4.5812578980448722 2.2600053591888565 -1.0224772176451455 1.1417684575580085 0.6925982219271718 0.11998438698711615 0.63098617928142586 -0.15078434929642612 1.2551046220659612 -0.17270027265010554 -0.61390672715457517 -0.98759457156219288 -0.96805294009146092 -2.690769076671641 -0.40577566516555708 -1.0219064819371269 -0.75335609894463229 -0.12082087564153081
decision_type=2 2 2 2 2 2 2 2 2 2 2 2 2 2 2 2 2 2 2 2 2 2 2 2 2 2 2 2 2 2
left_child=1 -1 -3 -4 -2 8 7 9 10 -7 12 -9 14 19 15 16 17 -6 -15 20 -14 22 -16 24 -24 -26 -27 28 29 -23
right_child=4 2 3 -5 5 6 -8 11 -10 -11 -12 -13 13 18 21 -17 -18 -19 -20 -21 -22 27 23 -25 25 26 -28 -29 -30 -31
leaf_value=0.10114186265450596 -0.10261906411034026 0.035804200309513569 0.10094758233740674 -0.39857401028659534 0.054945834589504167 -0.1006692279015778 0.083465383876139262 -0.10354326622185379 -0.12195327340555573 0.14842987963972878 -0.095772551728507627 0.0013875630408612216 0.00904573524304517 -0.10503477008041467 -0.13394543543360768 0.075341073308136913 0.075308011555151558 -0.10813185899027283 -0.58405868953423024 0.073009269913626787 -0.6236490042629963 -0.055875960952457775 -0.11467687243038693 -0.10696563954648741 -0.049937546541897915 0.024047642560681037 -0.12579556894259974 -0.0017241702648453869 0.059767219057189083 0.040120943648793664
leaf_weight=2.3881797282956536 1.0808899985931919 1.1827930216677485 0.14366719499230385 0.21872261911630619 1.2629094664298453 0.40734861986857174 6.3119547500973558 1.7930134380148945 2.0147204107925054 2.5565884880779768 2.1455776704387963 48.605731508672761 0.44495368329808016 0.23158044298179525 3.606801353627815 2.2429751907475284 1.0827456954866637 8.6754915095807501 0.17957755550742149 7.965827617561442 0.11400892189703882 11.360802139970476 2.0955665412038789 4.9380075797016607 7.1510869475896461 36.555926713990623 1.6205055280006551 199.93033249572181 23.336508055072045 8.8838392933394044
leaf_count=163 1159 45 12 2 55 392 143 1103 450 52 266 2223 26 15 173 30 33 216 2 190 6 344 139 1090 157 1142 110 7798 691 386
internal_value=3.81127e-06 0.0536995 -0.0196257 -0.200542 -0.000542508 -0.00025631 0.0125193 0.00412752 -0.00259605 0.114195 -0.00185345 -0.00234551 -0.00122702 0.0431174 -0.00249406 -0.0466053 -0.0714232 -0.087409 -0.314253 0.0603537 -0.120002 -0.000540353 -0.0166792 -0.00860155 0.00164078 0.00701833 0.0176871 0.00316895 0.0256164 -0.0137502
internal_weight=390.529 3.93336 1.54518 0.36239 386.595 385.514 59.6746 53.3627 325.84 2.96394 323.825 50.3987 321.679 8.93595 312.743 13.2641 11.0211 9.9384 0.411158 8.52479 0.558963 299.479 55.9679 52.3611 47.4231 45.3275 38.1764 243.511 43.5811 20.2446
internal_count=18613 222 59 14 18391 17232 3913 3770 13319 444 12869 3326 12603 239 12364 334 304 271 17 222 32 12030 2811 2638 1548 1409 1252 9219 1421 730
is_linear=0
shrinkage=0.1


Tree=87
num_leaves=31
num_cat=0
split_feature=7 3 2 8 4 6 5 1 0 6 5 2 0 0 5 2 2 1 1 3 0 6 1 4 8 3 3 1 3 3
split_gain=1.05835 1.68916 2.66884 1.76585 1.15335 4.86513 5.02404 3.71025 3.42271 2.92437 2.92326 10.4167 3.86069 2.7618 2.55087 4.97982 5.71036 6.26104 4.43016 3.61229 6.93677 6.08607 2.93347 3.31607 2.92792 4.40535 2.82004 2.80264 2.47983 2.46753
threshold=-1.4821352249473769 -1.229772554055431 0.015222741852564801 -0.26417357545147085 -0.6228668300844199 -0.17270027265010554 -0.7926187645365782 4.1854000107223843 1.7643911403841201 -0.014376251029381027 -0.66220298028804792 0.23794110774618774 -0.28295432544471488 0.59223404210527675 0.13635214330741932 -2.2659210844552038 -1.1410430598654222 0.2799534667682318 -0.60660890044052651 -0.3917402386887428 -1.0765766370537309 -0.15217393324014278 -0.59673775744318724 -0.63099685199063205 -0.37133351249373114 1.411281914855685 1.5869216785277866 -0.60664499023768459 -1.5206643888453446 0.93977347116508991
decision_type=2 2 2 2 2 2 2 2 2 2 2 2 2 2 2 2 2 2 2 2 2 2 2 2 2 2 2 2 2 2
left_child=1 -1 3 -3 5 -2 7 -7 10 28 11 12 -8 -14 15 27 19 26 24 -17 -21 -22 23 -20 -16 -26 -18 -12 -6 -30
right_child=4 2 -4 -5 9 6 8 -9 -10 -11 14 -13 13 -15 18 16 17 -19 22 20 21 -23 -24 -25 25 -27 -28 -29 29 -31
leaf_value=0.10320260872964671 -0.13031652064074342 -0.15828481252625742 0.062156567621973018 0.10063629325259692 -0.11984659174363577 -0.097350882429814545 -0.1148019932075539 0.014033411598275381 -0.12335845693336833 0.11046396599477973 0.10010403231291667 -0.11746222233744258 0.10300176936293413 -0.11485924878346321 0.020136892233268779 0.039964626790033791 -0.078026710232690102 0.071360159732841086 0.12913692954203126 0.088235427805103864 -0.64956326873563663 -0.12716128975897986 0.020619100308399897 -0.32039976846524232 -0.078717129849342482 0.077858563796909253 0.052390832086811473 -0.12819996947116008 0.0097154733024758366 -0.015090223594893199
leaf_weight=2.5626806766958907 3.1460214708786216 1.2334722669911569 2.6016681637847796 0.33492251043207844 1.6380516735080153 9.4761935855640314 0.96034573353244823 4.369571670977165 2.1820158081391119 2.549019373022019 0.59806557907722879 3.3473090750339898 12.539708781376248 0.61019536594540191 8.5195089095068397 21.858498142246393 18.078352000178718 3.9777251751656868 3.8625410433160141 1.5236271148314702 0.25822892412543286 1.6352233753132157 40.522740147578588 0.17137463483959336 11.610290168624486 2.1259682200034158 1.8254084754516942 5.3271589708165257 164.17769619717001 53.062126914715918
leaf_count=66 172 42 79 28 488 863 59 76 169 27 25 250 111 50 435 361 1241 88 113 27 4 53 1228 5 608 53 63 109 9286 2434
internal_value=7.08221e-06 0.0393081 4.22527e-05 -0.102994 -0.00068933 -0.00720082 -0.00470806 -0.0621992 0.000916081 0.00397244 0.00286201 0.0411337 0.0787566 0.0928924 -0.0026192 -0.0185513 -0.0081123 -0.0431761 0.0105158 0.0250175 -0.0705969 -0.198406 0.0287147 0.110039 -0.025919 -0.0544838 -0.0660659 -0.105156 0.00273225 0.00365653
internal_weight=386.686 6.73274 4.17006 1.56839 379.953 158.526 155.38 13.8458 141.534 221.427 139.352 17.4576 14.1102 13.1499 121.895 55.0823 49.1571 23.8815 66.8124 25.2756 3.41708 1.89345 44.5567 4.03392 22.2558 13.7363 19.9038 5.92522 218.878 217.24
internal_count=18613 215 149 70 18398 6163 5991 939 5052 12235 4883 470 220 161 4413 1971 1837 1392 2442 445 84 57 1346 118 1096 661 1304 134 12208 11720
is_linear=0
shrinkage=0.1


Tree=88
num_leaves=31
num_cat=0
split_feature=0 2 2 4 3 0 2 4 4 4 0 3 1 0 3 4 1 1 6 2 6 6 1 3 2 5 2 5 6 1
split_gain=1.02124 2.04541 2.03321 2.31238 1.09163 2.06582 1.82423 4.54526 1.93906 1.67949 1.72835 3.40261 3.75284 3.03809 3.03675 2.73694 3.17957 2.887 2.56813 2.68593 2.51508 2.61248 3.23165 2.40445 4.10396 2.68882 2.10484 1.97602 1.9368 2.31384
threshold=4.177029144917026 1.0701754312763285 1.2970570350590986 2.4055226074116747 -1.417882779076679 -0.80302439984806984 -0.72472395507058773 -0.27847409113402782 -0.70972358457911799 -0.85870989534752218 1.3771458106446219 -0.16784439136733034 3.3079773135481108 1.2748672830851373 1.7179744745737098 -0.40144308895446285 0.51481779320560239 -0.29721304154446759 -0.054536973789028706 0.015222741852564801 -0.10690831771003854 -0.11429541011345881 2.9995721923299277 1.3243046657067017 0.024873093360088083 -0.64095310225731972 1.0222049598250103 -1.0331724905373898 -0.17596117042563847 1.5591296134441566
decision_type=2 2 2 2 2 2 2 2 2 2 2 2 2 2 2 2 2 2 2 2 2 2 2 2 2 2 2 2 2 2
left_child=2 -2 3 4 5 -1 8 -8 -7 -6 13 12 20 14 23 16 17 -13 -19 -20 21 22 -12 -11 -25 -26 -14 -18 -17 -30
right_child=1 -3 -4 -5 9 6 7 -9 -10 10 11 15 26 -15 -16 28 27 18 19 -21 -22 -23 -24 24 25 -27 -28 -29 29 -31
leaf_value=-0.10661061010662019 -0.24916797182743144 0.071835920571982945 -0.077591218149833135 -0.14911899645843893 -0.085218443388909229 0.077150897652710243 -0.071896933028869084 0.070173362556833194 -0.12394812089786052 3.2392623115579809e-05 -0.1216833086124614 -0.16039223584864218 -0.098646187631701368 0.06602558322686429 -0.12277887829247501 -0.10644135788797489 -0.48805825941756364 -0.10375140565175167 -0.12369419196111781 0.073441496229553205 -0.11350959769957281 0.086252139884941126 0.0667688899989623 -0.13596980084448215 -0.10676916579046598 0.065336146435823139 -0.30663433411174507 -0.10081936471128235 -0.011837660892636145 0.040047564240352447
leaf_weight=1.1360208988844558 0.21085257455706541 3.388328555971384 3.3895950068617813 1.0341391437141272 2.3314606660860582 8.1423059274966345 4.3872422043496071 4.6267962491110604 0.50948368480385831 266.89375978395401 2.4148599087639004 1.073473142518196 1.0984844691411115 7.4753050830331622 1.9544162522070099 1.3751240945421148 0.13597138598561187 1.4417655545403247 0.8046552801388297 4.899061319505563 2.992531651412718 2.1759302355349068 1.4601752234157173 1.2284945964929672 0.97078310576034788 13.983525627845662 0.87345796823501576 4.2696989645046415 16.87683821664541 17.515027503599413
leaf_count=217 5 86 598 537 797 163 424 425 95 12129 249 42 45 227 275 27 7 47 20 107 270 37 26 93 85 436 9 220 454 461
internal_value=1.50467e-05 0.0530304 -0.000490455 0.000208165 0.000622122 0.0241026 0.0325083 0.00102602 0.0653086 -0.000624125 -6.3679e-05 -0.0156143 -0.0657758 0.00309459 0.00144415 -0.00419592 -0.0442254 -0.00748255 0.0154892 0.0456305 -0.0385201 -0.00143369 -0.0506715 0.00230181 0.0397299 0.0541637 -0.190773 -0.112771 0.00993323 0.0145864
internal_weight=381.07 3.59918 377.47 374.081 373.047 18.8018 17.6658 9.01404 8.65179 354.245 351.913 59.4071 11.0154 292.506 285.031 48.3916 12.6246 8.21896 7.14548 5.70372 9.0435 6.05097 3.87504 283.077 16.1828 14.9543 1.97194 4.40567 35.767 34.3919
internal_count=18613 91 18522 17924 17387 1324 1107 849 258 16063 15266 2021 636 13245 13018 1385 443 216 174 127 582 312 275 12743 614 521 54 227 942 915
is_linear=0
shrinkage=0.1


Tree=89
num_leaves=31
num_cat=0
split_feature=2 5 0 6 4 6 5 1 2 2 1 4 3 2 3 2 1 1 1 6 3 5 7 3 2 6 6 2 8 6
split_gain=1.01885 1.26114 3.97589 0.999063 0.997106 3.58535 2.2546 6.65411 3.75511 3.61165 3.0473 2.26557 1.86929 5.45616 2.15398 3.69222 2.71136 2.70614 2.29951 3.24651 1.93936 5.67239 1.77444 1.74037 1.64552 1.59558 2.02111 1.48922 3.05985 1.48442
threshold=-4.1874568006805015 0.30157874968163689 -1.1991995115458263 -0.18993281629524467 0.19664918571511222 -0.15285385643326399 -0.58936934314146605 2.7767979894106927 0.95739157709940537 0.67108171330716482 -0.46807267276629383 0.88876367133521705 1.1470368741952168 0.79623496424560503 -0.18672165665992718 0.85111078208881696 3.833552147990317 4.8103888629009939 3.182190976330288 -0.15990122433601675 -0.5165928614379135 -1.0631327106244004 0.40714536059099543 1.8903121226405915 1.2579663796267733 -0.18043110173624174 -0.1796587335104603 0.91105318558183856 -1.4090686737950684 -0.12468975181754056
decision_type=2 2 2 2 2 2 2 2 2 2 2 2 2 2 2 2 2 2 2 2 2 2 2 2 2 2 2 2 2 2
left_child=1 -1 -3 -2 24 6 7 -6 10 -9 23 22 14 -14 15 -11 -17 20 19 -16 -18 -22 25 -8 29 -12 -27 28 -28 -5
right_child=3 2 -4 4 5 -7 8 9 -10 12 11 -13 13 -15 18 16 17 -19 -20 -21 21 -23 -24 -25 -26 26 27 -29 -30 -31
leaf_value=0.10107355149893898 -0.1024865514342272 -0.71036883786707217 0.020165346678420723 -0.0080975474069124882 -0.10293334244604216 0.10022922677320478 -0.12603899366434632 -0.15622920472497173 -0.10683863822368873 0.086812986838266049 0.13339663715893821 -0.10187485165552844 0.089525671488723535 -0.19082553846393052 -0.16856919602919188 -0.11539634216152433 0.09288502412035686 -0.28740856133628084 0.080303757327244429 0.11196899226968982 -0.36364219845321522 0.1033446303439855 -0.10239677084524666 0.12257346963302396 -0.089985685631253434 -0.12678669375962112 -0.060310907629246374 0.1219549620916506 0.094068176136575019 0.0056356369214162344
leaf_weight=2.1742669150698926 0.95816539302177162 0.07861918956041325 1.4217097894288597 170.91894175155903 6.3455667550879324 4.2755508380942038 1.4125609891452793 1.2156824800185884 1.7404443284794968 3.0831845980137658 3.8780133067048146 0.7915559639513966 1.3332026574062177 1.4483461767667902 0.95007705967873335 3.0266561815515161 2.1923445295542487 0.27650010585784901 9.3797278022393566 0.72904882393777082 0.41225866600871086 0.70478609576821305 0.55925916158594269 0.35167859902139742 2.1288925305416333 0.561701700091361 2.036100041354072 3.3024343028664589 3.475173709332013 145.88745586289588
leaf_count=163 1159 1 58 7522 985 93 801 60 354 61 49 392 34 23 14 40 55 2 334 6 6 14 172 3 469 7 59 14 48 5615
internal_value=9.88176e-06 0.0524089 -0.0181156 -0.000505806 -0.000243427 0.0123924 0.00476024 -0.0115744 0.0328107 0.0118471 0.0476595 0.0626561 0.0205286 -0.0564526 0.0308456 -0.00355991 -0.0456974 0.0131317 0.0610103 -0.0467641 0.0382419 -0.0690024 0.0720848 -0.0764813 -0.00236231 0.0794474 0.057132 0.0688533 0.0370339 -0.0017735
internal_weight=377.05 3.6746 1.50033 373.375 372.417 53.4819 49.2063 31.0974 18.1089 24.7518 16.3685 14.6042 23.5361 2.78155 20.7546 9.69573 6.61255 3.58589 11.0589 1.67913 3.30939 1.11704 13.8127 1.76424 318.935 13.2534 9.37541 8.81371 5.51127 316.806
internal_count=18613 222 59 18391 17232 3626 3533 1634 1899 649 1545 741 589 57 532 178 117 77 354 20 75 20 349 804 13606 177 128 121 107 13137
is_linear=0
shrinkage=0.1


Tree=90
num_leaves=31
num_cat=0
split_feature=5 1 6 1 1 1 7 0 3 4 6 6 4 6 4 3 2 0 2 2 3 2 5 3 2 6 5 5 3 6
split_gain=1.04992 3.62931 4.58158 4.33823 3.35456 4.73674 3.34683 2.62871 2.40526 2.22081 3.15847 2.72945 2.2156 2.21408 2.00088 1.88879 3.12876 1.65217 1.57303 1.54391 1.53139 1.53095 1.61749 1.47866 1.47438 1.4279 2.98519 3.06721 4.18501 3.8887
threshold=1.5814374736916974 -0.67192178118666124 -0.1311444689366576 -0.60664499023768459 -0.60660890044052651 -0.59720402125200656 1.0833584358385411 -0.86460936854810611 -0.32629745548571615 -0.76432544701794558 -0.12906564453470434 -0.18649520262156657 -0.84953000479238572 -0.17057626924663008 -0.32248071396089778 1.411281914855685 -3.0559415652982591 -0.29388809770169805 -2.0237580263441477 -4.572868789365935 0.16241288290253397 -2.3164220174420387 0.38873499700877301 1.3900648283606978 -3.4249745292095723 -0.15550612123535626 0.32973415272385748 -0.50238472798640355 1.5374809172096071 0.04623129024106485
decision_type=2 2 2 2 2 2 2 2 2 2 2 2 2 2 2 2 2 2 2 2 2 2 2 2 2 2 2 2 2 2
left_child=1 2 6 -3 8 17 20 9 13 10 -2 -11 -4 -5 -8 16 -12 -6 -15 -7 -1 24 -23 -18 -14 -21 27 28 -27 -29
right_child=7 3 12 4 5 19 14 -9 -10 11 15 -13 21 18 -16 -17 23 -19 -20 25 -22 22 -24 -25 -26 26 -28 29 -30 -31
leaf_value=-0.14521053302927606 -0.16216247331266659 0.10131823208814816 -0.19930053541013903 0.049311008098325018 0.10751438953439421 0.10097482334098672 -0.11671926994046034 -0.10704861052708736 -0.11571255478380971 -0.073046130302595547 0.088428669351666989 0.056794279837134198 -0.20248214385689939 -0.14893502742305123 0.097613681813362607 0.1010122887053494 -0.085107402252422582 -0.11081436368750389 0.0044118921547100605 -0.010245227202846884 0.10296488783898253 0.10391385291447891 -0.1228959844011499 -0.45599895802178153 0.094986853602912619 0.010163213376733518 0.033513167155898263 -0.035614039663563898 -0.101318596776658 0.040153822581430187
leaf_weight=5.9659466464254347 1.3116273019986691 4.2216522512026122 0.41705714990530385 2.6955786176040419 5.153877021279186 1.4903006544336665 0.69362473109504197 1.5551155904831819 4.1997888729347306 1.7903089681785846 1.3753339815884826 16.923530265354199 0.17614574078470502 1.4637984973378482 1.1706578654666371 1.6210248135321306 2.0395088700170234 0.37159237256855604 1.2319050194055305 109.68958018724152 0.25945054489420716 0.47559240550617576 0.92784089726774255 0.11347245358047064 3.0810377653688192 122.90775270211452 29.178033539072203 39.568289821530925 3.4622037954322868 8.1730002949261671
leaf_count=684 47 264 70 115 154 131 43 486 192 222 69 609 2 20 65 48 117 41 61 7724 5 14 90 3 78 3924 901 1536 309 589
internal_value=2.98509e-05 -0.00144132 -0.052936 0.000589937 -0.000700289 0.00104632 -0.0996691 0.0191268 -0.0589739 0.0269209 -0.0236273 0.0443728 0.0215187 -0.0147746 0.017869 0.0116601 -0.0293913 0.0928316 -0.0788573 -0.000566418 -0.134868 0.0412787 -0.0460352 -0.104655 0.0789 -0.00104992 0.00391162 -0.00104908 0.00710891 -0.0226431
internal_weight=373.705 346.975 13.1674 333.807 329.586 319.995 8.08968 26.7299 9.59107 25.1748 6.46097 18.7138 5.07767 5.39128 1.86428 5.14934 3.52832 5.52547 2.6957 314.469 6.2254 4.66062 1.40343 2.15298 3.25718 312.979 203.289 174.111 126.37 47.7413
internal_count=18613 17012 1051 15961 15697 15309 797 1601 388 1115 284 831 254 196 108 237 189 195 81 15114 689 184 104 120 80 14983 7259 6358 4233 2125
is_linear=0
shrinkage=0.1


Tree=91
num_leaves=31
num_cat=0
split_feature=7 3 7 2 3 2 4 3 1 6 4 1 5 5 2 2 5 0 2 2 2 2 5 3 3 1 6 3 4 2
split_gain=0.947704 1.44573 2.23938 1.35575 1.7532 1.35375 1.20027 2.94697 3.56417 4.81025 3.61503 3.07561 2.98793 3.32884 2.78752 2.70358 2.58725 2.44842 2.22886 2.11198 2.8633 3.45833 2.54516 2.3919 3.03116 3.55358 1.94674 2.95092 8.7117 8.60848
threshold=-1.4821352249473769 -1.229772554055431 -3.3036991036206245 0.22869771099896205 -1.0000000180025095e-35 -1.0000000180025095e-35 -0.76432544701794558 1.411281914855685 -0.25165891505610216 -0.072962943761588878 -0.81768043621142916 4.0496387133475249 0.088181047766446627 1.5228079309516778 -0.4311273690598999 -2.1659721721873377 1.7153565597010323 -0.6515432242062813 0.015222741852564801 -3.2500711436464589 -2.6344958719749871 -0.67837128655616785 0.23256524247728647 -0.004065871650704273 0.49281900010103746 -0.57660276427770907 0.036435180034842952 0.9898931039172173 -0.32951460455304088 1.006799290224849
decision_type=2 2 2 2 2 2 2 2 2 2 2 2 2 2 2 2 2 2 2 2 2 2 2 2 2 2 2 2 2 2
left_child=1 -1 3 4 -3 -6 7 8 9 12 14 -10 -2 19 15 16 17 -11 -9 -14 -21 22 -22 -23 -25 -26 27 -8 -29 -30
right_child=6 2 -4 -5 5 -7 26 18 11 10 -12 -13 13 -15 -16 -17 -18 -19 -20 20 21 23 -24 24 25 -27 -28 28 29 -31
leaf_value=0.10131276503305216 -0.11025981448446237 -0.29388182469024404 0.072074973428221376 0.05228530102976784 -0.16611166132909613 0.10135117537612721 0.0055775579465562174 -0.1214409572353785 -0.10736262967589714 -0.16465292558334738 0.089015043649214143 0.048780452239091804 -0.16484647246542905 -0.11017908072031246 -0.12140454859287518 0.058288777386135915 0.094154721887240167 0.030182833433457814 0.065501453627212269 0.074039670598960841 0.016492082709528458 -0.14946314209774508 -0.13993365992670989 0.077635769650103575 0.045662216807831578 -0.18456763938461779 0.071967699632896384 -0.08994249201636656 0.022600233494297742 -0.11489094537128811
leaf_weight=2.3175885935779661 4.6130038956616763 0.45986901392461721 2.049704499426297 0.52677844185382117 0.42448004987090815 0.34147104062140032 247.07298026237186 0.70809913816628878 7.1939212506840686 1.8597163194790487 6.5553699101728915 1.5297442984883671 0.7893165946006836 3.5734478706435757 1.7203910243915732 6.0137337404812579 0.94137373380362976 0.98744763911235822 6.4218909643132065 4.2394761792384186 1.5420691875333528 0.78663032347686446 3.1957592874823604 5.2721643307013153 1.5813307880598588 1.1638243907364083 3.9193844533656366 13.443463682539003 33.003540425124811 5.2827451782613926
leaf_count=66 162 9 107 14 7 12 12341 63 951 62 166 28 8 133 461 418 51 38 280 185 37 61 73 132 42 23 137 901 1220 425
internal_value=3.27789e-05 0.0390573 0.00111128 -0.0818824 -0.139539 -0.0468732 -0.000624401 -0.0134598 -0.0214999 -0.0101209 0.0297282 -0.0799821 -0.0370444 -0.0217923 -0.00400073 0.0166047 -0.0495624 -0.0970804 0.0469357 -0.00478445 0.00232076 -0.020132 -0.0890202 0.01694 0.0332669 -0.0519451 0.00194879 0.00103036 -0.0206881 0.00362919
internal_weight=369.531 6.11989 3.8023 1.7526 1.22582 0.765951 363.411 60.6887 53.5587 44.8351 18.078 8.72367 26.757 22.144 11.5227 9.80227 3.78854 2.84716 7.12999 18.5706 17.7813 13.5418 4.73783 8.80395 8.01732 2.74516 302.722 298.803 51.7297 38.2863
internal_count=18613 215 149 42 28 19 18398 3374 3031 2052 1196 979 856 694 1030 569 151 100 343 561 553 368 110 258 197 65 15024 14887 2546 1645
is_linear=0
shrinkage=0.1


Tree=92
num_leaves=31
num_cat=0
split_feature=5 1 6 1 7 1 1 0 3 4 6 4 4 6 6 1 3 2 0 2 2 1 1 1 2 0 5 6 3 6
split_gain=0.992587 3.19133 3.92627 3.8356 2.91327 2.69485 4.21868 2.30318 2.00112 1.86888 1.82311 1.72984 1.66674 2.71036 2.27225 1.58903 1.45635 2.29965 1.44757 1.39988 1.38914 1.43773 11.1852 5.60293 3.30103 5.42144 3.12261 4.42344 3.48753 3.76353
threshold=1.5814374736916974 -0.67192178118666124 -0.1311444689366576 -0.60664499023768459 1.0833584358385411 -0.60660890044052651 -0.59720402125200656 -0.86460936854810611 -0.32629745548571615 -0.84953000479238572 -0.17057626924663008 -0.32248071396089778 -0.76432544701794558 -0.12906564453470434 -0.18649520262156657 -0.71956730441790462 1.411281914855685 -3.0559415652982591 -0.29388809770169805 -2.0237580263441477 -4.572868789365935 -0.56971361179821256 -0.50650858130711873 -0.57019086337089109 -1.5709092421989219 -1.0765766370537309 0.41932382889641934 -0.10550625351282593 1.1470368741952168 -0.15693931941659742
decision_type=2 2 2 2 2 2 2 2 2 2 2 2 2 2 2 2 2 2 2 2 2 2 2 2 2 2 2 2 2 2
left_child=1 2 4 -3 -1 8 18 12 10 -4 -5 -6 13 15 -14 -2 17 -15 -7 -12 -8 23 -23 26 25 -24 -22 28 29 -28
right_child=7 3 9 5 11 6 20 -9 -10 -11 19 -13 14 16 -16 -17 -18 -19 -20 -21 21 22 24 -25 -26 -27 27 -29 -30 -31
leaf_value=-0.13036652425863196 -0.51955597791588415 0.10118559304980812 -0.19073574715144204 0.045048332647940073 -0.11427127274416807 0.10678210972372104 0.10087788994880512 -0.10604602675161873 -0.10802711158427272 0.041210720978942877 -0.14246534160348578 0.093204273951786321 -0.066300931459930143 0.086679336132693283 0.052955166632697698 -0.12030257170641545 0.097444957022461712 -0.087104141188620074 -0.10885862837036786 0.005843942892505373 -0.044324340248025035 0.089106260550564503 0.0019772701702196246 -0.12852628611446712 0.000325163973295895 -0.10461357387420389 -0.0092918168695842306 -0.097429179866833415 -0.15735801256974263 0.06925350869269617
leaf_weight=5.7820345858926885 0.11053324805106957 3.7361451881006351 0.37924758350709442 2.6264725491346326 0.63304619969130715 4.6308490729425102 1.342271139146759 1.3901284626554105 3.9389189161374798 4.1341343626481812 1.3697511297650637 1.1003725230475536 1.7705780598844345 1.2010196214541791 16.363360157760322 1.0157835087447891 1.4292117873847017 2.0805236559681428 0.33373322065744915 1.188792222557822 14.51870431060888 13.904734389274379 11.458111835541787 4.1194276720270855 227.16679769075927 8.1770349819125823 11.104708551378284 3.2473476535524268 0.99224660780237073 13.536735185305588
leaf_count=689 15 264 70 115 43 154 131 486 192 184 20 65 222 69 609 32 48 120 41 61 814 494 294 531 11376 360 559 178 96 281
internal_value=1.04118e-05 -0.00141546 -0.0520024 0.000443167 -0.0962767 -0.000719758 0.000834356 0.0190937 -0.0542953 0.0217209 -0.0134766 0.017434 0.0263508 -0.0201263 0.0413111 -0.159484 0.0131934 -0.0235007 0.0922861 -0.0735555 -0.000632267 -0.00107433 0.0018415 -0.0170716 -0.00307496 -0.0424124 -0.0064925 0.0125258 0.0264552 0.0338569
internal_weight=364.783 339.422 12.0288 327.393 7.51545 323.657 314.533 25.3611 9.12393 4.51338 5.18502 1.73342 23.971 5.83707 18.1339 1.12632 4.71076 3.28154 4.96458 2.55854 309.568 308.226 260.707 47.5192 246.802 19.6351 43.3997 28.881 25.6337 24.6414
internal_count=18613 17012 1051 15961 797 15697 15309 1601 388 254 196 108 1115 284 831 47 237 189 195 81 15114 14983 12524 2459 12030 654 1928 1114 936 840
is_linear=0
shrinkage=0.1


Tree=93
num_leaves=31
num_cat=0
split_feature=0 2 2 4 0 2 6 7 2 5 6 5 4 3 4 2 6 1 3 3 1 3 3 5 1 2 1 3 6 3
split_gain=0.895097 1.60516 1.35894 1.81952 0.973297 0.892352 2.90287 4.06094 2.70289 6.16826 3.63705 3.55884 6.41881 3.41777 3.23356 3.246 4.29913 4.65241 3.19934 3.16455 2.95289 3.51794 2.93058 2.84811 2.84274 2.78212 2.67244 3.5317 4.50788 6.68552
threshold=4.177029144917026 1.0146785080891798 1.2970570350590986 2.4055226074116747 3.039480138735565 0.72208134843245919 -0.045726986962341225 -0.52978138065229585 0.17086254479003724 -0.7926187645365782 -0.14228712972949883 -0.66220298028804792 -0.66498011612783492 1.0257868031979849 0.11925219634933722 -1.0065196827834335 0.0048825011449326007 -0.50225133925713228 1.7179744745737098 0.60802629062801172 -0.56628467509495317 0.52476947529804285 0.36068302891302706 -0.28132980869080676 -0.47099831661749142 0.015222741852564801 4.6798726737269014 0.72778343463255857 -0.10838660614855744 0.37263683144208842
decision_type=2 2 2 2 2 2 2 2 2 2 2 2 2 2 2 2 2 2 2 2 2 2 2 2 2 2 2 2 2 2
left_child=2 -2 3 5 -4 8 -7 -8 9 -1 13 12 -11 -10 15 19 17 20 26 -13 21 -17 -22 -16 -25 -18 27 28 29 -12
right_child=1 -3 4 -5 -6 6 7 -9 10 11 18 14 -14 -15 23 16 25 -19 -20 -21 22 -23 -24 24 -26 -27 -28 -29 -30 -31
leaf_value=-0.098375077516308349 -0.2099966332139771 0.07062150295849122 -0.10792425144128809 -0.14192676922692335 0.01136360146013439 0.011436322046531069 0.06902596835522283 -0.12543204901418822 -0.11403862938236092 0.085259312759472419 0.036275484564016532 0.0089911845959006181 -0.10980574857959176 -0.013120922074758385 -0.10275811004695774 -0.087317863148114641 -0.066433964981785873 -0.10190811081282698 -0.15626527343993249 -0.12365154231840592 0.1067796441189629 0.017452190029316167 -0.19369101050590826 -0.10169920141476391 0.1161529285548151 0.08058107126268782 0.078129179773189963 0.020546277432852061 -0.086817756498103943 -0.1421007237235393
leaf_weight=5.7786880444182307 0.21834775246679727 3.0677281962707639 1.9967369883052006 0.89952199020626622 1.0403859727084637 105.95173665016773 1.5458532859338445 3.5177830168468054 7.1831225747046101 11.355380470849921 10.756560010457177 119.67973030440044 1.9812543728839944 6.2985025974121527 0.85015265750189417 6.482274153640903 1.7355552638546203 9.6943693037610519 1.4159499849192787 1.8260861369635666 2.8140461255097757 6.3389148898277199 0.36692597670480598 0.67207582721130155 5.5074802292801897 4.9829855989228236 3.6785975736565879 19.748306195484474 10.208569184520458 2.6112480535521163
leaf_count=942 4 87 582 537 16 3583 21 542 1689 193 315 3574 389 377 386 873 310 926 108 72 91 314 9 796 246 171 79 617 677 87
internal_value=2.29748e-05 0.0519755 -0.000455341 0.000116294 -0.0670614 0.000478269 0.00790124 -0.0660669 -0.00292742 0.00326939 -0.0209536 0.00663953 0.056281 -0.0668907 0.00252616 -0.000502947 -0.0286187 -0.0472403 -0.00816307 0.00699772 -0.0141217 -0.0355186 0.0721203 0.0688507 0.0924598 0.0426037 -0.00370157 -0.0106496 -0.0367803 0.00143174
internal_weight=360.205 3.28608 356.919 353.882 3.03712 352.982 111.015 5.06364 241.967 180.066 61.9009 174.287 13.3366 13.4816 160.951 153.921 32.4151 25.6965 48.4192 121.506 16.0022 12.8212 3.18097 7.02971 6.17956 6.71854 47.0033 43.3247 23.5764 13.3678
internal_count=18613 91 18522 17924 598 17387 4146 563 13241 9292 3949 8350 582 2066 7768 6340 2694 2213 1883 3646 1287 1187 100 1428 1042 481 1775 1696 1079 402
is_linear=0
shrinkage=0.1


Tree=94
num_leaves=31
num_cat=0
split_feature=7 3 2 5 2 8 5 1 1 6 7 1 1 0 0 4 2 1 4 3 2 4 6 4 0 3 0 7 3 3
split_gain=0.963258 1.21468 1.91611 14.1252 1.44824 1.15953 0.9821 2.90756 3.22207 3.15337 2.48445 2.18888 3.82197 1.94581 1.78082 1.69042 1.67733 1.50922 1.50511 1.49533 1.48121 2.24468 2.58222 2.46217 1.98156 1.90949 1.61592 1.48071 1.7369 1.43324
threshold=-1.4821352249473769 -1.229772554055431 0.22869771099896205 -1.0159792538667787 0.015222741852564801 -0.26417357545147085 1.5814374736916974 -0.67192178118666124 -0.60664499023768459 -0.1311444689366576 1.0833584358385411 -0.60660890044052651 -0.59720402125200656 -0.86460936854810611 -1.0082697581629654 -0.84953000479238572 -2.3164220174420387 -0.71953483742187896 -0.32248071396089778 -0.315332740785078 -2.4292940488900974 -0.48223212713259123 -0.18043110173624174 -0.23329065318073264 -1.0765766370537309 1.4662387378943122 -1.0696161973004619 0.40714536059099543 -0.036465168244569732 0.16241288290253397
decision_type=2 2 2 2 2 2 2 2 2 2 2 2 2 2 2 2 2 2 2 2 2 2 2 2 2 2 2 2 2 2
left_child=1 -1 3 -3 5 -5 7 9 -9 10 29 14 -13 17 19 -11 -17 20 -12 -10 24 22 -22 -23 -8 -24 -26 -19 -29 -2
right_child=6 2 -4 4 -6 -7 13 8 11 15 18 12 -14 -15 -16 16 -18 27 -20 -21 21 23 25 -25 26 -27 -28 28 -30 -31
leaf_value=0.099579097662466601 -0.13645674332254115 -2.362300695874473 0.082902875687853012 -0.14178597716401098 0.088751066247596058 0.10045823680653332 0.091850233822757907 0.10111589167074718 0.013434942692868213 -0.188209585602261 -0.11222622658309211 0.091736053116645871 -0.0013412852070795844 -0.10535722626496274 -0.12854688315820689 0.074838425924764779 -0.11632169714017866 0.059779608601021154 0.088688696409954415 -0.08501109850039916 -0.55752109620221579 0.099459238481071577 -0.11965001344642345 -0.12236220888999437 -0.42612204614227295 0.089107213493072338 -0.029322729654988562 0.046762924203856839 -0.12961356376917985 0.10306939512121921
leaf_weight=2.1709161878097802 5.1700763124372315 0.02635020576417435 1.6883921017870305 1.0073430012853348 0.66010447731241573 0.24581084609962944 2.4493708894588058 3.09724510856904 4.0026373783475719 0.34781956428560112 0.58288394305418467 4.4781226833147221 297.13903641392608 1.1989300038549107 2.2015759764908562 2.7937102464493373 0.54925752097187563 11.831688680656951 1.0348029588712959 2.5107391780475155 0.11775747220963273 1.647960315080127 2.2830460975528699 0.71858702894678916 0.11673905700445175 0.54222380275314197 0.84921299632696889 1.3145939886017006 0.97054278086579948 0.26249605271732424
leaf_count=66 675 1 39 42 39 28 100 233 79 70 43 194 14949 484 247 80 99 478 65 62 5 34 147 139 1 16 27 43 123 5
internal_value=-7.82865e-06 0.0404136 0.00501021 -0.0627939 -0.0311241 -0.0942689 -0.000680985 -0.00212723 -0.000374035 -0.0532865 -0.0924896 -0.00138695 4.0638e-05 0.0188206 -0.0507945 0.0216006 0.0434304 0.0253385 0.0162952 -0.0245135 -0.00735788 -0.0404036 -0.0987088 0.0321046 0.044016 -0.0795855 -0.0772775 0.0455465 -0.0281477 -0.124883
internal_weight=354.01 5.79892 3.628 1.93961 1.91326 1.25315 348.211 324.17 313.429 10.741 7.05026 310.332 301.617 24.0407 8.71495 3.69079 3.34297 22.8417 1.61769 6.51338 8.7249 5.30957 2.94303 2.36655 3.41532 2.82527 0.965952 14.1168 2.28514 5.43257
internal_count=18613 215 149 110 109 70 18398 16801 15764 1037 788 15531 15143 1597 388 249 179 1113 108 141 469 341 168 173 128 163 28 644 166 680
is_linear=0
shrinkage=0.1


Tree=95
num_leaves=31
num_cat=0
split_feature=7 6 5 4 2 5 3 4 4 4 3 3 5 2 4 3 6 7 2 7 6 1 5 2 0 6 0 1 3 2
split_gain=0.925036 1.09253 1.07547 1.24609 1.03635 1.28849 1.10168 0.93853 3.20998 3.38018 2.57642 2.17374 3.09753 2.94477 2.36228 2.3252 2.34385 2.10069 3.61198 3.09769 2.07989 3.22078 2.07014 2.0229 1.97544 2.71478 1.97304 1.9322 1.90512 5.94885
threshold=-1.4821352249473769 -0.16828487586387056 0.43283364663331797 -0.8333973172244189 0.22869771099896205 -1.0022738581670658 1.5374809172096071 -0.72751562511385715 -0.71350723708666453 -0.70238452214126446 -1.5109315081374206 -1.4625673056964033 -0.042318636051281416 0.27126117823420981 -0.80626104283087152 0.14338835102166256 -0.1337683384642063 -1.4506429737386981 0.14108638530786827 -1.0000000180025095e-35 -0.15693931941659742 -0.50211411983515475 -0.73201957249777783 -0.81898468079328213 -0.72677958388728692 -0.1337683384642063 0.61193049464686233 -0.56628467509495317 0.93977347116508991 1.0146785080891798
decision_type=2 2 2 2 2 2 2 2 2 2 2 2 2 2 2 2 2 2 2 2 2 2 2 2 2 2 2 2 2 2
left_child=1 -1 3 4 5 -3 -7 11 26 20 -11 23 14 -14 -13 -15 -17 24 22 -20 -10 -22 -19 -2 25 -16 27 -9 -12 -30
right_child=7 2 -4 -5 -6 6 -8 8 9 10 28 12 13 15 17 16 -18 18 19 -21 21 -23 -24 -25 -26 -27 -28 -29 29 -31
leaf_value=-0.10186293210875191 0.058513793030207623 -0.24455024196369518 -0.10293181125467817 0.10217266337409528 0.10199132103610109 0.10119303209243334 -0.20802079652161776 -0.0090595522676862467 -0.16546213035104343 -0.10919185276505326 0.0079260263216750539 -0.10040638247195036 -0.014915925389200372 -0.12206732736960862 -0.14239093471217804 -0.1123810533933014 0.068234462209713645 -0.10994480892690162 0.03352517751293662 -0.11323694799563731 0.10301235673544287 -0.072214166753747963 0.049001815697330836 -0.10531555586925241 -0.13108435634318472 0.098254105525846236 -0.090174235372622716 0.10840107950023221 -0.00019021255105892003 -0.096624005620257788
leaf_weight=0.48929626969038498 6.8157424547680421 0.30264057219028473 0.39834283455274988 3.2355621997267003 0.50570071116089821 0.39750299695879154 0.1622549295425415 1.8643818653363267 1.588069833233021 2.0542792890882984 193.38153499476539 5.6289748968338271 33.261466628486232 0.79162310239917033 0.80817302898503829 0.7733193657186338 10.133055033256822 0.91330827126512293 2.1362521920236759 4.4010195427108547 1.3017867337039204 5.4011577105120505 7.9692067742435011 0.8473927398736113 3.1903682884294566 1.1163406800478695 0.75756010099576077 5.6278637004143075 47.456907654534007 7.3935947125082739
leaf_count=59 176 2 11 112 13 17 1 80 57 599 10568 998 1443 95 11 48 351 85 170 216 38 129 185 172 68 13 47 88 2103 658
internal_value=3.09033e-05 0.0407519 0.0547025 0.0683422 -0.011667 -0.0783149 0.0115624 -0.000616095 0.00221555 0.000256424 0.00233737 -0.0102061 -0.0156584 0.000261574 -0.0430151 0.0434165 0.0554279 -0.027283 -0.00886184 -0.065278 -0.0625624 -0.0381832 0.0326588 0.0403975 -0.0828169 -0.00280147 0.0636213 0.079172 0.00326034 -0.013189
internal_weight=351.105 5.4913 5.002 4.60366 1.3681 0.862398 0.559758 345.613 266.827 258.577 250.286 78.7862 71.1231 44.9595 26.1636 11.698 10.9064 20.5347 15.4198 6.53727 8.29101 6.70294 8.88252 7.66314 5.11488 1.92451 8.24981 7.49225 248.232 54.8505
internal_count=18613 215 156 145 33 20 18 18398 14367 14152 13928 4031 3683 1937 1746 494 399 748 656 386 224 167 270 348 92 24 215 168 13329 2761
is_linear=0
shrinkage=0.1


Tree=96
num_leaves=31
num_cat=0
split_feature=7 6 5 4 2 5 3 0 2 2 4 4 6 0 8 8 3 2 3 3 5 8 5 4 1 4 1 3 4 5
split_gain=0.824666 0.974081 0.950087 1.06688 0.901329 1.00252 0.931184 0.824542 1.59028 1.07194 1.54294 0.939661 2.81787 2.27949 5.5648 4.23814 5.46645 4.05988 3.61938 3.25774 3.13431 4.49892 4.30032 2.74001 2.3474 2.11814 2.45305 2.55858 2.64948 1.99978
threshold=-1.4821352249473769 -0.16828487586387056 0.76637898719865816 -0.8333973172244189 0.22869771099896205 -1.0022738581670658 1.5374809172096071 4.177029144917026 1.006799290224849 1.2970570350590986 2.4055226074116747 -0.17564798024268161 -0.1283330506627246 0.16201501686347511 -0.37133351249373114 -1.4379675927874975 1.3007385896528281 1.2167060490605397 1.3537106529654157 1.2012865025887132 -1.0022738581670658 0.70096686624254934 0.70798203542871974 0.54567435094492711 2.3215106481594692 -0.26631772655653285 4.5812578980448722 -0.79690829590445911 -0.25999873901327819 -0.76924991483772265
decision_type=2 2 2 2 2 2 2 2 2 2 2 2 2 2 2 2 2 2 2 2 2 2 2 2 2 2 2 2 2 2
left_child=1 -1 3 4 5 -3 -7 9 -9 10 11 25 13 14 23 16 17 -15 -18 -16 24 -22 -23 29 -17 -2 27 -27 -29 -13
right_child=7 2 -4 -5 -6 6 -8 8 -10 -11 -12 12 -14 15 19 20 18 -19 -20 -21 21 22 -24 -25 -26 26 -28 28 -30 -31
leaf_value=-0.10103724099334546 -0.00087798774212478946 -0.21596122139450152 -0.12014669316317866 0.097844781316879501 0.10179857968179654 0.10107831158681134 -0.18773342184239017 -0.22033697503001159 0.069186916110633989 -0.062235928411080402 -0.13685490370716089 -0.11888868865283937 0.086873267958664208 -0.13322200283259747 -0.086953873052343755 -0.1382252685626261 0.085510633112634377 0.094916407977719414 -0.10695762494884548 0.063002947160523431 0.10525811022260156 -0.078077032626214626 0.1090419945789096 -0.10674567566093628 0.040804327936280214 0.033067597868905646 0.10117710267234292 -0.20261556430444944 -0.055971073140569406 0.08434216951231284
leaf_weight=0.44617170066339884 248.74014933858052 0.30805550515651703 0.29438072443008412 3.0387800934258844 0.45839918777346611 0.36006303178146415 0.1618027538061142 0.20283365063369219 2.9336976073682308 2.8388372126337336 0.82816127916521409 0.50230776099488039 4.4590743094449854 7.0295285146712541 4.8671593201015648 0.75960547314025362 3.29413706518244 0.87740179014508601 1.3890399939264169 2.0626806046566344 2.1225836724042901 9.4933657490037131 1.4106941887839646 0.86175643240858413 20.435636429232545 2.6625592193668117 1.1097228815779079 1.4426642533944658 8.4392972524656216 13.413181308380443
leaf_count=59 10604 2 4 119 13 17 1 3 88 598 537 51 89 627 2346 18 22 25 135 133 39 1060 56 219 657 140 49 47 433 422
internal_value=2.03723e-05 0.0400649 0.0536873 0.0655136 -0.0107465 -0.0729096 0.0115332 -0.00057269 0.0504639 -0.00104484 -0.000528152 -0.00019151 0.00984546 0.00483266 0.0316176 -0.00758773 -0.0571951 -0.107906 0.0284242 -0.0423189 0.0106626 -0.0279404 -0.0538688 0.0662904 0.0343882 -0.00298303 -0.0413307 -0.0539374 -0.0773797 0.0770061
internal_weight=347.244 5.06765 4.62148 4.3271 1.28832 0.829921 0.521866 342.176 3.13653 339.04 336.201 335.373 72.9782 68.5191 21.7071 46.812 12.5901 7.90693 4.68318 6.92984 34.2219 13.0266 10.9041 14.7772 21.1952 262.394 13.6542 12.5445 9.88196 13.9155
internal_count=18613 215 156 152 33 20 18 18398 91 18307 17709 17172 5899 5810 3171 2639 809 652 157 2479 1830 1155 1116 692 675 11273 669 620 480 473
is_linear=0
shrinkage=0.1


Tree=97
num_leaves=31
num_cat=0
split_feature=6 4 7 3 5 5 3 1 0 6 5 1 2 8 6 2 3 3 5 0 0 0 4 1 0 4 6 3 6 4
split_gain=0.799458 3.14589 3.09785 3.45847 3.04254 3.69275 3.43709 2.41585 2.72449 3.741 3.56983 3.3909 3.00784 3.43125 2.31582 2.19612 2.1427 1.85356 3.03407 2.52483 2.1769 1.87893 1.80992 1.72994 1.59508 3.75922 2.85376 3.12466 3.64114 2.98247
threshold=-0.17515170153154036 -0.46199487390717159 -0.52978138065229585 -0.071782784370741828 -0.52492990766607794 -1.0137510911755643 0.84421440435286144 -0.23724763311822328 -1.1108910411721331 -0.18649520262156657 2.2681504854438352 -0.54885513673366426 -0.76834694209109011 -0.37133351249373114 -0.18139067693469507 -1.9349147608219586 -0.75542153479908369 -0.48214325888471693 0.54290279501449257 -1.144934439927346 -1.1991995115458263 -1.1380592324678471 -0.095391731267486776 -0.51418510216730418 -1.0219064819371269 -0.64015204786505675 -0.17270027265010554 0.49281900010103746 -0.11897212049277783 -0.75335609894463229
decision_type=2 2 2 2 2 2 2 2 2 2 2 2 2 2 2 2 2 2 2 2 2 2 2 2 2 2 2 2 2 2
left_child=1 2 3 15 5 6 -3 8 9 17 11 -10 13 -13 23 16 -1 -6 21 20 -20 -19 -12 -4 25 26 -2 29 -29 -28
right_child=24 4 14 -5 7 -7 -8 -9 10 -11 22 12 -14 -15 -16 -17 -18 18 19 -21 -22 -23 -24 -25 -26 -27 27 28 -30 -31
leaf_value=-0.073761103797330543 -0.11710724873071246 0.021299786972859936 -0.18408494943765499 -0.14443248010634652 0.045205567415381655 -0.12118758536120383 -0.39774742042367367 0.071708750007542663 -0.12343694049609491 0.071480347599275684 0.086188326480491059 0.10463859218119381 -0.10191532799231993 -0.10961379043442268 -0.068856663917060176 -0.11136839831508344 0.07700523842511009 -0.15068933732125064 -0.13723426302033986 -0.22960033730324284 0.075761060294435648 0.086512020181507263 -0.050901021601546692 -0.62453762386239564 -0.00081323834992078981 0.090656006608271417 -0.0068616376414265372 -0.11889505271944392 0.069512125841407868 0.057990921105292872
leaf_weight=1.2013949193060396 1.7454906770872174 5.1069305263372371 1.5047421555645994 1.6005998161854202 3.4382699531779508 4.0894451051535707 0.20353424199856807 6.0393877180758926 4.7328112114519101 9.8519816356711001 3.2179516965115909 2.6854354959796187 2.2277229616993335 1.0357899406517388 4.213586635167303 1.0781606405071222 4.3769961753860107 2.6102356978954053 0.57470303204900197 0.38395374685933337 2.9070693636167562 0.38293707907723895 1.3743697301397322 0.094790330447721227 237.05566745304168 6.4422041297511887 13.707993339216044 3.3128466730413493 1.4857994310659695 14.690930206270425
leaf_count=43 73 155 77 46 161 1177 7 357 1557 353 66 58 1061 235 358 42 105 124 30 46 149 31 215 9 10525 301 561 152 116 423
internal_value=1.90719e-05 -0.00997284 -0.051822 -0.0124518 0.00160404 -0.0497631 0.00523896 0.0132494 0.00328252 0.0274286 -0.0285704 -0.0602691 -0.0100145 0.0450022 -0.107745 0.0192836 0.0445353 -0.0147185 -0.0447577 0.0137666 0.0406039 -0.120343 0.0451608 -0.210187 0.0023492 0.0204637 0.00752286 0.0140758 -0.0605587 0.026687
internal_weight=343.374 64.9328 14.0703 8.25715 50.8625 9.39991 5.31046 41.4626 35.4232 20.1492 15.2741 10.6818 5.94895 3.72123 5.81312 6.65655 5.57839 10.2972 6.8589 3.86573 3.48177 2.99317 4.59232 1.59953 278.441 41.3853 34.9431 33.1976 4.79865 28.3989
internal_count=18613 6462 680 236 5782 1339 162 4443 4086 894 3192 2911 1354 293 444 190 148 541 380 225 179 155 281 86 12151 1626 1325 1252 268 984
is_linear=0
shrinkage=0.1


Tree=98
num_leaves=31
num_cat=0
split_feature=2 5 0 6 4 5 5 3 4 1 4 0 6 7 5 3 6 2 3 4 2 1 5 0 3 5 2 4 5 2
split_gain=0.798232 0.924354 1.69537 0.865916 3.16256 2.70136 3.3908 3.27193 1.99161 2.49397 2.06396 3.01483 3.69062 2.32553 5.01239 1.98185 3.0267 2.82697 2.18038 2.37269 1.97996 2.26251 2.27421 1.85775 1.74936 1.74256 1.58145 1.83 1.55651 3.57267
threshold=-4.1874568006805015 0.30157874968163689 -1.1991995115458263 -0.17515170153154036 -0.44841425251066674 -0.52492990766607794 -1.0137510911755643 0.84421440435286144 0.6433017207680366 -0.23724763311822328 -0.32951460455304088 -1.1106427889202162 -0.18314654212061382 -1.3241707940699423 3.3636259917980467 -0.071782784370741828 -0.1837504902229006 -1.3174081295837994 -0.77069205416916653 -0.60234349817966215 -0.20486509216042442 -0.5017368998571976 0.54290279501449257 -1.0287102571191395 0.065384507434161701 -0.19678038620951419 -1.5313107929697851 -0.6228668300844199 0.32973415272385748 -2.2061084291512616
decision_type=2 2 2 2 2 2 2 2 2 2 2 2 2 2 2 2 2 2 2 2 2 2 2 2 2 2 2 2 2 2
left_child=1 -1 -3 4 15 6 7 -6 9 10 11 25 -13 14 -12 18 17 -17 -2 -20 21 22 -15 -14 -18 -7 27 -26 29 -5
right_child=3 2 -4 28 5 8 -8 -9 -10 -11 13 12 23 20 -16 16 24 -19 19 -21 -22 -23 -24 -25 26 -27 -28 -29 -30 -31
leaf_value=0.10086873263953662 -0.11468410128048792 -0.34931350258199273 0.026475342689112082 -0.059354811849449518 0.019402816182136653 -0.15748237596070377 -0.1201472427952569 -0.42098268742799089 -0.1015979944662968 0.080725851831221704 -0.11323140550293374 -0.31472253915843446 0.081329751875756459 -0.11500772240488739 0.065264015891996943 -0.6913458165253441 -0.16773311163429794 -0.10989467748784687 -0.20229323592274739 0.019776512460912804 -0.089188303820262299 0.071825090215670503 0.028937344672311873 -0.11007410672691194 -0.29291795222195638 0.089490746252773729 -0.11825496809862711 0.038186207505114741 0.015896133128856942 0.00079891930597656444
leaf_weight=1.6739664894994342 1.9938654089382906 0.1328064203262328 1.2503086538054047 10.375037802761652 5.0488040083073429 0.29833324835635711 3.7294415536634897 0.17454157129395742 1.4304135829097493 5.4782886974571801 4.9380921709998793 0.43062602603458833 1.2934714259463367 1.6646345397457478 2.3087782870279625 0.16070795804262161 1.5813878168410154 0.17431304955971327 0.51890038260898919 6.6098931255692142 1.5917353055592727 5.9232518219941959 3.222072087082779 0.83408257096379546 0.18160793930292163 6.7384634994377848 1.617927413666622 2.0646766186691812 61.848662690903438 204.21706685023673
leaf_count=163 137 1 58 309 155 9 1175 7 1685 118 640 15 40 213 28 2 40 17 19 178 706 220 247 117 2 217 213 82 2956 8844
internal_value=1.75898e-05 0.0508858 -0.00960782 -0.000444615 -0.0113333 0.00186273 -0.0473149 0.00468704 0.0140411 0.0188051 0.00720523 0.0452223 -0.0477452 -0.0113596 -0.0563646 -0.0512711 -0.097082 -0.388814 -0.0222429 0.0036122 0.0149388 0.0302712 -0.0200969 0.00629212 -0.0791342 0.07902 -0.042876 0.0114171 0.00191903 -0.00210938
internal_weight=339.506 3.05708 1.38312 336.449 60.0083 45.105 8.95279 5.22335 36.1522 34.7218 29.2435 9.59498 2.55818 19.6486 7.24687 14.9033 5.78062 0.335021 9.12266 7.12879 12.4017 10.81 4.88671 2.12755 5.4456 7.0368 3.86421 2.24628 276.441 214.592
internal_count=18613 222 59 18391 6282 5592 1337 162 4255 2570 2452 398 172 2054 668 690 356 19 334 197 1386 680 460 157 337 226 297 84 12109 9153
is_linear=0
shrinkage=0.1


Tree=99
num_leaves=31
num_cat=0
split_feature=7 5 4 3 1 6 2 2 2 1 1 5 3 0 6 6 5 3 7 4 1 3 3 2 4 6 2 6 2 6
split_gain=0.79844 0.866475 0.837378 2.27864 2.18914 1.93292 3.84754 1.85466 2.84035 2.1808 1.69203 1.43114 2.81229 1.31487 1.26588 1.10455 4.14477 2.51984 3.35005 2.99393 2.68659 2.22526 1.97641 4.39151 3.37563 2.02422 1.92457 6.25172 2.46911 6.44459
threshold=-1.4821352249473769 0.38873499700877301 -0.81552515548688131 1.5144681615884179 -0.50225133925713228 -0.082602346648052757 -0.3594819104776506 -2.2061084291512616 -0.39342307877082239 -0.60664499023768459 -0.6722538904462364 0.2855369361695354 -0.024483297331186014 -1.0423461308568955 -0.12273835727354586 0.036435180034842952 -0.62798292244711229 1.3537106529654157 -0.52978138065229585 -0.17564798024268161 -0.59884867738302272 1.3243046657067017 1.138420397063284 0.98994056037721689 -0.29670395696576263 -0.13553176830045438 0.97222485409297643 -0.10690831771003854 -0.39342307877082239 -0.12551513016946431
decision_type=2 2 2 2 2 2 2 2 2 2 2 2 2 2 2 2 2 2 2 2 2 2 2 2 2 2 2 2 2 2
left_child=1 -1 3 4 5 6 10 9 13 -7 14 12 -12 -9 -2 17 -17 21 19 20 -19 22 26 24 -24 -26 28 -28 -4 -30
right_child=2 -3 15 -5 -6 7 -8 8 -10 -11 11 -13 -14 -15 -16 16 -18 18 -20 -21 -22 -23 23 -25 25 -27 27 -29 29 -31
leaf_value=0.056526941472782456 -0.15861148758747531 -0.083536108123320851 0.0089595916899301749 0.082988729172814205 -0.10384156619942585 0.028068419858065682 0.062992132993330466 -0.10274968646998049 -0.11442116033111366 -0.13927025060257764 -0.13992616087397675 -0.16017662977361691 0.10140495943469362 0.082081293539780956 0.049818927766828502 -0.092196531466019693 0.066275738967119011 0.017356515974040237 -0.10000887949435962 0.047519415198643222 -0.13812163804152155 0.077372487094978099 -0.083644887827292125 -0.13333298363926988 -0.0041258443654757148 0.093350620594316813 0.030443370001690586 -0.11395714786406862 -0.042220873761144521 0.0098146141930160555
leaf_weight=4.0970371602306832 0.37936873314902175 0.49505029615829688 113.7533373973456 2.0321127842107662 3.2239327439201579 1.6964993940782735 2.3015293257631182 0.41321364878968392 0.97666365607073213 1.4397027082741312 1.3263494841230565 2.9655147378798574 0.75930926576256785 5.6146381893340731 1.2564563357154837 2.081436725675303 7.9700111463389458 2.1246142080053687 5.7546198653653837 5.2429909277125244 2.3304058141075075 3.8541717334883279 4.2173112019663686 3.4020711038065192 8.0583326778432802 2.8960031415335843 45.744301511760568 3.2085055935094706 42.043141482427011 54.855083142014344
leaf_count=182 5 33 5267 161 1013 100 121 37 272 36 25 48 27 332 41 219 210 58 985 100 50 55 196 229 321 31 1694 171 5056 1538
internal_value=1.48315e-05 0.0414274 -0.000558106 -0.0183953 -0.0276121 -0.0147648 -0.0485283 0.0151625 0.0437786 -0.04875 -0.0869114 -0.115537 -0.0520667 0.069411 0.00148125 0.00085625 0.0334596 -0.000245354 -0.0395643 -0.00369764 -0.0639736 0.00190894 0.000863392 -0.0306491 -0.00762345 0.0216441 0.003118 0.020979 -0.00103267 -0.012763
internal_weight=336.514 4.59209 331.922 24.3853 22.3532 19.1292 8.98853 10.1407 7.00452 3.1362 6.687 5.05117 2.08566 6.02785 1.63583 307.536 10.0514 297.485 15.4526 9.69801 4.45502 282.032 278.178 18.5737 15.1716 10.9543 259.604 48.9528 210.652 96.8982
internal_count=18613 215 18398 2218 2057 1044 267 777 641 136 146 100 52 369 46 16180 429 15751 1193 208 108 14558 14503 777 548 352 13726 1865 11861 6594
is_linear=0
shrinkage=0.1


end of trees

feature_importances:
Slope_deg=506
NDVI=492
Rainfall_mm=388
Elevation_m=341
elevation_to_river=340
Dist_River_m=329
LC_codes=254
topographic_wet_index=210
PS_codes=140

parameters:
[boosting: gbdt]
[objective: binary]
[metric: binary_logloss]
[tree_learner: serial]
[device_type: cpu]
[data_sample_strategy: bagging]
[data: ]
[valid: ]
[num_iterations: 100]
[learning_rate: 0.1]
[num_leaves: 31]
[num_threads: 12]
[seed: 42]
[deterministic: 0]
[force_col_wise: 0]
[force_row_wise: 0]
[histogram_pool_size: -1]
[max_depth: -1]
[min_data_in_leaf: 5]
[min_sum_hessian_in_leaf: 0.001]
[bagging_fraction: 1]
[pos_bagging_fraction: 1]
[neg_bagging_fraction: 1]
[bagging_freq: 0]
[bagging_seed: 400]
[bagging_by_query: 0]
[feature_fraction: 1]
[feature_fraction_bynode: 1]
[feature_fraction_seed: 30056]
[extra_trees: 0]
[extra_seed: 12879]
[early_stopping_round: 0]
[early_stopping_min_delta: 0]
[first_metric_only: 0]
[max_delta_step: 0]
[lambda_l1: 0]
[lambda_l2: 0]
[linear_lambda: 0]
[min_gain_to_split: 0]
[drop_rate: 0.1]
[max_drop: 50]
[skip_drop: 0.5]
[xgboost_dart_mode: 0]
[uniform_drop: 0]
[drop_seed: 17869]
[top_rate: 0.2]
[other_rate: 0.1]
[min_data_per_group: 100]
[max_cat_threshold: 32]
[cat_l2: 10]
[cat_smooth: 10]
[max_cat_to_onehot: 4]
[top_k: 20]
[monotone_constraints: ]
[monotone_constraints_method: basic]
[monotone_penalty: 0]
[feature_contri: ]
[forcedsplits_filename: ]
[refit_decay_rate: 0.9]
[cegb_tradeoff: 1]
[cegb_penalty_split: 0]
[cegb_penalty_feature_lazy: ]
[cegb_penalty_feature_coupled: ]
[path_smooth: 0]
[interaction_constraints: ]
[verbosity: 1]
[saved_feature_importance_type: 0]
[use_quantized_grad: 0]
[num_grad_quant_bins: 4]
[quant_train_renew_leaf: 0]
[stochastic_rounding: 1]
[linear_tree: 0]
[max_bin: 255]
[max_bin_by_feature: ]
[min_data_in_bin: 3]
[bin_construct_sample_cnt: 200000]
[data_random_seed: 175]
[is_enable_sparse: 1]
[enable_bundle: 1]
[use_missing: 1]
[zero_as_missing: 0]
[feature_pre_filter: 1]
[pre_partition: 0]
[two_round: 0]
[header: 0]
[label_column: ]
[weight_column: ]
[group_column: ]
[ignore_column: ]
[categorical_feature: ]
[forcedbins_filename: ]
[precise_float_parser: 0]
[parser_config_file: ]
[objective_seed: 16083]
[num_class: 1]
[is_unbalance: 0]
[scale_pos_weight: 1]
[sigmoid: 1]
[boost_from_average: 1]
[reg_sqrt: 0]
[alpha: 0.9]
[fair_c: 1]
[poisson_max_delta_step: 0.7]
[tweedie_variance_power: 1.5]
[lambdarank_truncation_level: 30]
[lambdarank_norm: 1]
[label_gain: ]
[lambdarank_position_bias_regularization: 0]
[eval_at: ]
[multi_error_top_k: 1]
[auc_mu_weights: ]
[num_machines: 1]
[local_listen_port: 12400]
[time_out: 120]
[machine_list_filename: ]
[machines: ]
[gpu_platform_id: -1]
[gpu_device_id: -1]
[gpu_use_dp: 0]
[num_gpu: 1]

end of parameters

pandas_categorical:[]
